Age,Discount_Rate,Room_Rate,Lead_Time,Length_of_Stay,Total_Guests,Checkin_Month,Is_Weekend,Gender_m,Ethnicity_asian american,Ethnicity_caucasian,Ethnicity_latino,Educational_Level_grad,Educational_Level_high-school,Educational_Level_mid-school,Income_50k -- 100k,Income_<25k,Income_>100k,Country_region_north,Country_region_south,Country_region_west,Hotel_Type_city hotel,Hotel_Type_resort,Meal_Type_fb,Meal_Type_hb,Visted_Previously_yes,Previous_Cancellations_yes,Deposit_type_non-refundable,Deposit_type_refundable,Booking_channel_direct,Booking_channel_online,Required_Car_Parking_yes,Use_Promotion_yes,Predicted_Status
52,10,153,21,1,6,11,0,False,False,False,True,True,False,False,False,False,False,False,True,False,True,False,False,True,False,False,False,False,True,False,True,True,Check-in
47,0,210,104,1,3,11,0,False,False,False,True,True,False,False,False,False,False,False,False,False,False,False,True,False,False,False,False,False,False,True,False,False,No-show
28,5,117,20,3,4,4,0,False,True,False,False,True,False,False,False,True,False,False,False,False,True,False,False,False,False,False,False,False,False,False,False,True,No-show
65,10,107,182,2,4,11,0,False,False,True,False,False,True,False,False,False,False,False,True,False,False,False,True,False,False,False,False,False,False,True,True,True,Cancel
45,0,119,18,2,4,11,0,True,False,False,False,False,False,False,False,False,False,False,True,False,True,False,False,False,False,False,False,True,False,False,False,False,Check-in
65,5,195,113,1,4,11,0,True,False,False,True,False,True,False,False,False,True,False,True,False,True,False,False,False,False,False,False,False,True,False,True,True,Check-in
26,5,114,124,2,6,11,0,False,True,False,False,False,True,False,False,False,False,False,False,False,False,True,False,False,False,False,False,False,False,False,True,True,No-show
45,10,165,109,2,5,11,0,True,False,False,False,False,True,False,False,True,False,False,True,False,False,False,True,False,False,False,False,False,False,True,False,True,No-show
27,30,173,161,1,2,11,0,False,False,False,True,False,True,False,True,False,False,False,True,False,True,False,True,False,False,False,True,False,True,False,False,True,No-show
40,0,129,217,4,5,11,0,True,False,True,False,False,False,False,True,False,False,False,False,True,False,True,True,False,False,False,False,False,False,False,False,False,No-show
27,0,220,177,1,4,11,0,True,False,True,False,False,False,False,False,False,True,False,True,False,False,False,False,False,False,False,False,True,True,False,True,False,Check-in
44,0,250,162,3,5,11,0,True,False,False,True,False,False,True,False,True,False,False,True,False,True,False,False,True,False,False,False,True,False,True,True,False,No-show
48,10,128,110,1,4,11,0,False,False,False,True,False,False,True,True,False,False,False,True,False,False,True,False,False,False,False,False,False,False,True,True,True,Check-in
49,20,106,208,1,4,11,0,True,False,False,True,False,False,True,False,False,False,False,True,False,True,False,True,False,False,False,False,False,False,True,True,True,No-show
57,5,232,218,3,2,11,0,False,False,True,False,False,False,True,True,False,False,False,True,False,False,True,True,False,False,False,False,True,True,False,True,True,Check-in
57,0,164,1,1,5,11,1,False,True,False,False,False,False,False,True,False,False,True,False,False,False,True,False,True,False,False,False,False,False,True,False,False,Check-in
61,10,180,94,3,4,11,0,True,False,False,False,False,False,False,True,False,False,False,True,False,False,False,False,False,True,False,False,True,False,False,True,True,Check-in
29,10,220,122,1,4,11,0,True,False,False,True,False,False,False,False,False,False,False,True,False,False,True,False,False,True,False,False,True,False,True,True,True,Check-in
39,20,153,141,1,5,11,0,True,False,False,True,False,False,True,True,False,False,True,False,False,False,False,False,True,True,True,False,True,False,True,False,True,Check-in
55,20,173,45,1,6,11,0,True,False,False,True,False,False,False,True,False,False,True,False,False,False,False,False,True,False,False,False,False,False,True,True,True,Check-in
33,10,143,101,3,5,11,0,False,False,True,False,False,True,False,True,False,False,True,False,False,False,True,False,False,False,False,False,False,False,False,False,True,Check-in
18,0,112,218,1,3,11,0,False,False,True,False,True,False,False,False,False,True,False,True,False,False,False,True,False,False,False,False,True,True,False,True,False,Cancel
25,0,156,214,3,4,11,0,False,False,True,False,False,False,False,False,False,False,False,True,False,True,False,False,True,True,False,True,False,False,True,True,False,Cancel
50,0,248,176,2,7,11,0,True,False,False,False,True,False,False,True,False,False,False,False,False,False,True,False,False,False,False,False,False,False,True,False,False,Check-in
19,5,157,37,2,5,11,0,False,True,False,False,False,False,False,True,False,False,False,True,False,True,False,False,False,True,False,False,False,False,True,False,True,No-show
31,10,143,127,1,2,11,1,False,True,False,False,False,True,False,True,False,False,True,False,False,True,False,False,True,False,False,False,False,False,True,True,True,Check-in
65,10,214,143,1,3,11,1,True,False,True,False,True,False,False,False,False,True,False,True,False,False,True,False,True,False,False,False,False,True,False,True,True,Check-in
60,10,239,219,1,4,11,1,False,True,False,False,False,False,False,False,False,True,False,True,False,True,False,False,True,False,False,False,False,False,True,True,True,Check-in
66,40,230,8,1,7,11,1,False,False,False,True,False,False,True,True,False,False,False,True,False,False,False,False,True,False,False,False,False,False,True,True,True,Check-in
59,0,190,111,1,4,11,1,True,False,True,False,False,False,False,False,False,False,False,True,False,True,False,False,False,False,False,False,False,False,True,True,False,Cancel
21,25,196,144,2,4,11,1,False,False,False,False,False,False,False,False,True,False,False,False,True,True,False,False,True,False,False,False,False,False,True,False,True,No-show
68,5,209,212,1,6,11,0,True,False,True,False,False,False,False,True,False,False,False,True,False,False,False,False,False,False,False,False,False,False,True,False,True,Check-in
29,5,188,97,2,2,11,1,True,False,True,False,False,False,False,False,False,True,False,True,False,False,True,True,False,False,False,False,True,False,True,True,True,Cancel
67,10,205,80,1,3,11,1,False,False,False,False,False,False,False,False,False,True,False,False,True,True,False,True,False,False,False,False,False,True,False,True,True,No-show
43,5,150,29,1,3,11,1,True,False,False,False,False,False,True,False,True,False,False,True,False,True,False,True,False,False,False,False,True,True,False,True,True,Check-in
27,5,226,3,3,4,11,1,False,True,False,False,False,False,False,True,False,False,False,True,False,True,False,False,True,True,True,False,True,False,True,False,True,No-show
45,10,191,203,1,4,11,1,False,False,True,False,False,True,False,False,True,False,False,True,False,False,True,False,True,False,False,False,False,True,False,True,True,No-show
38,20,248,3,1,4,11,1,True,False,True,False,True,False,False,False,False,False,False,False,True,False,True,False,False,False,False,True,False,False,True,True,True,Check-in
18,5,154,201,1,3,11,1,False,False,False,True,False,False,True,False,True,False,False,False,False,True,False,False,False,False,False,False,True,False,True,True,True,No-show
26,25,232,149,1,4,2,1,False,False,True,False,False,True,False,True,False,False,False,True,False,False,True,False,False,False,False,False,True,False,True,False,True,Check-in
50,5,248,139,1,3,3,1,True,True,False,False,False,False,False,False,False,True,False,False,True,True,False,False,True,False,False,False,False,False,True,True,True,Cancel
20,10,107,34,1,2,11,1,False,False,False,False,False,False,False,True,False,False,True,False,False,False,False,True,False,False,False,False,False,False,False,True,True,No-show
42,25,186,21,3,3,11,1,True,False,False,True,False,False,False,False,True,False,False,True,False,True,False,False,True,True,False,False,True,False,True,True,True,Cancel
39,30,138,55,2,3,11,1,False,True,False,False,False,False,True,False,False,True,False,True,False,True,False,True,False,True,False,False,False,True,False,True,True,Cancel
69,20,132,210,2,3,11,1,True,False,True,False,False,False,True,False,True,False,False,False,True,False,False,False,False,False,False,False,False,False,True,True,True,Check-in
33,5,225,131,3,6,11,1,True,True,False,False,True,False,False,True,False,False,True,False,False,False,True,True,False,True,False,False,True,True,False,False,True,Cancel
57,15,104,144,1,6,11,1,True,False,True,False,False,True,False,False,False,True,False,True,False,False,False,True,False,False,False,False,True,True,False,True,True,Cancel
62,0,138,196,1,5,11,1,True,False,False,False,False,False,False,False,False,True,False,True,False,True,False,True,False,False,False,False,True,False,False,True,False,Check-in
69,10,238,126,1,4,11,1,True,False,False,True,False,False,False,True,False,False,False,True,False,True,False,False,False,True,False,True,False,False,True,True,True,Check-in
51,5,110,52,1,5,11,1,True,False,True,False,False,True,False,False,False,False,False,False,False,False,False,False,False,False,False,True,False,False,True,True,True,Check-in
54,10,140,19,1,2,4,1,True,True,False,False,False,False,False,False,True,False,True,False,False,False,False,False,False,False,False,False,False,False,True,False,True,No-show
59,15,169,61,1,3,4,1,True,False,False,True,False,False,False,True,False,False,False,False,True,True,False,False,False,False,False,False,False,False,False,True,True,Check-in
57,40,228,204,3,3,11,1,False,False,False,False,True,False,False,False,False,False,False,False,False,True,False,False,False,True,False,False,False,False,True,True,True,No-show
34,10,133,205,4,4,11,1,False,False,True,False,False,False,False,False,False,False,False,True,False,False,False,False,True,True,False,True,False,False,True,False,True,No-show
34,5,178,173,4,2,11,1,True,False,True,False,False,False,False,True,False,False,False,True,False,False,True,False,True,True,False,False,False,False,True,True,True,No-show
48,5,115,31,2,3,11,1,True,False,False,True,False,False,False,True,False,False,False,True,False,False,False,False,False,False,False,False,True,True,False,False,True,Check-in
28,10,248,18,2,4,11,1,True,True,False,False,False,False,False,False,False,True,False,True,False,False,False,True,False,False,False,False,True,True,False,True,True,Cancel
35,10,215,99,3,3,11,1,True,False,False,False,False,False,False,False,True,False,False,True,False,False,True,True,False,True,False,False,False,False,True,False,True,Cancel
35,0,183,16,1,6,11,1,False,True,False,False,False,True,False,False,True,False,False,True,False,True,False,True,False,False,False,False,True,False,True,False,False,Cancel
19,15,227,54,1,7,11,1,False,False,True,False,True,False,False,True,False,False,False,True,False,True,False,True,False,False,False,False,True,False,True,True,True,No-show
47,0,153,27,2,7,11,1,True,False,False,False,False,True,False,True,False,False,True,False,False,True,False,False,True,False,False,True,False,False,True,True,False,No-show
52,20,145,8,2,5,11,1,False,True,False,False,False,True,False,True,False,False,False,False,False,True,False,True,False,False,False,False,True,True,False,False,True,Cancel
62,0,181,191,1,4,11,1,False,True,False,False,False,False,False,False,True,False,False,False,True,True,False,False,False,False,False,True,False,True,False,False,False,Cancel
59,5,240,56,2,5,11,1,True,True,False,False,False,True,False,False,True,False,False,True,False,False,False,True,False,False,False,False,False,False,True,True,True,No-show
37,40,245,219,1,3,11,1,True,True,False,False,False,False,True,False,False,True,True,False,False,False,False,True,False,False,False,False,False,False,True,False,True,Check-in
20,10,167,191,2,7,11,1,False,True,False,False,False,True,False,False,True,False,False,True,False,False,True,True,False,False,False,False,False,False,True,False,True,No-show
63,5,220,147,1,3,11,1,True,True,False,False,False,False,True,False,True,False,False,True,False,False,True,True,False,False,False,False,False,False,False,False,True,Cancel
55,30,220,70,1,4,11,1,False,False,False,False,False,True,False,False,True,False,False,True,False,False,True,False,True,False,False,False,False,False,True,True,True,No-show
32,15,211,78,1,5,11,1,False,False,True,False,True,False,False,False,False,False,False,True,False,False,False,False,False,False,False,False,True,True,False,True,True,Check-in
24,15,191,158,1,5,11,1,True,False,False,False,False,True,False,False,False,False,False,False,False,False,True,True,False,False,False,False,False,False,True,True,True,No-show
58,0,134,205,1,3,11,1,False,True,False,False,False,True,False,False,False,True,False,True,False,False,True,False,True,False,False,False,False,False,True,True,False,Check-in
52,25,175,196,1,3,11,1,False,True,False,False,False,False,False,False,True,False,True,False,False,True,False,True,False,False,False,False,False,False,True,True,True,Cancel
41,0,175,37,1,5,11,1,False,False,True,False,False,False,False,False,True,False,False,False,True,True,False,False,True,False,False,False,False,False,True,True,False,Cancel
46,20,149,215,2,6,11,1,False,False,False,False,False,False,False,False,False,False,False,False,False,False,True,False,False,False,False,False,False,False,True,False,True,Cancel
58,5,103,153,1,4,11,1,False,False,False,False,False,False,True,False,True,False,False,True,False,False,False,True,False,False,False,False,False,True,False,False,True,No-show
39,10,155,205,1,5,11,1,True,False,True,False,False,True,False,False,False,False,False,False,True,False,True,True,False,False,False,True,False,False,False,True,True,Cancel
34,30,137,89,3,3,11,1,False,False,True,False,False,True,False,False,False,False,True,False,False,False,True,False,True,False,False,False,False,False,False,False,True,No-show
59,5,160,37,2,6,11,1,False,False,True,False,False,True,False,False,False,True,False,True,False,False,False,False,False,False,False,False,True,True,False,True,True,Cancel
54,15,147,77,1,7,11,1,True,False,False,True,False,True,False,True,False,False,False,True,False,False,True,False,True,True,False,False,False,True,False,True,True,No-show
68,0,113,11,3,5,11,1,True,False,False,False,False,True,False,False,False,False,False,False,True,False,False,False,False,False,False,False,False,True,False,True,False,Check-in
64,5,200,184,1,5,11,1,False,False,False,True,True,False,False,True,False,False,False,False,False,True,False,False,True,False,False,False,False,False,False,True,True,Cancel
61,15,157,68,3,4,11,1,False,False,True,False,False,False,False,False,True,False,False,True,False,False,True,False,True,False,False,False,False,False,True,False,True,Check-in
59,40,120,184,3,2,11,1,True,False,False,False,False,False,False,False,False,True,False,True,False,False,False,True,False,False,False,False,True,False,True,False,True,Cancel
30,0,185,52,1,5,11,1,False,False,False,True,False,True,False,False,True,False,False,True,False,True,False,True,False,False,False,False,False,False,False,True,False,Cancel
31,25,183,131,1,4,11,1,False,False,False,False,False,False,False,False,True,False,True,False,False,False,False,True,False,False,False,False,True,False,True,True,True,No-show
34,0,250,145,1,4,11,1,False,True,False,False,False,False,False,False,False,True,False,True,False,False,True,True,False,True,True,False,False,True,False,True,False,No-show
54,0,183,4,1,5,11,1,True,False,False,True,False,False,True,True,False,False,False,False,True,True,False,False,False,True,True,False,False,False,True,True,False,Check-in
30,5,152,171,2,5,11,1,True,False,True,False,False,False,True,False,False,False,False,True,False,False,False,True,False,False,False,False,False,True,False,True,True,No-show
61,20,250,31,1,2,11,1,True,False,True,False,False,False,True,True,False,False,False,False,True,False,False,True,False,True,False,False,True,False,True,False,True,Cancel
55,5,110,97,1,3,11,1,True,False,True,False,False,True,False,False,True,False,False,True,False,False,False,False,True,True,False,True,False,False,True,False,True,Cancel
32,5,101,52,1,4,11,1,True,True,False,False,False,False,False,True,False,False,True,False,False,False,False,True,False,False,False,False,False,True,False,False,True,Cancel
33,5,197,125,1,5,11,1,False,False,True,False,False,False,False,True,False,False,True,False,False,False,True,False,True,False,False,False,False,False,True,False,True,Check-in
32,10,143,4,3,3,11,1,False,False,True,False,False,True,False,False,False,True,True,False,False,False,True,False,False,True,False,False,False,True,False,True,True,Cancel
43,20,241,66,1,4,11,1,True,False,True,False,False,False,True,False,True,False,False,True,False,False,False,False,True,False,False,True,False,False,True,True,True,Cancel
58,5,151,173,3,4,11,1,False,False,True,False,False,True,False,False,False,False,False,False,True,False,True,True,False,False,False,False,False,False,False,False,True,Cancel
32,5,208,22,1,3,11,1,False,False,True,False,True,False,False,False,False,False,False,True,False,True,False,True,False,True,False,True,False,False,True,False,True,No-show
35,0,186,12,3,2,11,1,True,True,False,False,True,False,False,False,False,False,False,True,False,True,False,False,False,False,False,False,True,False,True,True,False,Check-in
25,10,218,206,2,2,11,0,True,True,False,False,True,False,False,False,False,False,True,False,False,True,False,False,False,False,False,True,False,False,True,True,True,No-show
18,10,168,176,1,5,11,1,False,False,False,True,False,True,False,False,False,True,False,False,True,False,False,False,False,False,False,False,True,False,True,True,True,Check-in
55,0,157,182,1,8,11,1,True,False,True,False,False,False,True,False,False,False,True,False,False,False,False,True,False,True,True,False,False,True,False,False,False,Check-in
22,0,240,63,2,4,11,1,True,True,False,False,False,False,False,False,False,False,False,True,False,False,True,False,False,False,False,True,False,False,False,True,False,Check-in
47,10,134,149,1,3,11,1,True,False,False,False,False,True,False,False,True,False,False,False,False,True,False,False,False,True,False,False,False,False,True,True,True,Check-in
49,25,137,40,1,5,11,1,True,False,False,True,False,False,False,False,False,True,True,False,False,False,False,False,False,False,False,False,False,False,True,False,True,Cancel
25,5,246,11,3,5,11,1,False,True,False,False,False,False,False,False,True,False,False,True,False,False,True,True,False,False,False,False,False,False,True,False,True,Cancel
67,0,143,82,3,5,11,1,False,False,False,True,False,False,True,False,False,False,False,True,False,True,False,True,False,True,False,False,False,True,False,True,False,Cancel
63,30,124,155,3,4,11,1,True,True,False,False,False,False,False,False,False,True,True,False,False,False,False,False,True,False,False,False,True,True,False,True,True,Cancel
38,5,228,198,2,5,11,1,True,True,False,False,True,False,False,True,False,False,False,True,False,False,True,False,False,True,False,False,True,False,True,False,True,No-show
67,40,158,112,2,6,11,1,False,False,False,False,False,False,True,True,False,False,False,False,True,True,False,True,False,False,False,False,True,False,True,True,True,Cancel
23,20,170,110,1,3,11,1,False,False,False,True,True,False,False,False,True,False,True,False,False,False,False,False,True,False,False,False,False,False,True,True,True,Cancel
69,10,201,36,2,5,11,1,False,True,False,False,False,False,False,False,True,False,True,False,False,False,True,False,True,True,True,False,False,False,True,True,True,Cancel
33,20,194,203,3,4,11,1,False,False,False,True,False,False,False,False,False,False,False,False,False,True,False,False,True,False,False,False,False,True,False,False,True,No-show
58,10,223,34,2,4,11,1,True,False,False,True,False,False,False,False,True,False,False,True,False,False,True,False,False,True,True,False,False,False,True,True,True,Check-in
24,15,217,110,1,6,11,1,True,False,False,True,False,False,False,True,False,False,True,False,False,False,False,True,False,False,False,False,True,False,True,False,True,Cancel
21,10,144,166,2,3,11,1,False,False,False,False,True,False,False,True,False,False,False,False,False,False,True,True,False,True,False,True,False,False,True,True,True,Cancel
39,10,138,193,2,3,11,1,False,False,False,False,False,True,False,True,False,False,False,True,False,False,True,False,False,True,True,False,False,False,False,True,True,Check-in
67,40,179,63,1,3,11,1,False,False,False,False,False,False,True,False,False,True,False,True,False,True,False,False,True,False,False,False,False,True,False,False,True,Check-in
38,25,217,176,2,2,11,1,True,True,False,False,True,False,False,False,False,False,False,False,False,False,False,True,False,False,False,False,True,True,False,True,True,Cancel
27,10,204,138,1,4,11,1,False,False,False,True,False,False,False,True,False,False,True,False,False,False,True,False,False,False,False,False,False,True,False,False,True,No-show
48,40,179,38,1,2,11,1,True,False,True,False,False,False,False,False,True,False,False,True,False,False,False,False,False,False,False,False,True,False,True,True,True,Check-in
61,20,176,81,4,4,11,1,True,True,False,False,False,False,False,True,False,False,False,False,True,True,False,True,False,True,False,False,False,True,False,True,True,Cancel
34,25,157,143,1,5,2,0,False,False,True,False,False,True,False,False,False,False,False,True,False,False,True,False,True,False,False,False,True,False,False,False,True,Check-in
24,0,146,142,1,2,11,1,True,False,True,False,False,False,False,False,False,False,False,True,False,False,False,False,False,True,False,False,False,False,False,True,False,Check-in
19,30,138,99,1,4,2,0,True,False,False,True,False,True,False,False,False,False,True,False,False,False,False,False,True,False,False,False,False,False,True,True,True,No-show
36,25,101,74,2,3,11,1,False,False,True,False,False,False,False,False,False,False,False,False,False,False,False,False,True,False,False,False,True,True,False,True,True,Cancel
20,10,164,221,1,7,11,1,False,False,False,False,False,False,False,True,False,False,False,False,False,False,False,False,True,False,False,False,True,False,True,True,True,No-show
30,25,246,145,1,5,11,0,True,True,False,False,True,False,False,False,False,False,False,False,False,False,False,False,False,True,True,False,False,False,True,True,True,Check-in
28,40,180,143,2,4,11,0,False,False,False,True,False,True,False,False,False,False,True,False,False,True,False,False,False,False,False,True,False,False,False,False,True,No-show
21,30,138,140,1,6,11,0,False,True,False,False,True,False,False,False,False,False,True,False,False,False,False,False,True,False,False,False,False,False,True,False,True,Cancel
70,20,115,15,1,5,11,0,False,False,False,False,False,True,False,True,False,False,False,True,False,False,False,False,False,True,False,False,True,True,False,False,True,Check-in
39,10,106,95,2,3,11,0,False,True,False,False,False,False,True,False,True,False,False,False,False,False,True,False,True,False,False,False,False,False,True,True,True,Cancel
18,0,219,10,2,3,11,0,True,True,False,False,False,False,True,False,False,True,False,False,False,True,False,True,False,False,False,False,False,False,True,True,False,No-show
55,0,168,106,1,3,11,0,False,False,False,False,False,False,False,True,False,False,True,False,False,False,True,True,False,False,False,False,True,True,False,True,False,Cancel
63,10,109,205,1,5,11,0,True,False,True,False,False,False,False,False,False,False,False,True,False,False,False,False,True,False,False,False,False,False,True,True,True,No-show
45,20,146,0,2,3,11,0,True,False,False,True,False,False,False,False,True,False,True,False,False,False,True,True,False,True,True,True,False,True,False,True,True,No-show
61,0,116,49,1,2,11,0,False,False,True,False,False,False,False,False,True,False,False,True,False,True,False,True,False,False,False,False,False,False,True,True,False,Cancel
54,40,186,149,1,2,11,0,True,False,False,False,True,False,False,True,False,False,False,False,True,False,True,False,False,False,False,True,False,False,False,False,True,Check-in
37,0,237,112,1,3,11,0,True,False,False,True,False,True,False,False,True,False,False,False,True,True,False,False,True,False,False,False,False,True,False,True,False,No-show
52,25,105,205,3,3,11,0,True,False,False,True,False,True,False,True,False,False,False,True,False,False,True,False,False,True,False,False,False,False,True,True,True,Check-in
26,20,158,135,1,4,11,0,True,False,True,False,True,False,False,False,False,False,False,False,True,False,False,False,True,True,False,False,False,True,False,True,True,Cancel
53,5,207,23,4,5,11,0,False,False,False,False,False,True,False,True,False,False,False,False,False,False,False,True,False,False,False,False,False,True,False,False,True,Check-in
36,0,199,74,2,3,11,0,False,False,True,False,False,False,False,False,True,False,False,False,False,False,True,False,True,False,False,True,False,True,False,True,False,Check-in
41,5,167,46,1,3,11,0,False,False,True,False,False,False,False,False,False,False,False,True,False,False,True,True,False,False,False,False,True,False,False,False,True,Check-in
60,5,195,130,1,4,11,0,False,False,False,True,True,False,False,True,False,False,False,True,False,True,False,False,False,True,False,False,False,False,True,True,True,Check-in
61,0,156,201,1,2,11,0,False,False,False,True,False,False,False,False,False,False,False,True,False,False,True,False,False,True,False,False,False,True,False,False,False,Cancel
39,20,204,106,2,5,11,0,False,False,False,True,False,False,False,True,False,False,False,False,True,False,False,True,False,False,False,False,False,False,True,True,True,No-show
49,0,218,33,1,5,11,0,True,False,True,False,False,False,True,True,False,False,False,False,True,False,False,True,False,False,False,False,False,False,True,True,False,No-show
58,5,187,143,1,4,11,0,False,True,False,False,True,False,False,False,False,True,False,False,False,False,False,True,False,True,True,False,False,False,False,True,True,Cancel
59,5,194,139,3,3,11,0,False,False,False,False,False,False,False,True,False,False,False,True,False,False,False,True,False,False,False,False,True,True,False,True,True,Check-in
24,5,243,206,1,3,11,0,False,False,False,False,False,True,False,False,True,False,False,False,True,False,True,True,False,True,False,True,False,True,False,True,True,No-show
33,10,119,43,3,3,11,0,True,True,False,False,False,False,True,False,True,False,False,False,True,False,False,True,False,False,False,False,False,False,True,True,True,Check-in
69,10,142,213,1,4,11,0,False,False,False,True,False,False,False,True,False,False,False,True,False,False,True,True,False,False,False,False,False,False,False,True,True,No-show
22,20,191,85,1,4,11,0,False,False,False,False,False,False,False,False,False,True,False,False,False,True,False,True,False,False,False,False,False,True,False,True,True,No-show
49,20,140,9,1,6,11,0,False,False,False,False,False,False,False,False,True,False,False,True,False,True,False,True,False,False,False,False,False,False,True,True,True,No-show
64,5,171,23,2,4,11,0,False,True,False,False,True,False,False,False,False,False,False,False,False,False,True,False,True,True,False,False,True,True,False,True,True,Check-in
33,25,118,186,3,2,11,0,False,False,False,True,False,False,False,False,True,False,False,False,False,False,True,True,False,True,False,False,False,False,True,True,True,No-show
45,20,195,194,1,6,11,0,False,False,False,True,False,False,False,False,True,False,True,False,False,False,False,False,True,True,False,False,False,False,True,False,True,Cancel
26,20,154,127,1,4,11,0,True,False,True,False,False,False,True,True,False,False,True,False,False,False,False,True,False,True,False,True,False,True,False,True,True,No-show
18,10,182,153,1,3,11,0,False,False,False,False,False,True,False,False,False,False,True,False,False,False,False,False,False,False,False,False,False,True,False,True,True,Check-in
64,0,166,88,4,5,11,0,False,False,False,True,False,True,False,True,False,False,False,False,False,False,False,True,False,False,False,False,False,True,False,True,False,Cancel
24,0,158,61,1,3,11,0,True,False,False,True,False,False,True,False,False,False,False,True,False,True,False,False,True,True,True,False,False,True,False,True,False,Check-in
41,0,197,5,1,3,11,0,True,True,False,False,False,False,False,False,False,False,False,False,False,False,False,False,True,False,False,False,True,False,False,True,False,Check-in
65,5,234,36,3,3,11,0,True,False,False,True,False,False,False,True,False,False,False,True,False,False,False,False,True,False,False,False,True,True,False,True,True,Check-in
31,30,141,46,2,4,11,0,False,True,False,False,True,False,False,False,False,False,False,True,False,False,True,True,False,True,True,False,False,True,False,True,True,Cancel
24,10,102,22,1,3,11,0,True,False,False,False,False,True,False,False,False,False,False,False,False,False,True,False,False,True,True,False,True,False,True,False,True,Check-in
44,0,238,97,1,5,11,0,True,False,True,False,False,False,False,True,False,False,False,True,False,True,False,False,True,True,False,False,False,False,True,True,False,No-show
23,0,210,68,1,4,11,0,True,False,False,False,False,False,False,False,False,True,False,True,False,False,False,True,False,True,False,False,False,True,False,True,False,Cancel
28,0,194,154,2,4,11,0,True,False,True,False,False,False,True,False,False,True,True,False,False,False,True,True,False,False,False,False,False,False,True,True,False,No-show
26,0,141,147,1,4,11,0,False,False,True,False,False,False,True,False,True,False,False,False,False,False,False,True,False,False,False,False,False,True,False,True,False,No-show
21,0,222,58,2,3,11,0,True,False,False,False,False,False,True,False,False,False,False,True,False,False,False,True,False,False,False,False,False,False,False,False,False,Check-in
56,10,210,159,2,3,11,0,True,False,False,False,False,False,False,False,False,True,False,False,False,False,True,True,False,False,False,False,False,False,True,True,True,Cancel
28,5,227,51,1,3,11,0,True,True,False,False,False,True,False,True,False,False,False,False,True,False,True,False,False,True,False,False,False,True,False,True,True,Check-in
31,40,156,212,4,5,11,0,False,False,False,False,False,False,True,False,True,False,False,True,False,True,False,False,False,True,False,False,False,True,False,True,True,Check-in
64,5,156,102,1,6,11,0,True,True,False,False,False,False,False,False,True,False,False,True,False,True,False,False,True,False,False,False,True,False,True,False,True,Check-in
53,40,220,153,3,4,11,0,True,False,False,True,False,True,False,True,False,False,False,False,False,False,False,True,False,True,False,False,False,False,True,False,True,No-show
21,40,201,165,1,4,11,0,False,False,False,True,False,True,False,True,False,False,False,True,False,False,True,False,True,True,True,False,False,False,True,False,True,No-show
60,5,118,40,3,2,11,0,True,False,False,False,False,True,False,False,False,False,False,True,False,False,True,True,False,False,False,False,False,False,True,True,True,No-show
25,0,174,114,1,4,11,0,False,True,False,False,False,False,True,False,True,False,True,False,False,False,True,False,False,False,False,True,False,False,False,True,False,Check-in
64,10,222,100,2,5,11,0,True,False,False,False,False,False,False,False,False,False,False,True,False,True,False,False,False,False,False,False,False,True,False,True,True,No-show
33,25,141,178,1,6,11,0,True,False,False,False,False,False,True,False,False,False,False,False,False,True,False,False,True,False,False,False,False,True,False,True,True,No-show
21,15,224,150,3,3,11,0,True,False,False,False,False,False,False,False,False,True,False,False,False,False,True,False,False,True,False,False,True,False,True,False,True,Check-in
39,20,234,23,2,7,11,0,False,True,False,False,False,False,False,False,True,False,False,False,True,False,False,True,False,False,False,False,False,False,True,True,True,Cancel
35,20,221,140,1,2,11,0,False,True,False,False,False,False,True,False,False,True,False,True,False,True,False,True,False,False,False,False,True,False,False,True,True,Check-in
36,20,104,63,2,5,11,0,True,False,True,False,True,False,False,False,True,False,False,False,False,False,False,False,True,False,False,False,True,False,True,True,True,Check-in
55,0,228,188,1,4,11,0,False,True,False,False,False,False,False,True,False,False,False,False,False,True,False,False,False,False,False,False,True,False,True,True,False,Check-in
42,10,178,2,3,5,11,0,True,True,False,False,False,False,False,False,False,False,False,True,False,False,False,False,True,False,False,False,False,False,True,True,True,Check-in
43,15,122,148,3,3,11,0,True,False,True,False,True,False,False,False,False,False,True,False,False,False,True,False,False,False,False,False,True,False,True,True,True,Check-in
38,0,235,178,2,5,11,0,True,True,False,False,False,False,False,False,True,False,False,False,True,False,False,False,False,False,False,False,False,False,True,True,False,Check-in
19,0,155,181,4,4,11,0,False,False,False,True,False,True,False,False,False,False,True,False,False,False,True,False,True,False,False,False,False,False,True,True,False,Check-in
27,0,170,65,2,7,11,0,True,False,False,True,False,False,True,True,False,False,False,True,False,True,False,False,True,True,True,False,False,False,True,True,False,Check-in
48,10,202,15,1,4,11,0,False,False,True,False,False,False,False,True,False,False,False,True,False,False,False,False,True,True,True,False,True,True,False,True,True,Check-in
41,15,177,52,1,4,11,0,True,True,False,False,False,True,False,False,True,False,False,False,False,False,False,False,True,False,False,False,False,False,True,True,True,Check-in
46,0,122,168,1,3,11,0,True,False,False,True,False,False,False,False,True,False,False,True,False,False,True,False,True,False,False,False,True,False,True,True,False,No-show
20,10,188,80,2,3,11,0,True,False,True,False,False,False,False,False,True,False,False,False,True,False,False,True,False,False,False,False,True,False,False,True,True,Cancel
52,10,146,96,1,5,11,0,True,False,False,False,False,True,False,True,False,False,True,False,False,False,True,True,False,False,False,False,False,True,False,True,True,Cancel
40,10,166,61,2,3,11,0,True,False,False,True,False,False,True,False,False,False,True,False,False,False,True,False,False,True,True,False,True,True,False,False,True,Check-in
36,15,146,39,1,4,11,0,True,True,False,False,False,False,True,True,False,False,False,True,False,False,False,True,False,False,False,False,False,False,False,True,True,No-show
18,10,227,201,1,2,11,0,True,True,False,False,False,False,False,True,False,False,False,True,False,False,True,False,False,False,False,False,False,False,False,True,True,Check-in
36,20,105,7,3,3,11,0,True,False,False,False,False,False,False,False,False,True,True,False,False,False,False,False,False,False,False,False,False,False,True,False,True,Check-in
36,0,201,187,1,6,11,0,True,True,False,False,False,False,True,False,True,False,False,False,False,False,True,False,False,True,False,False,False,True,False,True,False,Check-in
38,0,201,150,4,7,11,0,False,False,False,True,True,False,False,True,False,False,False,False,True,False,True,False,False,False,False,False,True,False,True,True,False,No-show
69,25,183,8,3,6,11,0,False,True,False,False,False,False,False,True,False,False,False,True,False,True,False,False,False,False,False,False,False,False,False,True,True,Check-in
67,0,212,133,4,2,11,0,True,True,False,False,False,False,False,False,False,False,False,False,False,False,True,False,True,False,False,False,True,False,True,True,False,Check-in
61,10,226,95,1,5,11,0,True,True,False,False,False,False,True,False,True,False,False,True,False,False,True,True,False,False,False,False,True,False,True,True,True,No-show
27,10,217,179,2,4,11,0,True,True,False,False,False,False,False,True,False,False,True,False,False,True,False,True,False,False,False,False,False,True,False,True,True,No-show
42,5,144,90,2,5,11,0,True,False,False,False,True,False,False,False,False,False,False,False,True,False,True,True,False,False,False,False,False,True,False,False,True,Cancel
25,0,181,48,1,3,11,0,True,False,False,True,False,True,False,False,False,False,False,True,False,True,False,False,False,True,False,True,False,False,True,True,False,Check-in
20,40,120,220,1,4,11,0,False,True,False,False,False,False,False,False,False,False,False,True,False,True,False,False,False,True,False,False,False,True,False,False,True,Check-in
18,25,100,28,1,5,11,0,True,False,True,False,False,False,False,False,True,False,False,True,False,False,True,False,False,True,False,False,False,False,False,True,True,Check-in
52,0,220,57,1,4,11,0,False,True,False,False,False,False,False,False,False,False,False,True,False,False,False,True,False,True,True,False,True,False,True,True,False,No-show
65,5,236,91,4,2,11,0,False,False,False,False,False,True,False,False,True,False,True,False,False,False,True,False,False,False,False,False,False,False,True,False,True,No-show
52,40,238,71,1,5,11,0,False,True,False,False,False,False,True,True,False,False,False,False,True,False,False,False,True,False,False,False,False,False,True,True,True,Check-in
19,25,157,197,1,4,11,0,False,False,False,True,False,True,False,False,True,False,False,False,True,False,True,True,False,False,False,True,False,False,True,True,True,No-show
27,20,194,143,3,4,11,0,False,False,False,False,True,False,False,False,True,False,False,True,False,False,True,True,False,False,False,False,False,True,False,True,True,No-show
25,5,141,92,2,8,11,0,False,True,False,False,False,False,False,False,False,False,True,False,False,True,False,False,False,True,False,True,False,True,False,False,True,No-show
65,20,135,154,3,3,11,0,True,True,False,False,False,False,False,True,False,False,False,False,True,True,False,True,False,False,False,False,False,False,True,True,True,Cancel
20,25,151,163,2,4,11,0,False,True,False,False,False,False,False,False,True,False,True,False,False,False,True,False,True,True,False,False,False,False,True,True,True,Cancel
33,0,118,18,1,7,11,0,False,False,False,False,False,False,False,False,True,False,False,True,False,True,False,False,False,False,False,False,True,False,True,True,False,Check-in
21,0,111,7,1,7,11,0,True,True,False,False,False,False,False,False,False,False,False,False,False,False,False,True,False,False,False,True,False,False,True,True,False,No-show
54,0,102,125,3,2,11,0,False,True,False,False,False,False,True,False,False,False,False,False,False,False,False,False,True,False,False,False,False,False,True,True,False,Check-in
25,40,212,184,3,3,11,0,False,False,False,False,False,False,True,False,False,False,False,False,False,True,False,False,True,True,True,False,False,False,True,True,True,No-show
44,40,161,173,2,3,11,0,True,False,False,True,True,False,False,False,False,False,False,True,False,True,False,False,False,True,False,False,False,False,True,False,True,Check-in
26,5,115,101,3,3,11,0,False,True,False,False,True,False,False,False,False,True,True,False,False,True,False,True,False,True,True,False,False,False,True,True,True,No-show
21,25,176,78,4,2,11,0,True,False,False,True,False,True,False,False,True,False,True,False,False,False,False,False,True,True,False,False,True,False,True,False,True,Cancel
36,5,226,17,2,5,11,0,True,False,True,False,False,False,False,False,True,False,False,False,False,False,False,True,False,False,False,False,False,False,True,True,True,No-show
29,0,212,74,3,5,11,0,True,False,True,False,False,False,False,True,False,False,True,False,False,False,False,True,False,False,False,False,False,True,False,False,False,Check-in
68,0,142,167,3,3,11,0,True,False,True,False,False,True,False,True,False,False,True,False,False,False,True,True,False,True,True,False,False,False,False,True,False,Check-in
19,0,138,55,1,5,11,0,True,False,False,True,False,False,False,False,True,False,False,True,False,True,False,False,False,True,False,False,True,False,True,False,False,Check-in
39,25,117,153,1,2,11,0,True,False,False,False,True,False,False,False,True,False,False,True,False,False,True,False,True,True,True,False,False,False,False,True,True,Check-in
50,10,165,210,2,3,11,0,False,False,True,False,True,False,False,False,False,True,False,False,False,True,False,False,True,True,False,False,False,False,True,True,True,Cancel
69,15,190,199,1,5,11,0,False,False,False,True,False,False,False,False,True,False,False,False,False,False,False,False,True,False,False,False,False,False,True,True,True,Check-in
45,30,234,85,2,2,11,0,True,True,False,False,False,True,False,False,True,False,False,False,True,True,False,True,False,True,True,False,True,False,True,True,True,Check-in
39,20,122,194,1,3,11,0,True,True,False,False,False,False,True,False,False,False,False,False,False,True,False,False,True,False,False,False,True,False,True,False,True,No-show
70,20,127,75,3,2,11,0,False,True,False,False,True,False,False,False,True,False,True,False,False,False,True,False,True,False,False,False,False,False,True,True,True,Cancel
31,10,247,40,2,6,11,0,False,False,True,False,False,False,False,False,False,False,False,False,True,False,False,True,False,True,False,False,True,True,False,True,True,Cancel
27,0,218,45,1,2,11,0,True,False,False,False,False,True,False,True,False,False,False,True,False,True,False,False,True,False,False,False,True,False,True,False,False,Check-in
49,25,162,177,1,4,4,0,True,True,False,False,False,True,False,False,True,False,False,True,False,True,False,False,False,False,False,False,False,False,True,True,True,Check-in
67,5,137,24,1,2,11,0,False,False,True,False,False,True,False,False,True,False,False,False,False,True,False,False,True,False,False,True,False,False,True,False,True,Check-in
30,0,106,68,1,6,11,0,False,False,False,False,False,True,False,False,False,False,False,True,False,False,False,False,False,True,True,False,False,False,True,True,False,Check-in
46,30,100,115,2,5,11,0,True,False,False,True,False,False,False,False,False,False,False,False,True,False,False,True,False,False,False,False,False,True,False,True,True,No-show
25,0,217,187,1,5,11,0,True,False,False,True,False,False,False,True,False,False,True,False,False,True,False,False,True,False,False,False,True,False,True,False,False,Check-in
42,5,104,83,1,2,11,0,True,False,True,False,False,False,False,False,True,False,False,False,True,False,True,False,False,False,False,False,False,False,True,True,True,Check-in
47,15,208,205,1,4,11,0,True,True,False,False,False,False,True,False,False,False,False,True,False,True,False,False,True,True,False,False,False,False,True,False,True,Check-in
60,0,206,53,1,5,12,0,False,False,False,False,False,False,False,True,False,False,False,False,True,False,False,False,False,False,False,False,True,True,False,False,False,Check-in
31,0,236,83,1,4,11,0,True,True,False,False,False,False,False,False,True,False,False,True,False,False,False,False,True,True,False,False,False,True,False,True,False,Cancel
34,0,174,43,1,4,11,0,True,True,False,False,True,False,False,False,True,False,False,True,False,True,False,False,False,False,False,False,False,False,True,True,False,Check-in
65,10,214,141,1,2,11,0,False,False,False,False,True,False,False,False,False,False,True,False,False,True,False,True,False,False,False,False,False,True,False,False,True,No-show
29,25,189,105,1,2,11,0,True,False,False,True,False,False,False,False,True,False,False,False,False,False,True,True,False,False,False,False,True,False,True,False,True,No-show
22,10,153,210,1,2,11,0,False,True,False,False,False,False,False,False,True,False,True,False,False,False,True,False,True,False,False,False,True,False,True,False,True,Check-in
59,40,110,112,2,2,11,0,True,True,False,False,False,False,False,False,False,True,False,True,False,True,False,False,True,True,False,False,False,True,False,False,True,Check-in
18,0,127,217,2,5,11,0,False,False,True,False,True,False,False,False,True,False,False,True,False,True,False,False,True,True,True,False,False,False,False,False,False,Check-in
32,25,137,165,1,5,11,0,True,False,True,False,False,False,True,False,False,False,False,False,False,False,True,True,False,False,False,False,False,True,False,True,True,No-show
57,40,220,102,1,7,11,0,True,False,True,False,False,False,True,True,False,False,False,True,False,False,False,False,False,False,False,False,False,True,False,True,True,Cancel
23,40,237,17,1,6,11,0,True,False,True,False,False,True,False,True,False,False,False,True,False,True,False,False,True,True,False,False,True,False,True,True,True,Cancel
67,20,124,99,1,2,11,0,True,True,False,False,False,False,False,False,False,True,False,True,False,False,False,False,True,True,False,False,False,False,True,True,True,Cancel
30,0,105,144,1,6,11,0,True,False,False,False,False,False,True,True,False,False,True,False,False,True,False,True,False,False,False,False,True,False,True,False,False,No-show
51,15,171,48,2,3,11,0,False,False,False,False,False,False,True,True,False,False,False,True,False,False,True,True,False,False,False,False,True,False,False,False,True,Cancel
41,20,153,55,1,4,11,0,True,False,True,False,False,False,False,False,False,False,False,True,False,False,False,True,False,False,False,False,False,False,True,False,True,No-show
61,5,128,128,1,5,11,0,True,False,False,False,False,True,False,False,True,False,False,False,True,True,False,True,False,False,False,True,False,False,True,True,True,No-show
28,30,153,45,1,3,2,1,True,False,False,True,False,False,False,False,False,True,False,False,False,True,False,True,False,False,False,False,True,False,True,False,True,Cancel
44,20,233,70,1,4,11,0,True,False,False,False,True,False,False,False,False,False,False,False,True,False,True,True,False,False,False,False,False,False,False,True,True,No-show
55,0,187,22,4,3,11,0,False,False,True,False,False,False,False,True,False,False,True,False,False,True,False,False,False,True,False,False,True,False,True,True,False,Check-in
30,10,164,155,1,2,11,0,False,False,False,False,False,False,False,False,True,False,True,False,False,True,False,True,False,False,False,False,False,False,True,True,True,No-show
51,20,160,169,1,5,11,0,False,True,False,False,False,False,False,True,False,False,False,True,False,False,False,False,False,False,False,False,False,False,True,True,True,Cancel
40,10,208,21,2,6,11,0,True,True,False,False,True,False,False,False,True,False,False,False,False,False,False,False,True,True,False,False,False,False,True,True,True,Cancel
25,0,170,85,1,6,11,0,True,False,False,True,True,False,False,False,True,False,False,True,False,True,False,True,False,False,False,False,False,False,True,True,False,No-show
60,15,177,110,1,3,11,0,False,False,False,True,False,False,True,False,False,False,True,False,False,True,False,False,True,False,False,False,False,False,True,True,True,Cancel
52,25,184,30,4,4,11,0,False,False,True,False,False,True,False,False,True,False,False,True,False,False,False,False,False,False,False,False,False,False,True,True,True,No-show
41,20,247,101,1,3,11,0,True,False,True,False,False,True,False,False,True,False,False,True,False,True,False,True,False,False,False,False,False,False,True,False,True,Cancel
39,10,215,44,2,4,11,1,False,False,True,False,False,False,False,False,False,True,False,False,False,True,False,False,False,False,False,False,False,False,True,False,True,Check-in
25,10,156,199,3,3,11,1,True,False,False,False,False,False,True,False,True,False,False,False,False,False,True,False,False,False,False,False,False,False,True,True,True,No-show
58,5,181,138,3,2,11,1,True,True,False,False,False,False,False,False,False,True,False,True,False,False,True,False,False,False,False,True,False,True,False,False,True,Check-in
46,5,127,81,3,3,11,1,True,False,True,False,False,False,False,False,True,False,False,True,False,True,False,True,False,False,False,True,False,True,False,True,True,Cancel
30,0,188,11,2,4,11,1,False,False,True,False,False,False,False,False,True,False,False,False,False,False,True,False,True,False,False,False,False,False,False,True,False,No-show
52,5,204,101,1,4,11,1,True,True,False,False,False,False,False,False,False,False,False,False,True,False,False,False,False,True,True,True,False,False,True,True,True,Check-in
27,20,162,209,2,4,11,1,True,False,False,True,False,True,False,False,True,False,False,False,False,False,False,True,False,False,False,False,False,False,True,False,True,Cancel
52,30,128,44,1,5,11,1,True,True,False,False,False,False,False,True,False,False,False,True,False,False,False,False,False,False,False,False,False,True,False,False,True,Check-in
55,10,215,205,1,5,11,1,False,False,False,False,True,False,False,False,False,False,False,True,False,False,True,False,True,False,False,False,False,False,True,True,True,Cancel
51,20,192,119,2,3,11,1,True,True,False,False,False,False,True,False,False,False,False,False,True,True,False,False,False,True,False,False,False,False,True,True,True,Cancel
41,40,162,54,3,3,11,1,True,False,False,True,False,True,False,False,False,True,True,False,False,False,True,False,True,True,False,False,True,False,True,False,True,Cancel
27,5,114,161,1,4,11,1,False,False,False,True,False,False,False,True,False,False,False,False,True,False,True,False,True,False,False,False,False,False,True,True,True,No-show
64,40,108,137,1,2,11,1,False,True,False,False,True,False,False,False,False,False,False,False,False,False,False,False,True,True,False,False,False,True,False,True,True,Cancel
59,0,122,44,2,5,11,1,False,False,False,True,False,True,False,False,True,False,False,True,False,False,True,False,False,False,False,False,False,False,True,True,False,Check-in
49,5,222,118,1,3,11,1,True,False,False,True,False,True,False,True,False,False,False,False,False,False,False,True,False,False,False,False,True,True,False,True,True,No-show
59,40,222,57,1,2,11,1,False,False,False,True,False,False,False,False,False,True,False,True,False,False,False,True,False,False,False,False,False,False,True,False,True,No-show
42,10,218,219,1,4,11,1,False,False,False,True,False,True,False,False,True,False,False,True,False,False,True,False,False,False,False,False,True,True,False,True,True,Check-in
55,15,160,106,1,4,11,1,False,True,False,False,False,False,False,False,False,False,True,False,False,False,False,False,False,False,False,False,False,False,True,True,True,Check-in
35,20,151,158,3,3,11,1,False,False,True,False,False,False,True,True,False,False,False,False,False,False,False,False,False,True,False,False,False,True,False,False,True,Check-in
37,10,249,211,1,2,11,1,True,False,False,True,True,False,False,False,False,True,False,True,False,True,False,False,False,True,False,False,False,False,True,True,True,Check-in
36,5,214,151,2,3,11,1,False,False,False,False,False,False,True,False,True,False,False,False,True,True,False,False,False,False,False,False,True,False,True,False,True,No-show
32,5,142,42,1,2,11,1,False,True,False,False,False,False,True,False,False,True,True,False,False,False,True,False,False,False,False,False,False,False,False,True,True,Check-in
70,25,169,137,1,4,11,1,False,False,False,True,False,True,False,False,True,False,False,True,False,False,True,True,False,False,False,False,False,True,False,True,True,Cancel
39,25,191,128,1,4,11,1,True,False,True,False,True,False,False,True,False,False,False,False,True,False,False,False,True,True,False,False,True,False,True,False,True,Cancel
44,10,217,207,1,6,11,1,False,False,True,False,False,True,False,True,False,False,False,True,False,True,False,False,True,True,False,False,True,True,False,False,True,No-show
42,5,193,159,1,7,11,1,False,False,False,False,False,False,True,False,False,True,False,True,False,False,True,False,False,True,True,False,False,True,False,True,True,Check-in
21,30,150,41,1,4,11,1,False,False,False,True,True,False,False,False,False,True,True,False,False,False,False,False,False,False,False,True,False,False,True,True,True,No-show
29,0,138,65,4,6,11,1,True,False,True,False,True,False,False,False,False,False,False,False,True,False,True,False,True,False,False,False,False,False,True,False,False,No-show
54,10,145,121,4,3,11,1,False,False,False,True,False,False,False,False,False,False,True,False,False,False,False,False,True,True,False,False,True,False,True,True,True,Cancel
37,20,241,54,1,4,11,1,True,False,True,False,False,False,False,True,False,False,False,True,False,True,False,True,False,True,True,False,False,False,False,True,True,No-show
66,20,218,112,2,6,11,1,True,True,False,False,False,False,True,False,False,False,False,False,False,False,True,False,False,False,False,False,False,False,True,True,True,Cancel
36,0,167,172,1,5,11,1,False,True,False,False,False,True,False,False,True,False,False,True,False,False,True,False,True,False,False,False,True,False,True,True,False,No-show
35,25,192,114,1,3,11,1,False,False,False,True,False,False,True,False,True,False,False,False,True,True,False,False,True,True,False,False,False,True,False,False,True,No-show
41,40,174,48,1,4,11,1,True,False,False,False,False,False,False,True,False,False,True,False,False,True,False,False,True,False,False,False,False,True,False,False,True,Cancel
70,40,218,95,3,3,11,1,False,False,True,False,True,False,False,False,True,False,False,True,False,True,False,True,False,False,False,False,False,False,True,True,True,No-show
40,0,174,187,4,4,11,1,False,False,True,False,False,False,True,False,False,True,False,False,True,False,True,False,False,False,False,False,False,True,False,True,False,Cancel
60,20,155,66,2,5,11,1,False,False,False,True,False,True,False,True,False,False,False,True,False,False,False,False,True,True,False,False,False,False,False,True,True,Cancel
57,25,182,174,2,3,11,1,True,True,False,False,False,True,False,False,False,False,False,False,True,False,False,True,False,False,False,False,False,False,True,True,True,No-show
28,0,140,87,1,5,11,1,True,True,False,False,False,False,True,False,True,False,True,False,False,False,True,True,False,False,False,False,False,False,True,True,False,No-show
25,0,157,195,1,3,11,1,False,False,False,False,False,False,False,True,False,False,False,False,True,True,False,False,False,False,False,False,True,False,True,True,False,Cancel
30,10,192,198,2,4,11,1,False,False,True,False,False,True,False,False,False,False,False,False,False,False,False,False,False,True,True,False,False,False,True,True,True,Cancel
40,0,133,9,2,3,11,1,False,False,True,False,False,True,False,False,False,False,False,True,False,True,False,False,True,True,False,False,False,False,True,True,False,Cancel
45,5,115,62,1,3,11,1,True,True,False,False,False,True,False,False,False,False,True,False,False,True,False,False,False,False,False,False,False,False,False,True,True,Check-in
41,20,164,45,2,7,11,1,False,False,False,False,False,True,False,False,True,False,False,False,True,False,False,True,False,False,False,False,False,False,True,False,True,Cancel
19,5,204,51,2,5,11,1,False,False,False,False,False,True,False,False,True,False,False,True,False,False,False,False,False,False,False,True,False,True,False,False,True,Cancel
39,0,192,206,3,2,11,1,True,False,False,False,False,False,True,True,False,False,False,False,False,False,False,False,True,False,False,False,True,True,False,True,False,No-show
32,10,222,124,1,4,11,1,True,False,True,False,True,False,False,True,False,False,True,False,False,True,False,True,False,False,False,False,False,False,True,True,True,No-show
26,10,135,205,1,3,11,1,True,False,True,False,False,True,False,True,False,False,True,False,False,False,True,False,False,False,False,False,False,False,True,False,True,No-show
47,10,187,182,1,5,11,1,True,False,False,False,False,False,False,True,False,False,False,True,False,False,True,True,False,False,False,False,True,False,True,False,True,No-show
46,30,240,76,4,4,11,1,True,False,False,True,False,False,False,False,False,True,True,False,False,False,False,False,True,True,False,False,False,False,True,False,True,No-show
53,0,101,130,3,3,11,1,False,False,False,True,False,False,False,False,True,False,False,False,True,True,False,False,True,False,False,False,True,False,True,True,False,Cancel
70,10,157,163,1,4,11,1,True,False,False,True,False,False,False,False,False,False,False,False,True,False,True,False,True,False,False,False,False,False,True,True,True,Check-in
53,5,160,122,1,4,11,1,False,False,False,False,False,False,False,True,False,False,False,False,False,False,False,False,True,False,False,False,True,False,False,False,True,No-show
62,10,217,111,2,3,11,1,False,False,False,False,True,False,False,False,False,True,False,False,False,True,False,False,False,False,False,False,False,True,False,True,True,Check-in
34,20,184,116,3,5,11,1,True,False,False,False,False,False,True,False,True,False,False,False,True,False,False,False,False,False,False,False,False,False,False,True,True,Check-in
23,0,147,182,2,4,11,1,True,True,False,False,True,False,False,False,False,True,False,False,True,False,True,False,True,False,False,False,False,True,False,True,False,Cancel
46,0,100,187,4,3,11,1,False,False,True,False,False,False,False,False,True,False,False,False,True,False,False,False,True,True,False,False,False,True,False,True,False,Check-in
65,15,161,219,3,2,11,1,False,False,True,False,False,False,False,False,True,False,False,False,True,True,False,False,False,False,False,False,False,False,True,True,True,Check-in
46,0,222,111,1,2,11,1,False,False,True,False,True,False,False,True,False,False,False,False,True,True,False,False,True,True,False,False,True,False,False,True,False,Check-in
54,0,201,146,3,5,11,1,True,False,False,False,False,False,True,False,False,False,False,False,True,True,False,True,False,True,False,True,False,False,False,True,False,No-show
51,20,203,22,1,3,11,1,True,True,False,False,False,False,False,True,False,False,False,True,False,False,False,False,False,False,False,False,False,False,False,False,True,No-show
42,10,234,48,3,4,11,1,True,True,False,False,True,False,False,True,False,False,True,False,False,False,True,False,True,False,False,False,False,False,True,True,True,Cancel
52,5,215,42,1,4,11,1,True,True,False,False,True,False,False,True,False,False,False,True,False,False,False,False,True,False,False,False,True,False,False,True,True,Cancel
29,40,131,147,2,5,11,1,True,False,False,False,False,True,False,False,True,False,False,False,True,True,False,False,False,False,False,False,False,True,False,False,True,No-show
38,0,229,10,2,4,11,1,False,False,False,True,True,False,False,True,False,False,False,True,False,True,False,False,False,True,False,False,False,True,False,True,False,Check-in
31,0,152,177,4,5,11,1,True,False,False,False,False,True,False,False,True,False,False,True,False,True,False,True,False,False,False,True,False,True,False,True,False,No-show
67,5,158,131,1,3,11,1,False,True,False,False,False,True,False,False,False,False,False,False,True,False,True,False,True,False,False,False,True,False,True,False,True,Check-in
49,0,140,78,1,5,11,1,True,False,True,False,False,False,False,False,False,False,True,False,False,False,False,False,True,False,False,False,False,False,True,False,False,No-show
45,40,185,144,1,3,11,1,True,False,False,True,True,False,False,False,True,False,False,False,True,False,True,True,False,False,False,False,False,True,False,True,True,Cancel
55,5,192,167,1,3,11,1,False,False,False,False,False,False,True,True,False,False,False,False,False,False,False,False,True,True,False,False,False,True,False,True,True,No-show
42,10,196,34,2,8,11,1,True,True,False,False,False,False,False,False,False,True,False,False,True,False,False,False,False,False,False,False,False,False,True,True,True,Check-in
33,10,244,9,1,5,11,1,True,False,False,False,False,False,False,False,True,False,False,True,False,False,False,True,False,True,True,False,False,False,False,True,True,No-show
56,30,116,159,1,4,11,1,True,False,False,True,True,False,False,False,True,False,False,True,False,False,False,True,False,False,False,False,True,False,True,True,True,Cancel
48,20,194,84,2,3,11,1,False,False,False,True,True,False,False,False,False,True,False,True,False,False,False,False,False,True,False,False,True,True,False,True,True,Check-in
26,25,220,159,2,4,11,1,False,True,False,False,False,True,False,False,True,False,True,False,False,False,False,True,False,False,False,False,True,False,True,False,True,Cancel
41,0,176,77,1,2,11,1,True,False,True,False,False,False,False,False,False,True,False,False,True,False,True,False,False,True,False,False,False,True,False,False,False,Check-in
55,5,200,124,2,7,11,1,False,False,False,True,False,False,True,False,True,False,False,True,False,True,False,False,True,False,False,True,False,False,True,True,True,No-show
20,10,140,59,1,5,11,1,True,False,True,False,False,False,False,False,False,False,False,False,False,False,False,False,True,True,True,True,False,False,True,True,True,Cancel
33,10,189,26,1,3,11,1,False,False,False,False,True,False,False,False,False,True,True,False,False,True,False,False,False,False,False,False,False,True,False,False,True,No-show
51,0,181,172,1,3,11,1,False,True,False,False,False,True,False,True,False,False,False,True,False,False,True,False,False,False,False,False,False,True,False,True,False,Check-in
23,10,218,196,2,3,11,0,True,False,False,False,False,False,False,False,True,False,False,True,False,False,False,False,False,True,False,False,False,False,False,True,True,Check-in
38,30,201,87,2,2,11,0,True,False,True,False,False,False,False,False,True,False,False,False,True,True,False,False,False,False,False,False,False,True,False,True,True,Check-in
26,5,172,173,4,3,11,0,True,False,True,False,True,False,False,True,False,False,True,False,False,False,False,False,False,False,False,False,False,True,False,True,True,Check-in
52,10,102,38,1,3,1,0,True,False,False,True,False,True,False,False,True,False,False,True,False,False,False,False,False,False,False,False,False,False,True,True,True,Check-in
65,15,189,113,1,4,2,0,True,False,False,False,False,False,False,True,False,False,False,False,True,False,False,False,True,False,False,False,False,False,True,False,True,No-show
61,40,161,134,1,2,11,0,False,False,False,True,False,False,False,True,False,False,False,True,False,False,False,False,False,True,False,False,True,False,True,True,True,Check-in
23,20,192,70,1,4,11,0,False,False,True,False,False,True,False,False,True,False,False,True,False,False,True,False,False,False,False,False,False,False,True,True,True,Check-in
55,20,166,21,2,3,11,0,True,False,True,False,False,False,True,True,False,False,False,True,False,True,False,True,False,True,True,False,True,False,True,False,True,Cancel
61,30,214,192,2,3,11,0,False,False,True,False,False,False,False,False,False,False,False,True,False,False,True,False,False,False,False,False,False,False,False,True,True,Check-in
43,20,188,90,1,3,11,0,False,False,True,False,False,True,False,False,True,False,False,True,False,False,True,True,False,False,False,False,False,False,True,True,True,No-show
39,10,134,90,3,6,11,0,False,True,False,False,False,False,False,False,False,False,False,False,True,False,True,False,True,True,False,False,False,True,False,True,True,Cancel
62,10,150,82,1,3,11,0,True,True,False,False,False,True,False,True,False,False,False,True,False,True,False,False,True,False,False,False,False,True,False,False,True,Check-in
25,0,181,137,2,2,12,0,True,False,False,False,False,False,True,False,False,False,False,False,True,False,False,True,False,True,False,True,False,False,True,True,False,No-show
50,20,155,23,3,3,12,0,True,False,False,False,True,False,False,False,False,True,False,True,False,False,True,False,False,False,False,True,False,True,False,True,True,Check-in
34,5,146,52,1,7,11,0,True,False,False,True,True,False,False,True,False,False,True,False,False,False,False,False,True,False,False,False,False,False,True,False,True,Check-in
56,5,176,163,1,4,11,0,False,True,False,False,False,False,False,True,False,False,True,False,False,False,True,False,True,True,False,False,False,False,True,True,True,Check-in
28,0,123,143,4,6,11,0,True,False,True,False,False,True,False,False,False,False,False,True,False,False,True,False,True,True,False,False,True,False,True,True,False,No-show
35,5,123,221,1,2,11,0,True,False,True,False,False,False,False,True,False,False,False,True,False,False,True,False,False,False,False,False,False,False,False,True,True,Check-in
52,20,170,116,1,3,11,0,True,False,True,False,False,False,False,False,False,False,False,False,False,False,True,False,False,True,False,False,False,False,True,True,True,Check-in
41,40,188,77,2,5,11,0,False,False,False,True,False,True,False,False,False,False,False,False,False,False,True,False,False,False,False,False,True,False,True,True,True,Check-in
21,0,132,60,3,6,11,0,False,True,False,False,False,False,False,False,False,False,False,True,False,False,True,False,True,False,False,False,False,False,True,True,False,No-show
57,0,112,99,4,3,11,0,True,False,False,False,True,False,False,False,False,False,False,False,False,False,False,False,True,False,False,False,False,False,True,True,False,Check-in
65,10,155,200,4,3,11,0,False,False,False,False,False,True,False,True,False,False,False,False,False,True,False,False,False,True,True,False,False,False,True,True,True,Check-in
19,20,169,74,1,6,11,0,False,False,True,False,False,False,True,False,True,False,False,False,True,True,False,False,False,False,False,False,False,False,True,False,True,Check-in
54,0,200,75,3,5,11,0,False,False,False,False,False,False,False,False,True,False,False,False,False,False,False,True,False,True,True,False,False,False,True,False,False,Check-in
63,0,136,88,3,3,11,0,False,False,False,True,False,True,False,False,False,False,False,True,False,False,False,False,False,True,False,False,False,True,False,False,False,Check-in
36,20,100,194,4,7,11,0,False,False,False,False,False,True,False,True,False,False,False,True,False,True,False,False,True,False,False,False,True,False,True,True,True,No-show
44,10,222,221,1,3,11,0,True,False,False,True,False,True,False,True,False,False,False,False,False,False,True,True,False,True,True,False,True,False,True,True,True,Cancel
43,5,158,30,1,6,12,0,False,True,False,False,True,False,False,True,False,False,True,False,False,False,True,False,True,True,False,False,True,False,True,True,True,Cancel
40,25,204,124,3,3,11,0,False,True,False,False,False,False,False,False,False,True,False,False,False,False,True,False,False,False,False,False,False,False,True,True,True,Cancel
45,30,122,146,4,5,11,0,True,True,False,False,False,False,False,False,True,False,False,True,False,False,False,False,True,False,False,True,False,False,False,True,True,Check-in
32,20,190,63,2,6,11,0,False,False,False,False,False,False,False,False,True,False,False,True,False,False,False,False,False,False,False,False,False,False,False,True,True,Check-in
70,25,203,76,1,3,11,0,False,False,False,False,False,False,True,False,True,False,False,True,False,True,False,True,False,True,False,False,False,False,True,False,True,No-show
32,0,165,195,4,2,11,0,False,True,False,False,False,True,False,True,False,False,False,False,False,True,False,False,False,False,False,True,False,False,True,True,False,Check-in
55,25,181,19,1,4,11,0,True,False,False,False,False,False,True,False,False,False,False,True,False,False,False,True,False,True,True,False,True,False,True,True,True,No-show
44,40,204,75,1,4,11,0,True,False,False,False,False,False,True,False,False,False,False,True,False,False,True,False,True,True,True,False,False,False,True,True,True,Cancel
66,40,194,129,1,3,11,0,False,True,False,False,False,False,False,False,False,False,False,False,False,False,True,False,False,True,False,False,False,False,True,True,True,Check-in
64,10,194,129,2,4,11,0,True,False,False,False,False,False,True,True,False,False,False,True,False,True,False,False,False,False,False,False,False,False,True,False,True,No-show
47,5,155,107,2,3,11,0,False,True,False,False,False,False,False,False,False,False,False,True,False,False,False,False,False,True,False,False,False,False,True,True,True,No-show
35,5,234,133,3,2,11,0,False,False,False,True,False,True,False,False,True,False,False,True,False,True,False,True,False,False,False,False,True,False,True,True,True,No-show
37,25,233,48,3,6,11,0,False,False,True,False,False,True,False,False,False,False,False,True,False,False,True,False,True,False,False,False,False,False,True,True,True,Cancel
70,5,179,148,1,4,11,0,False,False,False,True,True,False,False,False,True,False,False,True,False,False,False,True,False,False,False,False,False,False,True,False,True,Cancel
62,0,220,210,3,2,11,0,True,False,False,True,False,True,False,False,True,False,False,False,False,False,True,True,False,False,False,False,True,False,True,True,False,No-show
41,20,216,146,1,3,11,0,True,False,True,False,False,False,True,False,True,False,False,True,False,True,False,False,False,False,False,True,False,False,False,True,True,Cancel
32,15,149,22,1,4,11,0,False,True,False,False,False,False,False,False,True,False,False,False,False,True,False,False,False,False,False,False,True,False,False,True,True,Check-in
68,10,244,159,2,3,11,0,True,False,True,False,False,False,True,False,True,False,False,False,True,False,True,False,False,False,False,False,False,False,True,False,True,Check-in
69,10,203,65,2,7,11,0,True,False,False,True,False,False,False,False,True,False,False,True,False,False,True,False,True,False,False,False,True,False,True,True,True,No-show
39,25,206,138,2,6,11,0,True,True,False,False,False,False,False,True,False,False,True,False,False,False,False,False,True,False,False,False,False,True,False,True,True,Check-in
41,0,202,104,1,3,11,0,False,False,True,False,False,False,True,False,False,False,False,False,False,False,False,False,True,False,False,False,False,False,True,True,False,No-show
61,20,244,25,3,5,11,0,True,False,False,True,False,False,True,False,False,False,False,False,True,False,True,False,False,False,False,False,True,False,True,True,True,Check-in
53,30,113,26,1,3,11,0,True,False,False,True,False,False,False,False,False,True,False,False,False,False,True,False,True,True,False,False,True,True,False,False,True,Cancel
49,10,157,157,1,3,11,0,True,False,False,True,False,True,False,False,False,False,False,False,False,False,True,False,False,False,False,False,True,False,True,False,True,No-show
28,10,147,92,3,5,11,0,True,True,False,False,True,False,False,False,False,True,True,False,False,False,True,False,False,False,False,False,False,False,True,True,True,No-show
67,10,232,208,3,4,11,0,True,False,True,False,True,False,False,False,False,False,False,True,False,False,False,False,True,False,False,False,False,True,False,True,True,No-show
30,10,220,48,3,4,11,0,False,False,False,True,False,True,False,False,False,False,False,True,False,False,True,False,True,False,False,False,True,False,True,True,True,Check-in
68,5,143,174,2,5,11,0,True,False,True,False,False,False,False,False,False,True,True,False,False,False,True,False,False,False,False,False,False,True,False,True,True,Cancel
44,20,206,196,1,4,11,0,False,False,False,True,False,True,False,False,False,False,False,True,False,False,True,True,False,False,False,False,False,True,False,False,True,Cancel
27,10,117,100,1,3,11,0,False,True,False,False,False,False,False,False,True,False,False,False,False,True,False,False,True,False,False,False,False,False,True,False,True,Check-in
67,10,100,122,1,3,11,0,False,False,False,True,False,False,False,False,False,True,False,True,False,False,False,True,False,False,False,False,True,False,True,False,True,Cancel
58,5,138,150,4,4,11,0,True,False,False,False,False,False,True,False,False,False,False,False,False,False,True,False,False,False,False,False,False,False,True,False,True,No-show
39,10,165,189,2,2,11,0,False,False,False,True,False,False,False,False,False,True,False,False,False,False,False,True,False,False,False,False,False,False,True,False,True,Cancel
44,20,127,67,2,7,11,0,True,False,True,False,True,False,False,False,True,False,False,False,False,True,False,False,False,True,False,False,False,True,False,True,True,Check-in
35,20,158,78,1,4,11,0,True,False,True,False,False,False,True,False,False,False,True,False,False,True,False,True,False,True,False,False,False,False,True,True,True,No-show
31,10,125,174,1,3,11,0,True,False,False,True,False,False,True,False,False,True,False,True,False,False,True,True,False,False,False,False,False,True,False,True,True,Cancel
53,10,100,87,2,3,11,0,True,False,False,True,True,False,False,False,False,False,True,False,False,False,True,True,False,False,False,False,False,False,False,True,True,Cancel
40,20,196,182,3,4,11,0,True,False,True,False,True,False,False,False,False,False,True,False,False,True,False,False,True,False,False,False,True,False,True,True,True,Check-in
18,25,172,1,1,2,11,0,False,False,True,False,False,False,True,False,False,True,False,True,False,False,False,True,False,True,False,False,True,False,True,True,True,Cancel
19,5,197,83,3,4,11,0,False,False,False,True,False,False,True,False,False,False,False,False,True,False,False,True,False,True,False,False,False,False,True,True,True,No-show
45,20,242,168,2,4,11,0,False,False,True,False,False,False,True,False,True,False,False,True,False,False,True,False,False,False,False,False,False,False,False,False,True,Check-in
60,5,123,26,1,6,11,0,False,True,False,False,False,False,True,False,False,True,False,False,True,False,True,True,False,True,False,False,False,False,True,True,True,No-show
42,20,174,119,3,5,11,0,True,False,False,True,False,False,True,True,False,False,False,False,True,False,False,False,True,False,False,False,False,False,True,True,True,No-show
28,0,141,219,1,5,4,1,True,False,False,True,False,True,False,False,False,False,False,False,False,False,True,False,True,False,False,False,False,False,False,False,False,No-show
21,0,137,88,4,4,11,0,False,False,False,True,True,False,False,False,True,False,False,True,False,False,True,False,True,False,False,False,False,False,True,False,False,Check-in
44,0,108,102,1,3,11,0,False,False,False,True,True,False,False,False,False,True,False,True,False,False,False,True,False,False,False,False,False,True,False,True,False,No-show
48,0,197,22,1,3,11,0,True,False,False,False,False,False,True,False,False,False,False,True,False,True,False,False,True,False,False,False,True,False,True,True,False,No-show
48,5,222,170,1,3,11,0,True,False,False,False,False,False,False,False,True,False,False,True,False,False,False,False,True,True,True,False,False,False,True,True,True,Cancel
43,20,129,21,2,3,12,0,False,False,False,True,False,False,False,True,False,False,False,True,False,False,False,False,False,False,False,False,False,False,True,True,True,Check-in
62,10,137,96,2,5,12,0,True,False,False,False,True,False,False,True,False,False,False,True,False,False,False,True,False,True,True,False,False,False,True,True,True,Check-in
19,0,216,172,2,5,12,0,True,False,False,False,False,False,False,True,False,False,False,False,False,True,False,False,True,False,False,False,False,False,True,True,False,No-show
57,20,115,155,1,6,12,0,False,False,True,False,True,False,False,True,False,False,False,False,True,False,False,False,False,True,False,False,True,False,True,True,True,Cancel
22,0,123,64,2,3,12,0,False,True,False,False,False,False,False,False,True,False,False,True,False,False,True,True,False,False,False,False,True,True,False,True,False,No-show
59,10,229,141,1,4,12,0,True,False,False,False,False,False,False,False,True,False,False,False,False,False,False,False,True,True,False,False,False,False,True,True,True,Check-in
58,25,150,187,1,4,12,0,True,False,False,False,False,False,False,False,False,True,False,False,True,False,True,True,False,False,False,False,False,True,False,False,True,Check-in
36,0,175,99,2,3,12,0,True,True,False,False,False,False,False,False,False,False,True,False,False,False,True,False,False,False,False,False,False,False,True,False,False,Check-in
20,20,125,76,3,4,12,0,False,False,True,False,False,False,False,False,True,False,True,False,False,False,False,False,False,True,True,False,False,True,False,False,True,Check-in
60,0,202,89,3,4,12,0,False,False,False,False,True,False,False,False,True,False,False,False,False,True,False,False,True,False,False,False,False,True,False,True,False,Cancel
34,0,198,119,2,4,12,0,True,False,True,False,False,False,False,True,False,False,False,True,False,False,False,True,False,False,False,False,False,False,True,False,False,Check-in
20,25,147,196,1,3,12,0,True,False,True,False,False,False,False,True,False,False,False,False,False,False,True,True,False,True,False,False,True,False,True,True,True,Cancel
27,15,124,139,1,2,12,0,False,False,False,False,True,False,False,False,False,False,False,False,False,False,False,False,True,True,True,False,False,False,True,False,True,No-show
41,10,205,108,2,5,12,1,True,False,False,True,False,False,False,True,False,False,False,True,False,False,False,False,True,False,False,False,False,False,True,True,True,No-show
57,25,186,81,1,5,12,0,True,True,False,False,False,False,False,False,False,False,False,False,True,False,False,False,False,False,False,False,False,False,True,True,True,Check-in
54,0,214,199,1,4,12,0,False,False,False,False,False,False,False,False,False,True,False,True,False,False,True,True,False,False,False,False,False,True,False,False,False,Cancel
67,10,237,55,1,3,12,0,True,False,False,False,True,False,False,False,False,False,False,False,False,False,True,False,False,False,False,False,False,False,True,True,True,Check-in
53,5,177,93,1,6,12,0,True,False,False,False,False,False,False,False,True,False,False,True,False,False,True,False,False,True,False,False,False,False,True,True,True,Check-in
24,20,202,110,1,6,12,0,True,False,True,False,False,False,False,False,True,False,False,False,True,False,True,False,True,False,False,False,False,False,True,True,True,Check-in
67,0,214,8,1,5,12,0,False,False,False,False,False,False,False,False,False,True,False,True,False,True,False,False,False,False,False,False,False,False,True,True,False,Check-in
18,0,242,152,1,4,12,0,False,False,False,False,True,False,False,False,False,False,False,True,False,True,False,False,True,True,False,False,False,True,False,True,False,Cancel
34,0,116,65,1,4,12,0,False,False,True,False,False,False,False,False,True,False,True,False,False,False,False,True,False,False,False,False,False,False,True,True,False,Cancel
47,10,249,222,1,3,12,0,False,True,False,False,False,False,False,False,False,False,False,False,False,False,False,True,False,True,False,False,False,False,True,True,True,Cancel
46,20,196,0,4,3,12,0,True,False,False,True,False,True,False,False,False,True,False,False,False,False,True,False,True,False,False,False,False,False,True,False,True,No-show
19,20,155,168,1,3,12,0,False,True,False,False,True,False,False,True,False,False,True,False,False,False,False,True,False,False,False,False,False,True,False,True,True,No-show
18,25,163,40,1,3,12,0,False,False,True,False,True,False,False,False,False,False,False,True,False,False,True,True,False,False,False,False,False,True,False,False,True,No-show
67,5,118,91,3,3,12,0,False,False,False,True,False,False,False,False,True,False,False,True,False,False,False,False,False,True,False,False,False,False,True,False,True,Cancel
25,5,147,61,1,3,12,0,False,True,False,False,False,False,False,False,False,True,False,True,False,False,True,True,False,True,False,False,False,False,True,True,True,No-show
23,0,124,45,1,4,12,0,False,False,False,True,False,False,True,True,False,False,False,False,False,False,False,False,True,True,False,False,False,True,False,True,False,Check-in
34,25,140,124,4,6,12,0,True,False,False,False,False,False,True,True,False,False,False,True,False,False,True,False,True,False,False,False,True,False,True,True,True,Cancel
51,5,127,139,2,2,12,0,True,False,True,False,False,True,False,False,True,False,False,True,False,False,False,False,False,False,False,False,False,False,True,False,True,Check-in
66,10,158,81,2,5,12,0,False,False,True,False,False,False,False,False,True,False,False,True,False,False,True,False,True,True,False,False,False,False,False,True,True,Cancel
48,0,174,40,3,3,12,0,True,False,False,False,True,False,False,False,False,False,True,False,False,True,False,True,False,True,False,False,False,False,True,True,False,Cancel
49,10,202,77,1,4,12,0,False,False,False,True,False,False,False,False,True,False,False,False,False,True,False,False,False,False,False,False,False,False,True,True,True,Check-in
32,20,236,134,1,5,12,0,True,False,False,False,False,False,False,False,True,False,False,True,False,False,False,True,False,False,False,False,False,False,True,True,True,No-show
27,0,150,29,2,3,12,0,True,False,False,True,False,False,True,False,True,False,False,False,False,True,False,False,True,False,False,False,True,False,True,True,False,No-show
20,10,201,77,2,5,12,0,True,False,True,False,False,False,False,False,False,True,False,True,False,False,False,False,True,True,False,False,False,False,True,True,True,Cancel
51,10,170,187,1,4,12,1,True,False,False,True,False,True,False,True,False,False,False,True,False,True,False,False,False,False,False,False,False,False,True,True,True,No-show
43,5,185,194,1,5,12,1,True,True,False,False,False,False,True,True,False,False,True,False,False,True,False,True,False,False,False,False,False,True,False,False,True,Cancel
70,0,247,193,1,6,12,1,False,True,False,False,False,False,False,False,False,False,False,False,True,False,True,False,False,False,False,False,False,True,False,True,False,Check-in
66,10,152,4,2,4,12,1,True,True,False,False,False,False,False,False,False,True,False,True,False,False,False,False,True,False,False,False,True,False,True,True,True,Check-in
28,0,140,70,1,5,12,1,False,False,True,False,False,False,False,False,True,False,False,True,False,False,True,True,False,False,False,False,True,False,False,False,False,Cancel
64,10,248,154,1,4,12,1,False,True,False,False,True,False,False,True,False,False,False,True,False,False,False,False,False,False,False,False,False,False,True,True,True,Check-in
64,5,149,0,2,4,12,1,False,False,False,False,False,False,False,False,True,False,True,False,False,False,True,True,False,False,False,False,False,False,True,True,True,Cancel
19,20,235,148,1,3,12,1,False,True,False,False,False,True,False,True,False,False,False,False,False,True,False,True,False,True,True,False,False,False,False,True,True,No-show
33,10,208,179,1,5,12,1,True,False,False,False,False,False,False,False,False,False,False,True,False,False,True,False,True,False,False,False,False,False,False,True,True,No-show
46,0,210,15,3,4,12,1,False,True,False,False,False,False,False,False,False,False,True,False,False,False,False,True,False,True,True,False,False,False,False,True,False,Check-in
23,10,246,220,1,3,3,1,False,False,False,True,False,False,False,False,True,False,False,False,True,False,True,False,True,False,False,False,False,True,False,True,True,No-show
44,10,162,59,2,5,12,1,False,True,False,False,False,False,True,False,True,False,False,False,False,False,False,False,False,False,False,False,False,False,False,False,True,Check-in
59,5,147,95,1,6,12,1,True,True,False,False,True,False,False,False,True,False,False,False,True,False,True,False,False,True,False,False,False,False,True,True,True,Check-in
20,40,220,30,2,8,12,1,True,True,False,False,True,False,False,False,False,False,False,False,False,False,True,False,True,False,False,False,False,False,True,True,True,Cancel
52,25,242,86,1,4,12,1,True,False,True,False,True,False,False,True,False,False,True,False,False,True,False,True,False,True,False,False,False,True,False,False,True,Cancel
50,15,108,177,1,4,12,1,True,False,False,False,False,False,False,False,True,False,False,False,False,False,True,False,True,False,False,False,True,False,True,False,True,Check-in
39,25,201,69,1,4,12,1,False,False,False,True,False,True,False,True,False,False,False,False,True,False,False,True,False,False,False,False,False,False,True,True,True,No-show
49,20,178,180,2,3,12,1,False,False,False,False,True,False,False,False,False,False,False,False,True,False,False,False,False,True,True,False,True,True,False,True,True,Check-in
50,5,128,7,1,2,12,1,False,False,False,False,False,False,False,False,True,False,False,True,False,True,False,True,False,True,False,False,False,False,True,False,True,Cancel
31,0,107,151,3,5,12,1,False,False,False,True,False,False,False,False,True,False,False,False,True,True,False,False,False,False,False,True,False,True,False,False,False,No-show
48,0,176,161,2,7,12,1,True,True,False,False,False,False,True,False,False,True,False,True,False,False,True,False,False,False,False,False,False,True,False,True,False,Check-in
46,0,134,181,1,2,12,1,True,False,True,False,False,True,False,True,False,False,True,False,False,False,False,False,False,False,False,False,False,False,True,True,False,Check-in
31,5,227,73,3,4,12,1,True,False,True,False,False,True,False,False,True,False,False,False,False,False,False,False,False,False,False,False,True,False,True,False,True,Cancel
34,0,121,51,3,4,12,1,True,True,False,False,False,True,False,False,False,True,False,False,False,True,False,False,True,True,False,False,False,False,True,True,False,Cancel
51,0,139,82,3,6,4,0,True,False,False,False,False,True,False,True,False,False,False,False,False,False,True,False,True,False,False,False,False,False,True,True,False,Cancel
65,20,139,101,2,6,12,1,False,True,False,False,False,False,True,False,True,False,True,False,False,False,False,False,True,True,True,False,True,False,True,True,True,Cancel
40,10,227,87,2,4,12,1,True,False,False,False,True,False,False,False,False,False,False,False,False,False,True,True,False,False,False,False,False,False,False,True,True,Cancel
64,20,216,208,1,6,12,1,True,False,True,False,False,False,False,False,False,True,False,False,False,True,False,False,True,True,False,True,False,False,True,True,True,Check-in
47,15,246,48,2,4,12,1,True,False,False,False,False,False,True,False,False,False,False,False,False,True,False,False,True,False,False,False,True,False,True,True,True,No-show
41,5,130,91,1,6,12,1,False,True,False,False,True,False,False,True,False,False,False,True,False,True,False,True,False,True,True,False,False,False,True,True,True,No-show
44,0,210,84,3,4,12,1,False,False,True,False,False,False,True,False,True,False,False,True,False,False,True,True,False,False,False,False,False,False,True,True,False,No-show
66,5,186,152,1,7,12,1,True,False,False,False,False,True,False,False,False,False,True,False,False,False,False,False,False,False,False,False,True,True,False,True,True,Check-in
65,5,111,204,1,5,12,1,False,True,False,False,False,False,False,True,False,False,False,True,False,False,True,True,False,True,True,False,False,False,False,True,True,Cancel
59,25,230,203,1,6,12,1,True,True,False,False,True,False,False,False,True,False,False,False,False,True,False,False,False,True,False,False,False,False,True,False,True,Check-in
28,5,250,194,2,6,12,1,True,False,True,False,False,False,True,False,True,False,False,True,False,False,False,True,False,False,False,False,True,False,False,True,True,No-show
24,10,157,33,2,3,12,1,True,True,False,False,False,True,False,False,False,False,False,False,True,True,False,False,True,True,True,False,True,True,False,True,True,No-show
58,0,205,187,1,5,12,1,False,False,True,False,False,False,True,False,False,False,False,False,False,True,False,True,False,False,False,False,False,True,False,False,False,No-show
19,25,213,128,1,6,12,1,False,False,False,True,False,False,True,False,False,False,True,False,False,False,False,False,False,False,False,False,False,True,False,False,True,No-show
65,10,243,167,2,4,12,1,False,True,False,False,False,False,False,False,False,True,False,True,False,False,True,False,True,False,False,False,False,False,False,True,True,Cancel
20,10,247,134,1,3,12,1,True,False,False,True,False,True,False,True,False,False,False,True,False,False,False,False,True,True,False,False,False,False,True,True,True,No-show
70,15,112,85,1,3,12,1,True,False,True,False,False,False,False,True,False,False,False,True,False,True,False,False,False,False,False,False,True,True,False,False,True,Check-in
42,10,140,112,1,4,12,1,False,False,True,False,False,False,True,False,False,False,False,True,False,False,False,True,False,False,False,False,False,True,False,True,True,Cancel
68,5,198,213,1,7,12,1,True,False,True,False,False,False,True,False,False,False,False,True,False,False,True,False,False,True,True,True,False,False,False,True,True,Check-in
31,5,219,45,3,2,12,1,True,True,False,False,False,False,False,False,True,False,True,False,False,False,True,False,True,False,False,False,True,True,False,False,True,Cancel
65,25,200,2,3,7,12,1,True,False,False,True,False,False,False,False,False,False,False,False,False,False,False,False,True,False,False,False,True,False,True,False,True,No-show
47,5,200,36,3,5,12,1,False,False,False,False,False,True,False,True,False,False,False,False,True,False,True,False,True,True,False,False,False,False,True,False,True,Check-in
28,0,144,48,2,3,12,1,False,False,False,True,False,False,False,False,False,True,True,False,False,True,False,True,False,False,False,False,True,False,True,True,False,Cancel
53,0,108,214,1,5,12,1,False,False,False,False,False,False,True,False,False,False,False,False,True,True,False,False,True,False,False,False,True,False,True,True,False,No-show
38,5,196,216,1,6,12,1,True,False,False,True,False,True,False,True,False,False,False,False,False,True,False,False,True,True,False,False,True,False,True,False,True,No-show
19,10,110,35,1,4,12,1,False,False,True,False,False,False,True,True,False,False,True,False,False,False,True,True,False,False,False,False,True,False,True,True,True,No-show
66,20,185,210,1,4,12,1,False,True,False,False,True,False,False,True,False,False,False,False,False,False,True,False,False,False,False,False,False,False,True,True,True,Cancel
39,25,229,126,4,3,12,1,False,False,True,False,True,False,False,False,False,True,False,True,False,True,False,False,False,False,False,False,False,True,False,True,True,Check-in
56,0,149,180,1,5,12,1,False,False,True,False,False,False,True,False,False,False,False,False,False,False,False,True,False,False,False,True,False,True,False,True,False,No-show
32,0,189,67,4,6,12,1,True,False,True,False,False,False,True,False,True,False,False,False,True,True,False,False,False,False,False,False,False,True,False,True,False,Check-in
68,20,172,168,3,3,12,1,True,True,False,False,False,True,False,False,True,False,False,True,False,True,False,False,False,True,False,False,False,False,True,True,True,Check-in
57,30,244,73,3,4,12,1,False,True,False,False,False,False,False,False,False,False,False,False,True,True,False,False,False,False,False,False,True,False,False,True,True,Check-in
41,20,199,81,4,6,12,1,True,False,False,True,True,False,False,False,True,False,False,False,True,False,False,False,True,False,False,False,False,False,False,True,True,No-show
55,20,176,191,1,4,12,1,False,False,False,True,True,False,False,False,True,False,False,False,False,False,True,False,False,False,False,False,False,False,False,False,True,Check-in
60,0,183,81,1,4,12,1,True,False,False,True,False,True,False,False,True,False,False,True,False,True,False,True,False,True,True,False,True,True,False,True,False,No-show
63,5,185,180,1,5,12,1,False,False,True,False,False,False,False,False,False,True,False,True,False,False,False,False,True,False,False,True,False,False,True,True,True,Check-in
52,20,118,75,2,4,12,1,True,False,True,False,False,False,False,True,False,False,False,False,False,True,False,False,False,False,False,False,True,False,False,True,True,Check-in
18,5,246,30,1,2,12,1,False,False,False,True,False,False,False,False,True,False,False,True,False,True,False,True,False,True,False,False,False,True,False,False,True,No-show
55,25,172,150,1,3,12,1,False,False,False,False,False,False,True,False,True,False,False,True,False,False,False,True,False,False,False,False,False,True,False,True,True,No-show
66,0,248,34,1,4,12,1,True,False,False,True,True,False,False,True,False,False,False,True,False,False,True,False,False,True,False,False,True,True,False,False,False,Check-in
21,10,223,37,1,5,12,1,False,False,False,True,False,True,False,False,True,False,True,False,False,False,False,False,True,True,False,False,True,True,False,True,True,Cancel
29,20,100,107,3,4,12,1,True,False,False,False,False,False,False,False,False,True,False,False,True,True,False,True,False,True,False,False,False,False,True,True,True,Cancel
50,25,195,129,2,4,12,1,True,False,False,True,True,False,False,False,False,False,False,False,True,False,False,True,False,False,False,False,False,False,True,True,True,No-show
64,0,104,87,1,6,12,1,False,False,False,False,False,False,False,False,False,True,False,True,False,False,True,False,False,False,False,False,True,True,False,True,False,Check-in
48,5,167,92,1,3,12,1,True,False,False,False,True,False,False,False,False,False,False,True,False,False,False,False,False,True,False,False,False,False,True,True,True,Check-in
34,0,172,174,2,3,12,1,True,True,False,False,False,True,False,False,True,False,True,False,False,False,True,True,False,False,False,False,False,False,True,True,False,Cancel
47,5,180,53,1,4,12,1,True,False,False,True,False,True,False,False,False,True,False,False,True,False,False,False,False,False,False,False,False,False,True,True,True,Check-in
39,10,184,30,1,6,12,1,True,False,True,False,False,False,False,False,False,False,False,False,True,False,False,False,False,False,False,False,False,True,False,True,True,Check-in
65,0,211,155,1,6,12,1,False,False,False,True,False,False,False,True,False,False,True,False,False,False,False,True,False,False,False,False,False,False,True,True,False,Cancel
39,20,159,69,1,4,12,1,True,False,False,False,False,False,True,False,False,False,True,False,False,False,True,False,True,False,False,False,False,False,True,True,True,No-show
62,0,187,37,1,5,12,1,True,True,False,False,True,False,False,True,False,False,True,False,False,False,False,False,False,False,False,False,True,False,True,False,False,Check-in
29,0,241,184,3,2,12,1,False,False,False,False,False,False,False,False,True,False,False,True,False,False,False,False,False,False,False,True,False,False,True,True,False,No-show
52,10,207,146,3,4,12,1,False,False,False,False,True,False,False,False,True,False,False,True,False,False,False,False,False,False,False,False,False,False,False,True,True,No-show
64,0,238,77,1,2,12,1,True,False,False,True,False,False,False,False,True,False,True,False,False,True,False,False,True,False,False,True,False,False,False,True,False,No-show
69,40,165,18,1,3,12,1,True,False,False,False,False,False,False,False,False,True,False,True,False,False,False,False,False,True,True,False,False,True,False,True,True,Cancel
34,0,209,218,1,7,12,1,False,False,False,False,False,False,False,False,False,True,True,False,False,False,False,False,False,False,False,False,True,True,False,True,False,Check-in
31,5,178,69,1,2,12,1,False,False,True,False,False,False,False,True,False,False,False,False,False,False,True,False,False,False,False,True,False,True,False,True,True,Check-in
24,5,206,53,2,6,12,1,True,False,False,False,False,False,False,False,False,True,True,False,False,False,True,False,True,False,False,False,False,False,True,False,True,No-show
41,30,101,31,1,4,12,1,True,False,True,False,False,False,False,True,False,False,False,True,False,True,False,False,False,True,False,False,False,False,True,False,True,Check-in
20,10,213,6,2,7,12,1,True,False,True,False,False,True,False,True,False,False,False,False,True,True,False,True,False,False,False,False,True,False,False,False,True,Cancel
60,5,221,131,3,7,12,1,True,False,False,True,False,True,False,False,True,False,False,True,False,True,False,True,False,False,False,False,False,False,True,True,True,No-show
66,0,186,88,2,3,12,1,True,True,False,False,False,False,True,True,False,False,False,False,False,True,False,False,False,False,False,False,False,False,True,False,False,No-show
59,20,235,34,1,6,12,1,False,False,True,False,False,False,False,True,False,False,False,True,False,True,False,True,False,False,False,False,False,True,False,False,True,No-show
24,10,203,179,1,5,12,1,False,False,False,False,False,False,True,False,True,False,False,False,False,False,True,False,True,True,False,True,False,False,True,True,True,No-show
36,0,153,34,2,6,12,1,False,True,False,False,True,False,False,False,False,False,False,True,False,False,False,False,False,False,False,False,False,False,True,True,False,Check-in
67,5,120,186,2,5,12,1,False,True,False,False,True,False,False,False,True,False,False,False,False,False,False,False,False,True,False,False,False,True,False,True,True,Check-in
59,0,197,179,1,5,12,1,False,False,False,True,False,False,False,False,True,False,True,False,False,True,False,True,False,False,False,False,False,True,False,True,False,Cancel
70,20,182,61,1,4,12,1,True,True,False,False,False,True,False,True,False,False,False,False,True,True,False,True,False,False,False,True,False,False,True,True,True,No-show
25,20,162,76,2,3,12,1,True,False,True,False,False,False,True,False,True,False,True,False,False,False,True,True,False,True,False,False,False,False,False,True,True,Check-in
56,10,103,3,1,6,12,1,False,False,True,False,False,False,True,False,False,False,False,True,False,True,False,True,False,False,False,False,False,False,True,False,True,No-show
68,0,207,13,1,4,12,1,True,False,True,False,True,False,False,True,False,False,False,True,False,False,False,True,False,True,False,False,False,False,True,True,False,Cancel
41,10,248,98,4,3,12,1,False,False,True,False,False,False,False,True,False,False,False,False,True,False,False,False,False,False,False,False,False,False,True,True,True,Check-in
34,5,110,127,3,5,12,1,False,False,False,False,False,False,False,False,True,False,False,False,True,False,False,False,True,True,True,False,True,False,True,True,True,Check-in
69,10,182,27,1,4,12,1,True,True,False,False,False,False,False,False,False,False,True,False,False,False,True,False,False,False,False,False,True,False,True,True,True,Check-in
56,25,239,83,4,3,12,1,False,False,False,False,False,False,False,False,False,False,False,True,False,True,False,False,True,False,False,False,False,False,True,True,True,No-show
58,5,198,16,1,2,12,1,False,False,True,False,False,False,False,False,False,False,True,False,False,True,False,True,False,False,False,False,False,False,True,False,True,No-show
41,0,150,33,2,4,12,1,True,False,True,False,False,True,False,False,False,True,False,False,True,False,True,False,True,False,False,False,False,True,False,True,False,Check-in
44,25,199,181,3,3,12,1,True,False,False,False,False,False,False,True,False,False,True,False,False,True,False,True,False,False,False,False,True,True,False,True,True,Cancel
69,0,219,11,1,2,12,1,False,False,True,False,False,False,False,True,False,False,False,False,True,False,False,False,True,False,False,False,False,False,True,True,False,No-show
65,20,199,207,2,7,12,1,True,False,False,True,True,False,False,False,True,False,False,True,False,True,False,False,True,False,False,False,False,False,True,False,True,No-show
56,10,217,207,1,3,12,1,False,False,True,False,False,True,False,True,False,False,False,False,False,False,True,False,True,True,False,False,True,False,True,True,True,No-show
56,25,217,138,1,4,12,1,False,False,False,False,False,False,True,False,False,True,False,True,False,True,False,False,False,True,False,False,False,True,False,False,True,Cancel
22,0,159,21,1,3,12,1,True,False,False,True,False,False,False,False,True,False,False,False,True,False,True,False,False,False,False,True,False,False,True,False,False,No-show
46,10,121,74,1,4,12,1,True,False,False,False,False,True,False,False,True,False,False,False,True,False,False,False,True,False,False,False,False,False,True,True,True,No-show
35,15,167,10,2,2,12,1,False,False,True,False,False,True,False,False,True,False,False,True,False,False,False,False,True,False,False,False,False,True,False,True,True,Cancel
31,10,221,85,1,4,12,1,True,True,False,False,False,False,True,False,False,True,False,False,True,True,False,False,True,True,True,False,False,True,False,False,True,Check-in
43,20,141,38,4,2,12,1,False,True,False,False,False,True,False,False,False,False,False,True,False,False,True,True,False,False,False,False,True,False,True,True,True,Cancel
52,5,210,14,1,2,12,0,False,False,False,False,False,False,False,True,False,False,False,False,True,True,False,False,True,False,False,False,False,True,False,True,True,Check-in
68,20,206,75,1,2,12,0,False,True,False,False,False,False,False,False,True,False,True,False,False,False,True,True,False,False,False,False,False,False,True,True,True,Cancel
27,20,166,179,1,3,12,0,False,False,True,False,False,False,False,False,False,False,True,False,False,False,False,False,False,False,False,False,True,False,True,False,True,No-show
18,15,230,146,1,5,12,0,False,True,False,False,False,False,True,True,False,False,False,True,False,False,True,True,False,False,False,False,False,False,True,True,True,Cancel
31,0,173,195,3,5,12,0,False,False,False,True,False,False,True,False,False,False,False,False,True,False,True,False,False,True,False,False,False,False,False,True,False,No-show
32,0,229,106,2,3,12,0,True,False,True,False,True,False,False,True,False,False,False,False,True,False,True,True,False,False,False,False,False,False,True,True,False,No-show
26,5,164,23,1,5,12,0,True,False,True,False,False,True,False,False,False,False,True,False,False,True,False,False,False,False,False,False,False,False,True,True,True,Check-in
31,0,206,104,1,3,12,0,True,True,False,False,False,False,True,False,True,False,False,True,False,False,True,False,False,False,False,False,False,False,True,False,False,Check-in
26,0,235,64,1,4,12,0,True,True,False,False,False,False,False,False,False,True,False,True,False,True,False,False,False,False,False,False,True,False,False,False,False,Check-in
32,30,233,107,1,2,12,0,True,False,False,True,False,True,False,False,True,False,True,False,False,False,False,False,False,False,False,False,False,True,False,True,True,Check-in
47,0,159,196,1,6,12,0,False,False,False,False,False,False,False,False,True,False,False,True,False,True,False,False,True,False,False,False,True,True,False,True,False,Check-in
41,0,134,101,2,4,12,0,False,False,False,True,False,True,False,False,True,False,False,True,False,True,False,False,False,False,False,False,False,False,True,False,False,Check-in
25,40,207,32,2,3,12,0,False,True,False,False,True,False,False,False,False,False,True,False,False,False,True,False,True,True,False,False,False,False,True,True,True,Cancel
38,10,138,43,3,5,12,0,False,False,True,False,False,False,False,True,False,False,False,False,False,False,True,False,True,True,False,False,False,False,True,True,True,Check-in
66,0,173,218,3,3,12,0,True,False,False,False,False,False,False,False,True,False,False,False,False,False,True,False,True,True,True,True,False,False,True,True,False,Check-in
67,5,222,105,2,3,12,0,False,False,False,False,False,True,False,True,False,False,True,False,False,True,False,True,False,True,False,False,True,False,True,True,True,Check-in
63,20,223,181,2,4,12,0,True,False,False,True,False,True,False,False,False,False,False,False,False,True,False,True,False,False,False,False,False,False,True,True,True,Cancel
40,0,185,31,2,5,12,0,False,False,False,False,False,False,False,False,True,False,False,True,False,False,False,False,True,False,False,False,False,True,False,True,False,No-show
28,5,156,18,1,3,12,0,True,False,True,False,False,False,False,False,True,False,False,True,False,False,False,False,True,False,False,True,False,False,True,True,True,Cancel
26,5,249,141,3,7,12,0,False,True,False,False,False,False,False,True,False,False,False,True,False,False,False,False,True,False,False,False,True,True,False,False,True,Check-in
57,0,210,216,1,3,12,0,True,False,False,False,False,True,False,False,True,False,False,True,False,False,True,False,True,True,False,True,False,True,False,False,False,Cancel
39,0,237,164,4,3,12,0,False,False,False,True,True,False,False,False,False,False,False,True,False,False,False,False,False,False,False,False,False,False,True,True,False,No-show
23,0,236,25,1,2,12,0,True,False,False,True,False,True,False,True,False,False,True,False,False,False,True,False,False,False,False,False,False,True,False,False,False,Check-in
56,5,217,108,1,5,12,0,True,False,True,False,False,True,False,False,False,True,False,False,False,False,True,False,True,False,False,False,False,True,False,False,True,No-show
56,20,164,211,2,4,12,0,False,True,False,False,False,False,False,False,False,False,False,True,False,False,True,False,True,False,False,False,False,False,False,True,True,Check-in
53,0,188,42,1,3,12,0,True,False,False,False,False,False,False,False,False,False,False,False,True,True,False,False,True,False,False,False,False,False,False,False,False,No-show
31,40,125,20,2,3,12,0,False,True,False,False,True,False,False,False,False,False,False,True,False,False,False,False,True,True,False,False,True,False,True,True,True,Cancel
31,20,226,28,3,4,12,0,True,False,True,False,False,False,True,False,False,True,False,False,True,False,True,False,True,True,False,False,False,False,True,True,True,Cancel
59,10,247,0,1,4,12,0,False,False,False,False,False,False,True,False,False,False,False,True,False,True,False,False,True,False,False,False,False,False,True,False,True,No-show
44,5,117,106,3,3,12,0,False,False,False,False,False,False,True,False,False,False,False,True,False,False,False,False,False,True,False,False,False,True,False,True,True,No-show
18,25,182,127,2,5,12,0,True,True,False,False,False,False,False,False,False,False,False,False,False,False,False,True,False,False,False,False,True,False,False,True,True,Cancel
55,10,217,195,1,5,12,0,True,False,False,False,False,False,False,False,True,False,False,True,False,False,True,False,False,False,False,False,False,True,False,False,True,Cancel
70,10,201,182,2,8,12,0,True,True,False,False,False,False,True,False,True,False,False,True,False,False,True,True,False,False,False,False,False,True,False,True,True,No-show
68,0,250,143,2,3,12,0,True,False,False,True,True,False,False,True,False,False,False,False,True,False,True,True,False,True,False,False,False,False,True,True,False,No-show
26,30,217,128,2,4,12,0,False,False,False,False,False,True,False,False,True,False,True,False,False,False,True,True,False,True,True,False,False,False,True,True,True,Cancel
60,25,244,69,1,7,2,0,True,True,False,False,False,False,False,False,True,False,False,False,True,True,False,True,False,False,False,False,True,False,True,False,True,Cancel
24,20,150,11,2,7,12,0,True,True,False,False,False,False,True,False,False,False,False,True,False,False,False,True,False,False,False,False,False,False,True,False,True,No-show
35,40,158,91,2,4,12,0,True,False,False,True,False,False,True,False,False,False,False,True,False,False,True,False,False,True,False,False,False,False,False,True,True,No-show
39,5,208,119,1,4,12,0,True,True,False,False,False,False,False,False,True,False,False,True,False,False,False,False,True,True,False,False,False,True,False,False,True,Check-in
59,25,197,119,1,5,12,0,False,True,False,False,False,True,False,False,False,True,True,False,False,True,False,False,False,True,False,False,False,False,True,True,True,Cancel
34,10,120,142,1,4,12,0,True,False,True,False,False,False,False,True,False,False,True,False,False,True,False,True,False,False,False,False,False,True,False,True,True,Cancel
46,15,162,189,1,5,12,0,True,False,False,False,False,False,False,False,False,False,False,True,False,False,False,True,False,False,False,True,False,False,False,True,True,Cancel
23,5,162,190,1,3,12,0,True,False,False,True,True,False,False,False,True,False,False,True,False,False,True,False,False,False,False,False,False,False,True,True,True,Cancel
56,30,196,182,2,6,12,0,False,False,True,False,False,False,False,False,False,False,False,False,False,True,False,False,False,False,False,False,False,True,False,False,True,Check-in
35,10,169,90,2,3,12,0,True,False,True,False,False,False,False,False,True,False,False,True,False,False,True,False,True,False,False,False,False,False,True,True,True,No-show
57,20,202,1,2,3,12,0,True,False,False,True,True,False,False,False,False,True,False,False,True,True,False,False,False,True,False,False,False,False,False,True,True,Check-in
54,5,207,82,1,6,12,0,False,False,True,False,False,False,False,False,True,False,False,True,False,False,True,False,True,False,False,False,False,False,True,False,True,Cancel
22,20,133,122,4,5,12,0,False,True,False,False,False,True,False,False,True,False,False,False,True,True,False,False,False,True,False,False,False,False,True,True,True,Check-in
34,10,133,175,1,4,12,0,False,False,True,False,False,True,False,False,False,False,False,False,True,False,True,True,False,False,False,False,False,False,True,False,True,Check-in
48,5,175,175,1,3,12,0,True,False,False,True,True,False,False,True,False,False,False,True,False,True,False,True,False,False,False,False,True,True,False,True,True,No-show
49,25,127,168,1,6,12,0,False,True,False,False,True,False,False,True,False,False,True,False,False,True,False,True,False,True,False,False,True,True,False,True,True,Cancel
61,5,127,6,1,5,12,0,True,False,True,False,False,True,False,False,True,False,False,True,False,False,True,False,True,False,False,False,True,True,False,False,True,Check-in
23,20,137,42,1,7,12,0,False,True,False,False,False,False,False,False,True,False,False,False,True,True,False,False,False,False,False,False,False,True,False,True,True,Check-in
65,5,248,184,1,6,12,0,False,False,True,False,True,False,False,False,True,False,False,True,False,True,False,False,False,False,False,False,False,False,True,False,True,Cancel
30,0,166,184,1,3,12,0,False,False,False,False,False,False,True,False,False,True,False,True,False,False,False,False,False,True,True,False,True,False,True,False,False,Check-in
54,0,225,160,2,3,12,0,True,False,True,False,False,False,False,False,True,False,False,True,False,False,False,False,False,False,False,False,False,True,False,True,False,Check-in
51,10,171,31,1,7,12,0,True,False,True,False,True,False,False,False,False,True,False,True,False,False,True,False,False,False,False,False,False,False,False,True,True,Check-in
47,0,153,188,3,6,12,0,False,False,False,True,False,False,True,True,False,False,True,False,False,False,True,False,True,False,False,False,False,True,False,True,False,Check-in
54,30,101,98,1,2,12,0,True,False,True,False,True,False,False,False,True,False,False,False,True,False,True,False,True,False,False,False,False,True,False,True,True,Check-in
22,5,244,202,1,7,12,0,False,True,False,False,False,False,True,False,True,False,False,False,False,True,False,True,False,True,True,False,False,True,False,True,True,No-show
62,30,204,79,3,4,12,0,True,True,False,False,False,False,False,False,False,True,True,False,False,False,True,False,True,False,False,False,True,False,True,True,True,Cancel
55,20,216,39,1,6,12,0,True,True,False,False,True,False,False,False,True,False,False,False,True,False,True,False,True,False,False,False,False,False,False,True,True,Check-in
40,25,191,214,1,3,12,0,False,False,True,False,False,True,False,False,False,False,False,False,True,True,False,False,True,True,False,False,True,False,True,True,True,Cancel
55,0,113,16,3,5,12,0,True,False,False,True,True,False,False,False,True,False,False,True,False,True,False,False,False,True,False,False,False,False,True,True,False,Check-in
45,5,150,215,2,2,12,0,False,True,False,False,False,False,True,False,False,False,False,True,False,True,False,False,False,False,False,False,False,False,True,True,True,Check-in
33,0,123,90,1,4,12,0,False,False,False,True,True,False,False,True,False,False,False,True,False,False,True,False,True,False,False,False,True,False,True,False,False,Cancel
27,20,159,173,2,5,12,0,False,True,False,False,False,True,False,False,False,True,False,False,True,True,False,False,False,False,False,False,False,True,False,True,True,Check-in
34,0,100,28,1,3,12,0,False,True,False,False,False,False,True,True,False,False,False,True,False,False,False,False,False,False,False,False,True,True,False,False,False,Check-in
69,15,139,125,1,6,12,0,False,False,False,False,False,False,False,False,True,False,False,True,False,False,False,False,False,False,False,False,False,False,True,True,True,Check-in
18,40,223,106,2,6,12,0,True,True,False,False,False,True,False,True,False,False,False,True,False,False,False,True,False,True,False,False,False,False,True,False,True,Check-in
40,10,175,19,1,3,12,0,True,False,False,False,True,False,False,False,False,True,False,True,False,True,False,True,False,False,False,False,False,False,True,True,True,No-show
20,20,108,124,1,4,12,0,False,False,True,False,True,False,False,True,False,False,True,False,False,True,False,True,False,False,False,True,False,False,False,True,True,Cancel
67,5,129,73,2,3,12,0,True,False,False,False,False,False,False,False,True,False,False,False,False,True,False,True,False,False,False,False,False,True,False,True,True,Cancel
52,10,242,210,1,6,12,0,True,False,True,False,False,True,False,False,False,False,False,False,False,False,True,False,False,False,False,False,False,True,False,True,True,Check-in
54,30,126,215,1,3,12,0,False,False,False,True,False,False,True,False,False,False,True,False,False,True,False,True,False,True,True,False,False,False,True,True,True,No-show
51,0,137,102,3,6,12,0,False,True,False,False,False,False,True,False,True,False,False,True,False,False,True,False,False,False,False,False,False,False,True,True,False,Check-in
40,10,229,178,3,3,12,0,False,True,False,False,False,False,True,False,False,True,False,False,True,False,False,True,False,False,False,False,True,False,True,False,True,Check-in
19,10,244,127,2,5,12,0,False,False,False,False,False,False,False,False,False,True,False,False,True,False,False,False,True,False,False,False,False,False,True,True,True,Cancel
52,5,158,137,1,7,12,0,False,False,False,False,False,False,False,False,True,False,False,False,False,False,True,False,True,False,False,False,False,False,True,True,True,Check-in
43,25,124,133,2,4,12,0,False,False,False,False,False,False,False,False,True,False,False,True,False,False,False,False,False,False,False,False,False,False,True,True,True,No-show
56,0,119,133,2,3,12,1,False,True,False,False,False,False,True,True,False,False,False,False,False,False,False,True,False,False,False,True,False,False,True,True,False,No-show
56,0,158,43,1,6,12,0,False,False,False,True,False,False,True,True,False,False,False,False,True,False,False,False,True,True,False,False,True,False,True,True,False,No-show
45,30,201,167,1,6,12,0,True,False,True,False,False,True,False,False,False,True,True,False,False,True,False,False,False,False,False,True,False,True,False,True,True,Check-in
24,0,112,101,1,5,12,0,True,False,False,False,False,True,False,False,False,False,True,False,False,False,False,False,True,True,True,False,True,False,True,False,False,Check-in
28,10,101,42,1,3,12,0,True,False,False,False,False,False,True,True,False,False,True,False,False,False,False,True,False,False,False,True,False,True,False,False,True,No-show
48,25,204,103,3,6,12,0,True,False,False,False,False,False,False,False,False,False,True,False,False,False,False,True,False,False,False,False,False,True,False,True,True,No-show
67,0,167,77,1,6,12,0,False,False,True,False,False,False,True,False,False,False,False,True,False,False,True,False,False,False,False,False,True,False,True,True,False,Cancel
18,0,130,104,2,6,12,0,True,False,True,False,False,True,False,True,False,False,False,False,False,False,True,False,False,True,True,False,False,True,False,True,False,Check-in
28,0,202,93,4,4,12,0,False,False,True,False,False,True,False,False,False,True,True,False,False,False,True,True,False,False,False,False,False,False,True,False,False,No-show
69,0,216,166,1,2,12,0,False,True,False,False,False,False,False,False,False,True,False,False,False,False,False,False,False,False,False,False,True,False,True,False,False,Check-in
20,20,205,4,1,4,12,0,False,True,False,False,False,False,False,False,False,False,False,False,False,False,False,True,False,False,False,False,True,False,True,True,True,Cancel
51,15,217,112,2,6,12,0,True,False,False,True,False,False,False,False,False,False,False,True,False,False,True,False,True,False,False,False,False,False,True,False,True,Check-in
61,20,244,66,2,6,12,0,False,False,True,False,False,False,True,False,False,False,True,False,False,False,False,True,False,False,False,False,False,False,False,True,True,No-show
50,20,229,115,1,7,12,0,False,False,False,False,False,False,False,False,True,False,True,False,False,False,False,True,False,True,True,False,False,False,True,True,True,Cancel
47,30,103,80,1,3,12,0,False,False,True,False,True,False,False,False,True,False,False,True,False,False,False,True,False,True,False,False,True,False,False,True,True,Cancel
45,5,115,139,4,5,12,0,True,False,False,True,False,False,False,True,False,False,False,False,False,True,False,False,False,False,False,False,False,False,True,True,True,Check-in
28,0,130,46,2,6,12,0,False,False,True,False,False,False,False,False,True,False,True,False,False,False,False,False,False,False,False,False,False,False,True,True,False,Check-in
50,20,105,93,1,5,12,0,False,True,False,False,False,False,False,True,False,False,False,False,False,False,False,True,False,True,False,False,False,False,True,True,True,No-show
33,20,247,109,1,2,12,0,True,False,True,False,True,False,False,False,False,False,False,True,False,True,False,False,False,False,False,False,False,False,False,False,True,Check-in
45,0,246,161,2,4,12,0,True,True,False,False,False,False,False,False,True,False,False,False,False,True,False,False,True,False,False,False,False,False,True,False,False,Check-in
47,10,193,112,4,2,12,0,False,False,False,True,False,False,False,False,True,False,False,False,False,True,False,True,False,False,False,False,False,False,True,True,True,No-show
48,10,205,46,1,5,12,0,True,False,True,False,False,False,False,False,False,False,True,False,False,False,False,False,False,True,False,False,False,True,False,True,True,Check-in
67,0,214,214,2,5,12,0,True,False,False,True,False,False,False,False,True,False,False,True,False,True,False,False,False,True,False,False,False,True,False,True,False,Check-in
22,10,231,67,2,3,12,0,False,False,True,False,False,False,True,True,False,False,True,False,False,True,False,False,False,False,False,True,False,True,False,False,True,Check-in
19,0,210,15,1,5,12,1,False,False,True,False,False,True,False,False,False,False,False,False,False,False,False,True,False,True,False,False,False,True,False,True,False,Cancel
36,10,197,60,1,4,12,0,True,False,False,False,False,False,True,True,False,False,False,True,False,False,False,False,True,False,False,False,True,False,True,True,True,No-show
40,0,223,62,1,5,12,0,False,True,False,False,False,False,False,False,True,False,False,True,False,False,True,False,False,True,False,False,False,False,True,True,False,Check-in
68,0,240,16,1,2,1,0,False,False,False,False,False,False,True,False,False,False,False,True,False,False,False,False,False,False,False,False,False,True,False,True,False,Check-in
60,5,185,176,1,3,12,0,False,False,False,False,True,False,False,True,False,False,False,True,False,False,False,False,True,True,False,False,True,False,True,True,True,No-show
64,10,140,81,1,5,12,0,False,False,False,False,True,False,False,False,False,False,False,True,False,False,False,True,False,True,True,False,False,True,False,True,True,Check-in
63,20,152,103,2,3,12,0,False,False,True,False,False,True,False,False,False,False,False,False,False,False,True,True,False,False,False,False,True,False,True,False,True,Check-in
24,40,146,35,3,4,12,0,False,False,False,True,False,False,False,True,False,False,False,True,False,False,True,True,False,False,False,True,False,False,True,True,True,Cancel
19,10,139,188,1,5,12,0,True,False,False,True,True,False,False,False,False,True,False,False,True,False,True,False,True,False,False,False,True,False,True,False,True,No-show
51,0,102,0,1,4,12,0,True,False,False,False,False,False,False,False,False,False,True,False,False,False,True,False,True,True,True,False,True,False,True,True,False,Check-in
18,20,202,77,3,2,12,0,False,False,True,False,True,False,False,False,False,False,False,False,False,True,False,True,False,True,True,False,False,False,True,True,True,No-show
63,10,231,146,1,3,12,0,False,False,False,False,False,False,False,False,False,False,False,False,False,True,False,False,True,False,False,False,True,False,False,True,True,Check-in
29,40,232,118,1,3,12,0,True,False,True,False,False,True,False,False,False,True,False,True,False,False,True,False,True,True,True,False,False,False,False,True,True,Check-in
50,40,175,35,1,5,12,0,True,True,False,False,False,False,True,False,False,False,False,False,False,False,False,True,False,True,False,False,False,False,True,True,True,Cancel
63,20,190,132,3,3,12,0,True,False,False,True,False,False,False,False,True,False,False,True,False,False,False,True,False,True,False,False,False,True,False,True,True,No-show
31,25,199,146,1,2,12,0,True,False,True,False,False,False,False,False,False,True,False,True,False,False,True,False,False,True,True,False,False,True,False,True,True,Check-in
40,0,130,89,2,3,12,0,False,False,False,False,False,False,False,False,True,False,False,False,False,False,False,True,False,False,False,False,False,False,True,True,False,Cancel
35,0,108,141,1,6,12,0,False,False,False,False,False,False,True,False,False,False,False,True,False,True,False,True,False,True,False,False,True,False,True,True,False,No-show
68,0,166,178,1,4,12,0,False,False,True,False,False,False,True,True,False,False,False,True,False,False,False,False,False,False,False,False,False,True,False,True,False,Check-in
63,10,193,186,4,4,12,1,False,False,False,True,False,False,True,True,False,False,False,False,False,False,False,True,False,False,False,True,False,False,True,True,True,No-show
29,10,118,192,2,5,12,1,False,False,False,False,True,False,False,False,True,False,False,True,False,False,False,True,False,True,False,False,True,True,False,True,True,Cancel
62,25,104,199,1,4,12,1,False,False,False,False,False,False,False,False,True,False,False,True,False,False,True,True,False,False,False,False,False,False,False,False,True,No-show
37,30,248,149,1,4,12,1,False,False,False,False,False,False,False,False,False,False,False,False,False,False,False,True,False,False,False,False,False,False,True,False,True,No-show
38,10,192,95,1,5,12,1,True,False,False,True,True,False,False,False,True,False,False,True,False,False,True,False,False,True,False,False,True,False,True,False,True,No-show
32,10,175,153,2,3,12,1,False,False,False,False,False,False,False,False,False,False,False,False,False,False,True,False,True,True,True,False,False,True,False,True,True,Check-in
36,0,227,175,1,4,12,1,False,False,False,True,True,False,False,True,False,False,True,False,False,False,True,False,True,False,False,False,True,False,True,True,False,No-show
41,40,226,79,3,2,12,1,False,False,False,True,False,False,True,False,False,False,False,False,True,False,False,True,False,False,False,False,False,False,True,False,True,No-show
63,20,187,136,3,4,1,1,True,True,False,False,True,False,False,False,False,True,False,True,False,False,True,False,True,True,False,False,False,False,False,False,True,Cancel
61,0,194,210,4,3,12,1,True,True,False,False,False,False,False,False,False,True,False,True,False,False,False,True,False,False,False,False,False,True,False,True,False,Cancel
32,10,236,84,2,5,12,1,True,False,False,False,False,True,False,False,False,True,True,False,False,False,True,True,False,False,False,False,False,True,False,False,True,No-show
23,0,106,134,1,2,12,1,True,False,False,False,False,False,False,True,False,False,True,False,False,False,True,True,False,False,False,False,False,False,False,False,False,Cancel
39,5,103,213,1,4,12,1,False,True,False,False,False,True,False,False,False,True,False,False,False,False,False,False,False,False,False,False,False,True,False,True,True,Check-in
66,0,189,112,1,6,12,1,False,False,True,False,False,False,True,True,False,False,False,False,False,False,True,True,False,False,False,False,True,False,True,True,False,No-show
67,20,138,207,3,3,12,1,False,False,False,True,False,False,False,False,True,False,False,False,False,False,True,False,True,False,False,False,False,False,True,True,True,No-show
44,10,100,146,1,5,12,1,True,True,False,False,False,False,False,False,False,False,True,False,False,False,False,False,True,False,False,False,False,False,False,True,True,Check-in
36,40,215,192,2,6,12,1,False,True,False,False,False,False,False,True,False,False,False,False,False,False,False,False,False,False,False,False,True,False,True,True,True,Cancel
63,40,186,124,1,4,12,1,False,False,False,True,False,False,False,False,True,False,False,False,True,True,False,False,True,True,False,False,False,False,True,True,True,No-show
54,0,152,210,1,5,12,1,True,False,False,True,False,False,True,False,True,False,False,False,True,False,False,False,True,False,False,True,False,False,True,False,False,No-show
67,10,243,199,4,5,12,1,True,False,False,False,True,False,False,True,False,False,False,False,False,False,True,False,False,True,False,True,False,True,False,True,True,Check-in
41,5,239,166,2,3,12,1,False,True,False,False,False,False,True,False,False,False,False,False,True,False,True,False,False,False,False,False,False,False,False,True,True,Check-in
27,5,205,207,1,3,12,1,False,False,False,True,False,True,False,False,False,True,False,False,False,False,False,False,False,False,False,False,False,False,True,True,True,No-show
34,20,176,91,1,3,12,1,True,True,False,False,False,True,False,False,True,False,True,False,False,False,False,False,True,False,False,True,False,False,True,False,True,Cancel
46,0,145,5,1,3,12,1,True,True,False,False,False,False,False,False,False,False,False,True,False,False,True,False,False,True,False,False,False,True,False,False,False,Check-in
61,10,181,29,1,5,12,1,True,False,True,False,False,False,False,False,True,False,False,True,False,False,True,True,False,False,False,False,True,False,False,True,True,Cancel
45,0,227,98,1,3,12,1,False,False,False,False,True,False,False,True,False,False,False,True,False,True,False,False,True,True,False,False,False,False,True,True,False,No-show
57,40,154,6,1,4,12,1,True,False,False,True,False,False,True,False,False,False,True,False,False,False,True,True,False,False,False,False,True,True,False,True,True,Cancel
70,25,205,130,1,4,12,1,True,False,True,False,True,False,False,False,False,False,False,False,True,False,False,False,True,False,False,False,False,False,True,True,True,Check-in
65,0,226,160,4,5,12,1,True,False,False,False,False,False,False,False,False,True,False,False,True,False,True,False,False,False,False,False,True,True,False,True,False,Cancel
43,10,191,176,3,6,12,1,True,False,False,True,False,True,False,False,True,False,False,True,False,True,False,True,False,True,False,False,False,False,True,True,True,No-show
67,40,125,113,2,4,12,1,True,True,False,False,False,False,True,False,False,True,False,False,True,False,False,True,False,True,True,False,True,False,True,True,True,Cancel
39,20,124,92,1,3,12,1,True,False,False,False,False,False,False,False,True,False,True,False,False,False,False,False,True,False,False,False,True,False,True,True,True,Check-in
53,20,197,150,1,5,12,1,False,False,True,False,True,False,False,True,False,False,False,True,False,False,True,True,False,True,False,False,False,False,True,False,True,No-show
30,30,215,195,1,6,12,1,False,False,False,False,True,False,False,False,False,True,False,True,False,False,True,False,False,True,False,False,False,True,False,True,True,Check-in
43,10,119,44,1,5,12,1,True,False,True,False,False,True,False,False,True,False,False,True,False,False,False,True,False,False,False,False,False,False,True,True,True,No-show
38,0,181,140,1,4,12,1,False,True,False,False,False,False,False,False,False,False,False,False,False,False,True,True,False,False,False,False,False,True,False,True,False,No-show
22,0,106,165,1,6,12,1,False,False,False,False,False,False,False,False,True,False,True,False,False,False,True,True,False,True,False,False,True,False,True,False,False,Cancel
50,5,179,144,1,3,12,1,True,True,False,False,False,True,False,False,True,False,False,False,False,False,True,True,False,False,False,False,False,False,True,True,True,No-show
28,0,137,31,4,5,12,1,False,False,False,True,True,False,False,False,False,True,True,False,False,False,False,True,False,False,False,False,False,True,False,True,False,Cancel
47,5,105,81,2,5,12,1,True,False,False,True,False,True,False,False,True,False,False,True,False,False,False,False,True,False,False,True,False,False,True,False,True,Cancel
43,25,137,89,1,4,12,1,False,False,True,False,True,False,False,False,False,False,False,True,False,True,False,False,False,True,False,False,False,False,False,True,True,Check-in
40,5,227,85,2,5,12,1,False,True,False,False,False,False,False,False,True,False,False,False,True,False,False,False,True,True,False,False,False,True,False,False,True,Cancel
49,30,238,115,2,7,12,1,True,True,False,False,True,False,False,True,False,False,False,True,False,False,False,False,True,True,True,False,True,False,False,True,True,Check-in
42,0,222,104,1,5,12,1,True,False,False,True,False,False,False,False,False,False,False,False,True,False,True,False,False,False,False,False,False,False,True,True,False,No-show
51,0,154,165,1,4,12,1,False,True,False,False,False,False,True,False,False,False,True,False,False,False,False,True,False,False,False,False,True,False,True,True,False,No-show
40,10,246,70,3,7,12,1,True,False,False,False,False,True,False,True,False,False,False,False,True,True,False,False,True,False,False,False,False,False,False,True,True,Cancel
63,10,119,97,1,2,12,1,True,False,True,False,False,True,False,False,False,False,False,False,True,False,False,True,False,True,True,False,True,False,True,False,True,Cancel
26,10,229,169,3,7,12,1,False,False,False,True,False,False,False,False,True,False,False,True,False,False,False,False,True,True,False,False,False,False,True,True,True,No-show
70,10,249,155,1,5,12,1,False,False,False,False,False,False,True,False,True,False,False,True,False,True,False,False,False,False,False,False,False,False,False,False,True,No-show
29,0,164,129,2,4,12,1,True,True,False,False,False,False,False,False,True,False,False,True,False,True,False,False,False,False,False,False,False,True,False,False,False,Cancel
25,5,138,125,4,6,12,1,False,False,False,True,False,False,False,False,False,False,False,True,False,False,False,True,False,False,False,False,True,True,False,True,True,Cancel
43,0,144,187,1,3,12,1,False,True,False,False,False,False,True,False,True,False,True,False,False,True,False,False,False,False,False,False,False,True,False,True,False,Cancel
51,10,202,191,1,5,12,1,True,False,False,False,False,False,False,True,False,False,True,False,False,False,False,False,True,True,False,False,False,True,False,True,True,No-show
56,5,193,91,4,3,12,1,False,True,False,False,False,False,False,False,True,False,False,True,False,True,False,True,False,False,False,True,False,False,True,True,True,No-show
70,0,195,139,2,2,12,1,False,False,True,False,True,False,False,True,False,False,False,False,True,False,True,False,False,False,False,True,False,False,True,False,False,Check-in
53,0,247,131,3,3,12,1,False,True,False,False,False,True,False,False,True,False,False,True,False,False,False,False,False,True,True,False,False,True,False,False,False,Check-in
64,5,181,145,4,4,12,1,False,False,True,False,False,True,False,True,False,False,False,False,False,False,False,True,False,True,False,False,False,True,False,False,True,Cancel
49,20,107,163,2,2,12,1,False,False,False,True,False,False,False,True,False,False,False,True,False,True,False,False,False,False,False,False,False,False,False,True,True,No-show
46,10,236,84,1,6,12,1,False,False,False,False,False,False,False,False,False,True,False,True,False,False,True,False,True,False,False,False,False,False,True,False,True,No-show
66,10,188,118,1,4,12,1,False,False,True,False,False,False,False,True,False,False,True,False,False,True,False,False,True,True,True,False,False,False,False,True,True,Check-in
36,5,157,27,1,6,12,1,False,False,True,False,False,True,False,True,False,False,False,True,False,True,False,False,False,True,False,False,True,True,False,True,True,Check-in
24,15,161,100,3,2,12,1,False,False,False,False,False,False,False,False,False,False,False,False,True,False,False,False,True,False,False,True,False,False,True,True,True,No-show
29,25,200,106,3,7,12,1,True,False,True,False,False,False,False,False,False,True,False,True,False,False,True,False,True,False,False,False,False,False,True,True,True,Cancel
62,0,171,90,4,6,12,1,False,True,False,False,False,False,False,False,True,False,False,False,True,True,False,True,False,False,False,False,True,False,True,True,False,Cancel
28,0,200,199,1,2,12,1,False,False,False,False,False,False,True,False,False,False,False,True,False,False,False,True,False,False,False,True,False,False,True,True,False,No-show
30,10,228,182,1,2,12,1,False,True,False,False,False,True,False,True,False,False,True,False,False,False,True,False,False,False,False,False,False,False,True,True,True,Check-in
33,10,215,3,1,4,12,1,False,False,False,True,False,True,False,False,True,False,False,False,True,False,True,False,False,False,False,False,False,False,True,False,True,No-show
64,0,132,0,4,4,12,1,True,True,False,False,False,False,False,False,False,True,False,False,False,False,False,False,True,False,False,False,False,False,True,True,False,Cancel
27,5,173,46,1,4,12,1,False,True,False,False,True,False,False,True,False,False,False,True,False,True,False,False,False,False,False,False,False,False,True,True,True,Check-in
44,25,198,86,1,4,12,1,True,False,False,False,False,False,False,False,False,False,False,False,False,True,False,True,False,False,False,False,False,True,False,True,True,Cancel
39,15,137,201,1,3,1,1,False,False,False,False,False,False,False,False,False,True,False,True,False,False,True,True,False,True,False,False,False,True,False,True,True,No-show
48,25,221,26,2,3,12,1,True,True,False,False,False,True,False,True,False,False,False,True,False,True,False,True,False,True,False,False,False,True,False,True,True,Cancel
34,20,194,101,1,4,12,1,True,False,False,False,True,False,False,False,True,False,False,True,False,False,True,False,True,False,False,False,False,True,False,True,True,No-show
31,10,218,126,2,3,12,1,False,False,False,True,False,False,False,True,False,False,False,False,True,False,False,True,False,False,False,False,False,False,True,True,True,No-show
38,10,138,117,2,6,12,1,False,False,True,False,True,False,False,True,False,False,False,False,True,False,True,False,True,False,False,False,False,True,False,True,True,Cancel
67,20,124,112,3,3,12,1,True,False,False,True,False,False,False,True,False,False,False,True,False,False,False,False,False,True,False,False,False,False,False,False,True,No-show
20,0,117,140,1,7,12,1,True,False,False,True,False,False,True,False,True,False,False,True,False,False,True,False,False,False,False,False,False,False,False,True,False,No-show
69,0,148,126,2,4,12,1,True,False,False,True,False,False,False,False,True,False,False,False,True,True,False,False,True,True,False,False,True,True,False,True,False,Cancel
35,0,180,63,2,3,12,1,False,False,True,False,False,True,False,False,False,True,False,False,True,False,True,True,False,True,False,False,False,False,True,True,False,Check-in
37,10,188,189,1,5,12,1,False,False,False,True,False,False,False,False,False,True,False,False,False,False,True,True,False,False,False,False,True,True,False,True,True,No-show
54,30,164,39,2,5,12,1,False,False,True,False,False,False,False,True,False,False,False,False,False,False,True,False,True,False,False,False,True,True,False,True,True,Cancel
66,10,218,182,2,5,1,1,True,False,False,True,False,False,False,False,False,True,False,True,False,False,False,False,False,True,False,True,False,False,True,True,True,Check-in
47,0,168,63,2,5,12,1,False,False,False,True,True,False,False,True,False,False,True,False,False,True,False,False,False,False,False,False,True,True,False,False,False,Check-in
32,20,200,66,3,5,12,1,False,False,False,False,False,True,False,False,True,False,False,True,False,True,False,False,True,False,False,False,False,False,True,True,True,No-show
44,20,181,134,1,2,12,1,True,False,False,True,False,False,False,True,False,False,False,False,False,False,True,False,False,False,False,False,False,False,True,False,True,No-show
36,5,161,11,1,5,12,1,False,False,False,True,False,False,True,False,False,True,False,False,False,False,True,False,True,False,False,False,False,False,False,True,True,No-show
68,25,242,25,3,7,12,1,False,False,False,True,True,False,False,False,False,False,False,False,True,False,True,False,True,True,True,False,False,False,False,True,True,Check-in
38,10,217,58,1,5,12,1,False,False,False,False,False,False,False,False,False,True,True,False,False,False,False,False,True,False,False,False,True,True,False,False,True,Cancel
46,0,226,100,4,6,12,1,True,True,False,False,False,False,True,False,False,False,False,True,False,False,True,True,False,False,False,False,False,True,False,True,False,No-show
46,40,116,39,1,6,12,1,True,True,False,False,False,False,True,True,False,False,False,True,False,False,False,False,False,False,False,False,False,False,True,True,True,Cancel
54,20,221,151,1,4,12,1,True,False,False,False,False,False,False,False,True,False,False,False,True,True,False,False,False,False,False,False,True,False,True,False,True,Check-in
34,15,158,30,1,4,12,1,False,False,True,False,False,True,False,False,True,False,False,True,False,True,False,True,False,True,False,True,False,False,True,True,True,Cancel
20,0,186,172,2,3,12,0,True,True,False,False,False,False,False,False,False,True,False,False,False,False,True,False,True,False,False,False,False,False,True,False,False,Check-in
46,0,161,42,3,3,12,0,False,True,False,False,False,False,False,False,False,False,True,False,False,False,True,False,True,True,False,False,False,False,True,True,False,Check-in
60,20,140,198,1,4,12,0,False,False,True,False,True,False,False,False,False,False,False,True,False,False,True,False,False,False,False,False,False,True,False,True,True,Check-in
28,0,235,98,3,4,12,0,False,True,False,False,True,False,False,False,False,False,False,True,False,False,False,True,False,True,False,False,True,False,True,False,False,Cancel
54,20,212,169,2,3,12,0,True,False,False,False,False,True,False,False,False,False,False,True,False,True,False,False,False,False,False,False,False,False,True,False,True,Check-in
47,20,201,59,1,5,12,0,False,False,False,False,True,False,False,False,False,False,True,False,False,True,False,True,False,False,False,False,False,False,True,True,True,No-show
38,30,205,142,1,4,12,0,False,False,False,True,True,False,False,False,True,False,True,False,False,False,False,False,False,False,False,False,False,False,False,True,True,Check-in
50,5,112,125,4,3,12,0,False,True,False,False,False,False,False,False,False,False,False,False,True,False,False,False,True,False,False,False,False,True,False,True,True,Cancel
46,30,192,115,1,6,12,0,False,False,True,False,True,False,False,False,True,False,False,False,False,False,False,False,True,True,False,False,False,False,True,True,True,Cancel
25,10,129,14,1,4,12,0,False,False,False,True,False,False,False,True,False,False,True,False,False,True,False,False,True,True,False,False,False,False,True,False,True,No-show
63,20,212,65,1,5,12,0,False,False,False,False,False,False,True,False,True,False,False,True,False,False,True,False,False,False,False,False,False,False,False,True,True,Check-in
53,20,221,69,2,6,12,0,False,True,False,False,False,False,True,False,True,False,False,False,False,True,False,False,True,False,False,False,False,False,True,True,True,No-show
67,0,223,110,1,4,12,0,True,False,False,True,False,True,False,False,True,False,False,True,False,False,False,True,False,False,False,False,False,False,False,False,False,Cancel
26,40,241,81,3,5,12,0,False,False,False,False,False,False,True,False,True,False,False,False,True,True,False,False,True,True,False,False,False,False,True,False,True,Cancel
37,20,104,20,2,2,12,0,True,False,True,False,True,False,False,False,False,False,False,False,False,False,True,True,False,True,False,False,False,False,True,True,True,Cancel
19,5,210,95,2,6,12,0,False,False,True,False,False,False,True,False,True,False,False,False,False,False,False,False,False,False,False,False,False,False,True,True,True,Check-in
64,10,229,63,3,6,12,0,False,False,False,False,False,False,True,False,True,False,True,False,False,False,True,True,False,True,False,False,False,False,True,True,True,No-show
44,0,174,12,2,5,12,0,True,False,False,True,False,False,False,True,False,False,False,False,False,True,False,False,False,False,False,False,True,False,True,True,False,Check-in
53,0,168,39,3,4,12,0,True,True,False,False,False,False,False,True,False,False,False,False,False,False,False,False,False,False,False,False,False,False,True,True,False,Check-in
28,0,185,181,1,5,12,0,False,False,False,True,False,False,False,False,True,False,False,True,False,True,False,False,True,True,True,False,False,False,False,True,False,Cancel
48,20,168,132,2,7,12,0,True,False,True,False,False,False,True,False,False,True,False,False,True,False,False,False,True,False,False,False,False,True,False,True,True,Cancel
31,25,226,101,1,2,12,0,False,False,True,False,False,False,False,False,False,False,False,False,False,False,True,False,True,False,False,False,False,False,True,True,True,Check-in
47,5,113,150,2,7,12,0,False,False,False,False,False,False,True,False,False,False,False,True,False,True,False,True,False,False,False,False,True,True,False,True,True,No-show
24,0,234,20,1,3,1,0,False,True,False,False,False,False,False,False,False,True,False,False,False,False,True,False,True,False,False,False,False,False,True,True,False,No-show
65,40,184,136,3,4,12,0,True,False,False,False,False,True,False,True,False,False,False,False,False,True,False,False,False,False,False,False,True,False,False,True,True,Check-in
39,25,182,185,1,3,12,0,False,False,False,True,False,True,False,False,True,False,False,True,False,True,False,True,False,True,True,False,False,False,True,True,True,No-show
39,5,145,75,4,6,12,0,True,True,False,False,False,False,True,False,False,True,True,False,False,False,False,False,False,False,False,False,True,False,True,True,True,Cancel
60,5,243,191,3,7,12,0,True,False,False,True,True,False,False,False,False,True,False,False,False,True,False,True,False,False,False,False,False,True,False,False,True,Cancel
68,10,161,47,4,6,12,0,False,False,False,False,False,False,True,True,False,False,False,True,False,False,True,False,True,True,False,False,False,True,False,True,True,Check-in
36,10,144,26,1,5,12,0,False,False,False,False,False,False,True,True,False,False,False,False,False,False,True,False,True,True,False,True,False,True,False,True,True,Check-in
57,0,201,128,1,6,12,0,False,False,False,False,False,False,True,False,False,False,False,True,False,False,False,True,False,True,False,False,True,False,True,True,False,No-show
46,10,149,61,1,4,12,0,False,False,True,False,False,True,False,False,True,False,False,False,False,True,False,True,False,False,False,False,False,False,True,True,True,Cancel
25,10,242,91,3,7,12,0,False,False,True,False,False,False,True,True,False,False,True,False,False,False,False,False,True,True,False,False,False,False,True,True,True,Check-in
47,0,143,140,1,2,12,0,True,False,False,False,False,False,True,False,True,False,False,True,False,False,True,False,False,False,False,False,False,True,False,True,False,Check-in
69,0,121,62,1,3,12,0,True,False,True,False,False,False,True,True,False,False,True,False,False,True,False,True,False,False,False,False,True,True,False,False,False,Check-in
42,0,236,170,4,5,12,0,False,True,False,False,False,False,False,False,False,False,False,True,False,True,False,False,True,False,False,False,False,False,True,True,False,No-show
27,20,210,143,3,2,12,0,False,False,True,False,False,False,False,True,False,False,False,False,False,True,False,True,False,False,False,False,False,True,False,False,True,Check-in
48,0,247,209,1,3,12,0,False,True,False,False,False,False,False,False,True,False,False,True,False,False,False,True,False,False,False,False,False,False,False,True,False,Cancel
52,15,130,184,4,2,12,0,True,True,False,False,False,False,False,False,True,False,True,False,False,True,False,False,False,False,False,False,True,False,True,True,True,Check-in
18,0,187,109,1,4,12,0,False,False,True,False,False,False,True,True,False,False,False,False,False,True,False,False,False,True,False,False,False,True,False,True,False,Check-in
37,20,206,60,3,3,12,0,False,True,False,False,False,False,False,False,True,False,False,False,False,False,True,True,False,False,False,False,False,False,False,True,True,No-show
42,10,142,43,2,3,12,0,True,False,True,False,False,False,False,False,False,False,False,True,False,True,False,False,False,False,False,False,False,False,True,True,True,Check-in
65,10,174,185,2,3,3,0,False,False,False,True,False,False,True,False,False,False,True,False,False,False,False,False,False,False,False,False,False,False,True,True,True,Check-in
34,10,142,168,1,5,12,0,False,False,False,True,False,False,True,True,False,False,False,False,False,True,False,False,True,False,False,False,False,False,True,True,True,No-show
18,10,111,65,2,2,12,0,True,False,True,False,False,True,False,True,False,False,False,False,True,False,True,False,False,False,False,True,False,False,True,False,True,Check-in
65,0,189,111,3,3,12,0,False,False,True,False,False,True,False,False,False,False,True,False,False,True,False,True,False,False,False,False,False,False,False,True,False,Cancel
51,5,236,158,1,4,12,0,True,True,False,False,False,False,False,True,False,False,False,False,True,False,False,True,False,True,False,False,False,False,True,True,True,No-show
64,20,150,59,3,5,12,0,False,False,True,False,False,True,False,False,False,False,False,False,True,True,False,False,True,False,False,False,False,True,False,True,True,Check-in
30,10,187,117,1,3,12,0,True,False,True,False,False,False,False,False,False,False,False,True,False,False,True,False,True,False,False,False,False,False,True,False,True,Check-in
53,20,200,30,1,2,12,0,False,False,False,False,True,False,False,False,False,False,False,False,True,False,True,True,False,False,False,False,False,True,False,True,True,Check-in
55,20,216,25,2,6,12,0,True,False,True,False,False,False,False,False,False,False,False,True,False,False,False,False,True,False,False,True,False,True,False,True,True,Cancel
45,40,246,159,3,5,12,0,False,True,False,False,False,False,False,False,False,True,False,False,False,True,False,False,False,False,False,False,True,False,True,False,True,Cancel
68,10,221,150,1,4,12,0,True,True,False,False,True,False,False,False,False,False,False,True,False,False,False,False,False,True,False,False,False,False,True,False,True,Check-in
70,20,201,29,1,5,12,0,False,False,True,False,False,False,False,True,False,False,False,False,False,True,False,True,False,False,False,False,False,False,True,True,True,No-show
48,5,187,184,2,6,12,0,True,False,False,True,False,False,False,True,False,False,False,False,True,False,False,True,False,False,False,False,True,True,False,True,True,No-show
23,10,135,106,2,3,12,0,True,True,False,False,False,True,False,False,True,False,False,True,False,True,False,False,False,False,False,False,False,True,False,False,True,Check-in
55,40,227,141,4,5,12,0,True,False,False,False,False,False,False,False,False,False,False,False,True,False,True,True,False,True,True,False,True,False,True,True,True,Cancel
44,30,131,159,2,4,12,0,False,False,False,True,False,False,True,False,False,True,False,False,False,True,False,False,False,True,False,False,False,True,False,True,True,Cancel
50,20,154,160,2,3,12,0,False,False,False,False,False,False,True,False,False,True,False,False,True,False,True,True,False,False,False,False,False,False,True,True,True,No-show
31,5,146,109,1,2,12,0,False,False,False,False,False,True,False,False,True,False,False,False,True,False,False,False,True,False,False,False,False,True,False,True,True,Check-in
45,10,161,167,3,4,12,0,True,False,False,False,False,False,False,False,False,False,False,False,True,False,True,False,False,True,False,False,False,True,False,False,True,Check-in
61,10,123,168,1,2,12,0,True,False,False,True,False,False,False,False,True,False,True,False,False,False,False,True,False,False,False,False,False,False,True,True,True,Cancel
53,25,203,87,2,3,12,0,True,False,False,False,False,False,False,False,False,False,False,False,True,False,False,False,False,False,False,False,False,False,False,True,True,Check-in
44,0,191,56,1,5,1,0,False,False,False,False,True,False,False,False,False,False,True,False,False,False,True,True,False,False,False,False,True,False,False,True,False,Cancel
56,5,132,61,3,4,12,0,False,True,False,False,False,False,True,False,True,False,True,False,False,False,True,False,False,False,False,False,False,False,True,True,True,No-show
55,10,120,58,3,6,12,0,False,False,True,False,False,False,False,False,True,False,True,False,False,False,True,False,True,True,False,False,False,False,True,True,True,Check-in
22,40,147,38,1,3,3,0,True,True,False,False,False,False,False,True,False,False,False,True,False,False,True,True,False,True,True,False,False,True,False,True,True,Cancel
59,10,231,54,3,7,12,0,False,True,False,False,True,False,False,True,False,False,False,False,True,False,False,False,False,False,False,True,False,True,False,True,True,Check-in
51,25,217,63,1,3,12,0,True,False,False,True,False,False,False,False,True,False,False,True,False,False,False,False,False,False,False,False,False,False,True,True,True,Check-in
54,20,201,143,1,2,3,0,True,False,True,False,False,False,True,True,False,False,False,True,False,False,False,False,False,False,False,False,False,False,False,True,True,Check-in
61,20,221,52,2,3,12,0,True,False,False,True,False,False,False,True,False,False,False,True,False,True,False,False,True,True,True,False,True,False,True,True,True,Check-in
55,10,164,157,4,4,12,0,False,False,True,False,True,False,False,False,False,False,False,False,True,True,False,False,True,True,False,False,True,False,False,True,True,Cancel
27,20,113,51,4,6,12,0,False,False,False,False,False,True,False,True,False,False,False,True,False,False,False,True,False,False,False,False,True,False,False,False,True,Cancel
48,0,177,137,3,2,12,0,True,True,False,False,False,False,True,False,False,False,False,True,False,False,True,False,True,True,False,False,False,True,False,True,False,Check-in
68,25,110,98,2,4,12,0,False,True,False,False,True,False,False,False,False,False,False,True,False,False,True,False,False,False,False,False,False,False,False,True,True,Check-in
28,10,152,4,1,3,12,0,False,False,False,True,False,False,False,False,False,False,False,True,False,False,False,False,False,True,True,False,False,False,True,True,True,Check-in
46,5,207,149,1,2,12,0,True,False,False,False,True,False,False,True,False,False,False,False,True,True,False,True,False,True,False,False,False,False,False,True,True,No-show
35,0,115,78,4,4,12,0,True,False,False,True,False,False,True,False,False,True,False,True,False,False,True,False,False,False,False,False,False,False,True,True,False,Check-in
65,0,144,151,1,3,12,0,False,False,False,False,True,False,False,False,False,False,False,True,False,False,False,False,False,False,False,False,False,False,True,True,False,Cancel
66,40,236,201,1,3,3,0,False,False,False,True,False,True,False,False,False,False,False,False,False,False,False,False,False,False,False,False,False,False,True,False,True,No-show
41,10,168,52,1,5,5,0,True,True,False,False,False,False,False,True,False,False,False,True,False,False,True,True,False,True,True,False,False,True,False,False,True,No-show
46,10,110,4,3,5,12,0,False,True,False,False,False,True,False,True,False,False,False,False,False,False,True,False,False,False,False,False,False,False,True,True,True,Check-in
49,40,121,133,1,2,12,0,True,False,False,True,False,False,False,False,False,False,False,True,False,False,True,True,False,False,False,False,False,True,False,True,True,No-show
69,10,164,119,2,2,12,0,False,True,False,False,False,True,False,False,False,True,False,True,False,False,True,False,False,False,False,False,False,True,False,True,True,Check-in
57,5,119,51,2,5,12,0,True,False,True,False,False,False,False,True,False,False,True,False,False,False,True,False,False,False,False,False,False,False,True,True,True,Check-in
21,0,152,207,2,4,12,0,True,False,False,True,False,False,False,True,False,False,False,False,False,False,False,True,False,True,False,False,False,False,True,True,False,No-show
69,0,182,140,3,3,12,0,False,False,False,True,False,False,False,False,True,False,False,False,False,False,False,True,False,True,False,False,False,False,True,True,False,Cancel
45,0,140,130,1,4,12,0,True,True,False,False,True,False,False,True,False,False,False,False,False,False,False,False,False,False,False,True,False,False,True,True,False,Check-in
45,5,174,5,1,4,12,0,False,False,False,False,False,False,False,False,False,False,False,False,True,False,True,True,False,False,False,True,False,False,True,True,True,No-show
27,10,191,97,2,5,12,0,True,False,False,True,False,True,False,False,False,True,False,False,False,False,True,False,False,False,False,False,True,True,False,False,True,Check-in
32,0,157,115,2,3,12,0,False,False,False,False,False,False,False,False,True,False,False,True,False,True,False,False,False,False,False,False,True,True,False,False,False,Check-in
59,10,177,178,1,6,12,0,False,False,False,False,False,False,False,False,False,False,False,True,False,False,True,False,True,True,False,True,False,False,True,True,True,Check-in
36,10,228,102,3,4,12,0,True,False,False,True,False,False,True,False,True,False,True,False,False,False,False,False,True,True,True,False,False,False,True,False,True,No-show
37,5,101,95,1,3,12,0,True,False,False,False,False,False,False,True,False,False,False,True,False,True,False,False,False,False,False,False,False,False,True,True,True,Check-in
61,15,235,190,3,6,12,0,True,False,False,True,False,False,True,True,False,False,False,False,True,True,False,False,False,True,True,False,False,True,False,True,True,Check-in
43,25,118,182,1,3,12,0,True,False,True,False,False,False,True,False,False,False,False,False,True,True,False,False,False,False,False,False,False,False,True,True,True,Check-in
28,5,121,83,1,4,12,0,True,True,False,False,False,False,False,True,False,False,False,False,True,False,False,True,False,False,False,True,False,False,True,True,True,No-show
50,0,172,191,2,3,12,0,False,False,False,False,True,False,False,False,True,False,False,True,False,False,False,False,False,False,False,False,True,False,True,True,False,Check-in
51,5,178,44,1,4,12,0,True,False,True,False,False,False,True,False,False,False,False,True,False,False,False,False,True,False,False,False,True,False,True,True,True,No-show
52,0,165,216,3,4,2,0,True,False,False,True,True,False,False,False,True,False,False,True,False,False,True,False,False,False,False,False,False,False,True,False,False,Check-in
38,0,237,207,4,3,12,0,True,False,True,False,False,True,False,False,True,False,False,True,False,True,False,True,False,False,False,False,False,False,True,True,False,No-show
61,25,214,138,2,5,12,0,True,True,False,False,False,False,True,False,False,True,False,True,False,False,True,False,True,False,False,False,False,False,True,True,True,Cancel
26,0,133,73,1,3,12,0,False,True,False,False,False,False,True,False,False,False,False,True,False,False,True,True,False,True,True,False,False,False,True,False,False,No-show
25,40,249,57,1,2,12,0,False,False,False,True,False,True,False,True,False,False,False,False,True,False,False,True,False,False,False,False,False,False,True,True,True,No-show
42,10,143,156,4,3,12,0,True,True,False,False,False,False,False,False,False,True,False,True,False,False,False,False,False,True,False,False,False,False,True,True,True,Check-in
66,0,135,183,1,4,12,0,False,False,True,False,False,False,True,False,False,False,True,False,False,False,False,False,True,False,False,False,True,False,True,True,False,No-show
50,10,223,135,1,3,12,0,True,False,True,False,False,False,True,False,True,False,False,True,False,False,False,False,True,False,False,False,False,True,False,True,True,Cancel
53,5,203,176,2,3,12,0,False,True,False,False,True,False,False,False,False,False,False,False,True,False,True,False,True,True,True,False,True,True,False,True,True,Check-in
31,25,102,44,1,2,12,0,False,False,False,False,False,False,True,False,False,False,False,True,False,False,False,False,True,False,False,False,False,False,True,True,True,No-show
50,10,229,94,3,5,12,0,True,True,False,False,False,False,False,True,False,False,False,True,False,True,False,False,False,True,False,False,True,False,True,True,True,No-show
69,5,189,185,1,2,12,0,True,False,False,False,False,True,False,False,False,True,True,False,False,False,False,True,False,True,True,False,False,True,False,False,True,Cancel
44,5,110,188,1,3,12,0,False,False,False,True,False,True,False,False,False,True,True,False,False,False,False,False,False,False,False,False,False,True,False,True,True,Check-in
31,10,229,25,3,5,12,0,False,True,False,False,True,False,False,False,False,True,False,True,False,True,False,False,True,False,False,False,False,False,False,True,True,Check-in
18,0,120,115,1,5,12,1,False,False,False,True,False,False,False,True,False,False,False,True,False,False,False,False,True,False,False,False,False,True,False,True,False,No-show
53,0,231,130,1,4,12,1,True,False,False,False,True,False,False,False,False,True,False,True,False,False,True,False,True,False,False,True,False,True,False,True,False,Check-in
35,25,167,117,1,7,12,1,False,False,False,True,False,False,True,False,False,True,False,True,False,False,False,False,False,False,False,False,False,False,True,False,True,Check-in
60,10,134,62,1,4,12,1,True,True,False,False,False,False,True,False,False,True,False,False,False,False,False,True,False,True,False,False,False,False,True,True,True,Cancel
34,15,161,140,3,5,12,1,False,False,False,True,True,False,False,False,False,False,False,True,False,False,False,False,False,False,False,False,False,False,True,True,True,No-show
24,25,219,211,4,7,12,1,True,False,True,False,False,True,False,False,False,True,True,False,False,True,False,False,True,False,False,False,False,False,True,False,True,No-show
62,25,125,186,3,2,12,1,True,False,True,False,False,True,False,False,True,False,False,True,False,False,False,False,False,True,True,False,False,True,False,False,True,Check-in
54,20,202,115,2,7,12,1,True,False,False,True,False,False,False,False,False,False,False,True,False,True,False,True,False,False,False,False,False,False,True,False,True,No-show
19,10,233,172,3,6,12,1,False,False,False,False,False,False,False,False,True,False,False,False,True,True,False,True,False,False,False,False,True,False,True,True,True,Cancel
66,10,122,62,1,3,12,1,False,True,False,False,False,False,False,False,False,False,False,False,False,True,False,False,True,False,False,False,True,False,True,False,True,Check-in
43,10,182,209,1,3,12,1,True,False,False,False,False,False,False,False,False,False,False,True,False,True,False,True,False,True,True,False,False,False,True,True,True,No-show
51,0,179,88,1,3,12,1,True,False,True,False,True,False,False,True,False,False,True,False,False,True,False,False,False,False,False,False,False,True,False,False,False,No-show
21,20,147,1,4,6,12,1,True,False,True,False,False,True,False,False,False,False,False,False,True,True,False,False,True,True,False,False,False,False,True,False,True,Cancel
38,25,161,160,3,3,12,1,False,False,True,False,False,True,False,False,False,False,True,False,False,True,False,False,True,False,False,False,True,False,False,True,True,No-show
27,15,106,26,1,6,12,1,False,True,False,False,False,False,True,True,False,False,True,False,False,False,False,False,True,False,False,False,True,True,False,True,True,Check-in
38,5,174,4,3,6,12,1,False,True,False,False,True,False,False,False,True,False,False,False,False,False,False,False,True,False,False,False,False,False,True,True,True,Cancel
51,20,112,54,2,4,12,1,True,True,False,False,False,False,False,False,True,False,False,True,False,True,False,False,False,True,False,False,False,False,True,False,True,Cancel
43,20,132,84,1,5,12,1,False,False,False,False,False,False,False,True,False,False,False,False,False,False,True,False,True,False,False,False,True,False,True,True,True,Cancel
44,20,206,138,1,3,12,1,True,False,False,False,False,False,True,False,False,True,False,False,True,True,False,False,False,False,False,True,False,True,False,True,True,Check-in
20,20,217,190,3,2,12,1,True,True,False,False,False,False,False,True,False,False,False,True,False,True,False,True,False,False,False,False,False,True,False,False,True,No-show
23,0,131,68,3,5,12,1,True,False,False,True,False,False,True,False,False,False,False,False,False,False,True,True,False,False,False,False,True,True,False,True,False,No-show
64,0,224,186,1,4,12,1,True,True,False,False,False,True,False,False,True,False,False,False,False,False,False,True,False,False,False,False,False,False,True,False,False,Check-in
60,25,157,123,4,3,12,1,False,False,False,True,False,False,False,False,True,False,True,False,False,False,True,False,False,False,False,False,False,False,False,False,True,Check-in
61,10,104,66,2,2,12,1,True,False,False,False,False,False,False,False,False,False,True,False,False,False,True,True,False,False,False,False,False,False,False,True,True,Cancel
22,30,180,187,1,3,12,1,True,False,False,True,False,False,False,False,False,True,False,False,True,False,True,False,False,False,False,False,False,True,False,True,True,Check-in
48,10,126,53,2,6,12,1,True,True,False,False,False,True,False,True,False,False,False,True,False,False,True,False,True,False,False,False,False,False,False,True,True,No-show
22,30,241,47,2,3,12,1,False,False,False,False,False,False,False,False,True,False,False,True,False,True,False,False,True,False,False,False,False,True,False,True,True,Cancel
37,25,185,10,1,3,12,1,False,False,True,False,True,False,False,True,False,False,False,False,True,False,False,False,False,False,False,False,True,True,False,True,True,Check-in
46,5,182,20,3,6,12,1,True,True,False,False,False,True,False,True,False,False,True,False,False,True,False,False,True,False,False,False,False,False,True,True,True,Check-in
48,15,148,27,2,4,12,1,False,False,False,True,False,False,False,False,False,True,False,True,False,False,True,False,False,True,False,False,False,False,True,True,True,Cancel
49,5,128,194,2,5,12,1,True,False,False,True,True,False,False,True,False,False,False,False,False,False,True,True,False,False,False,False,True,False,True,True,True,No-show
46,5,194,110,4,5,12,1,False,False,True,False,True,False,False,False,True,False,True,False,False,True,False,True,False,False,False,False,False,True,False,True,True,Cancel
28,0,195,150,1,5,12,1,True,True,False,False,False,False,False,True,False,False,False,False,False,False,True,True,False,False,False,True,False,False,True,True,False,No-show
35,20,237,45,2,6,12,1,True,True,False,False,False,False,True,False,True,False,False,True,False,False,False,True,False,True,True,False,False,False,True,False,True,No-show
47,0,180,212,2,3,12,1,True,False,False,True,False,False,False,False,False,True,False,True,False,True,False,False,True,True,False,False,True,False,True,True,False,Check-in
21,20,180,87,2,3,12,1,False,False,True,False,False,False,False,False,False,True,False,False,False,False,True,True,False,True,False,False,True,True,False,True,True,Cancel
32,10,214,172,4,4,12,1,True,False,False,False,False,False,True,False,False,False,False,True,False,True,False,False,False,True,False,False,True,False,True,True,True,No-show
33,5,130,102,1,7,12,1,False,False,True,False,False,False,False,True,False,False,False,True,False,False,False,False,True,True,True,False,False,False,False,True,True,Check-in
69,10,190,113,3,3,12,1,True,False,True,False,True,False,False,False,False,False,False,False,True,False,True,False,False,False,False,False,False,False,True,False,True,Check-in
23,30,145,157,2,2,12,1,False,False,True,False,False,False,False,True,False,False,True,False,False,False,False,False,False,True,False,False,True,False,True,True,True,Cancel
49,10,214,52,2,4,12,1,False,False,False,True,True,False,False,True,False,False,True,False,False,False,False,True,False,False,False,False,False,False,False,False,True,Cancel
47,0,141,175,1,4,12,1,True,False,False,False,False,False,False,True,False,False,True,False,False,True,False,True,False,False,False,False,False,True,False,True,False,Cancel
59,40,173,150,1,4,12,1,False,True,False,False,False,False,True,False,False,False,True,False,False,False,True,False,False,False,False,True,False,True,False,True,True,Check-in
63,20,212,14,3,4,12,1,True,False,True,False,False,True,False,True,False,False,False,True,False,True,False,False,True,True,False,False,True,False,True,True,True,No-show
52,30,210,92,1,6,12,1,True,False,False,True,False,False,True,False,False,False,False,True,False,False,True,False,False,False,False,False,False,False,True,True,True,Check-in
35,0,179,176,3,2,12,1,True,True,False,False,False,False,False,False,False,True,False,True,False,False,False,True,False,False,False,False,True,False,True,True,False,Cancel
32,10,139,190,2,5,12,1,True,True,False,False,False,False,True,True,False,False,False,False,True,True,False,False,True,False,False,False,False,False,True,True,True,No-show
38,20,236,70,3,4,12,1,True,False,True,False,False,False,True,False,False,False,False,False,False,False,False,False,True,True,True,False,False,True,False,True,True,Check-in
57,15,132,164,1,2,12,1,True,False,True,False,False,True,False,True,False,False,False,True,False,False,False,False,False,False,False,True,False,False,True,True,True,Check-in
18,25,112,33,1,3,12,1,True,False,False,False,False,False,False,False,False,False,False,True,False,True,False,False,True,False,False,True,False,True,False,True,True,No-show
43,10,209,176,1,3,12,1,True,True,False,False,True,False,False,False,False,False,True,False,False,False,False,False,False,True,False,True,False,False,True,False,True,No-show
48,5,161,214,3,6,12,1,True,False,False,False,False,False,False,True,False,False,False,False,True,False,True,False,False,False,False,False,False,False,False,False,True,Cancel
38,5,220,43,2,2,12,1,False,False,False,True,False,True,False,False,False,True,False,False,False,False,False,False,False,True,True,False,True,False,True,True,True,Check-in
18,10,158,94,2,4,12,1,True,False,False,False,True,False,False,False,True,False,False,True,False,True,False,False,True,True,False,False,True,False,True,True,True,No-show
43,0,202,147,1,2,12,1,True,False,True,False,False,True,False,True,False,False,False,True,False,True,False,True,False,True,False,False,True,True,False,False,False,No-show
28,20,144,204,2,3,12,1,True,False,False,False,False,False,False,False,True,False,False,False,False,True,False,False,True,False,False,False,False,False,False,True,True,Check-in
24,0,173,88,1,3,12,1,True,False,False,True,False,False,False,False,False,True,False,False,True,False,True,False,True,False,False,False,False,False,False,False,False,Check-in
60,30,131,74,2,4,12,1,False,False,False,True,False,True,False,True,False,False,False,True,False,False,True,False,False,False,False,False,False,False,True,False,True,Check-in
48,20,124,91,2,3,12,1,True,False,False,False,False,False,True,False,False,False,False,True,False,False,False,False,True,False,False,False,False,False,True,True,True,No-show
26,10,188,84,1,3,12,0,False,True,False,False,True,False,False,True,False,False,False,False,True,False,False,False,True,False,False,False,False,False,False,True,True,No-show
24,10,126,185,1,4,12,0,False,True,False,False,False,True,False,False,True,False,True,False,False,False,False,False,False,True,False,False,False,False,True,True,True,Check-in
66,0,250,184,3,3,12,0,False,True,False,False,False,False,True,False,False,False,False,True,False,False,False,True,False,False,False,False,False,False,True,True,False,No-show
55,5,218,54,3,6,12,0,False,False,False,False,False,False,False,False,False,False,False,True,False,False,False,False,False,False,False,False,False,False,True,True,True,Check-in
57,20,151,117,1,3,12,0,False,False,True,False,False,False,False,True,False,False,False,True,False,False,True,False,False,False,False,False,False,False,True,False,True,Check-in
60,10,170,55,1,3,12,0,False,True,False,False,True,False,False,True,False,False,False,True,False,False,True,False,False,True,True,False,False,True,False,False,True,Check-in
48,0,124,53,1,7,12,0,False,False,False,False,False,False,False,False,False,False,False,False,False,False,True,False,False,True,False,False,False,True,False,True,False,Check-in
38,0,124,159,1,3,12,0,False,False,True,False,False,False,True,True,False,False,False,True,False,False,True,False,False,False,False,False,True,False,False,False,False,Check-in
38,10,185,17,3,3,12,0,True,False,True,False,False,False,True,False,True,False,False,True,False,False,False,False,False,False,False,False,False,True,False,False,True,Check-in
37,25,162,142,2,4,12,0,False,False,False,False,False,False,False,False,True,False,True,False,False,True,False,True,False,True,False,False,False,True,False,True,True,Cancel
21,0,161,168,1,3,12,0,True,False,False,True,True,False,False,False,False,True,False,False,True,False,False,False,False,False,False,False,True,False,True,True,False,Check-in
63,20,245,46,1,5,12,0,True,False,False,False,False,False,False,False,False,False,True,False,False,False,False,False,True,False,False,False,False,False,True,True,True,Check-in
38,20,119,196,2,4,12,0,False,False,True,False,False,False,True,True,False,False,True,False,False,False,False,False,True,False,False,False,True,False,True,True,True,Cancel
62,20,111,101,1,3,12,0,False,False,False,True,False,False,False,True,False,False,False,False,False,False,False,False,False,True,False,False,True,False,True,True,True,Check-in
34,0,209,214,1,3,12,0,False,False,False,False,False,False,False,False,False,False,False,True,False,False,False,False,False,False,False,False,False,False,True,True,False,Cancel
51,10,246,0,2,4,12,0,False,False,True,False,False,False,False,False,True,False,True,False,False,False,False,True,False,False,False,False,False,True,False,True,True,Check-in
25,10,177,95,2,5,12,0,True,False,False,False,True,False,False,False,False,False,False,True,False,False,True,False,True,True,True,False,False,True,False,False,True,Check-in
63,25,247,146,3,2,12,0,False,True,False,False,True,False,False,False,True,False,False,False,False,False,True,False,True,False,False,False,False,False,False,True,True,Cancel
39,10,198,99,2,5,12,0,True,False,False,False,True,False,False,True,False,False,False,False,False,False,False,True,False,True,False,False,False,True,False,True,True,No-show
31,5,174,135,2,4,12,0,False,False,False,False,False,False,True,False,True,False,False,False,False,True,False,False,False,True,False,False,True,False,True,False,True,No-show
31,40,222,159,3,4,12,0,False,False,False,False,False,False,True,False,False,True,False,True,False,True,False,False,False,False,False,False,False,False,True,False,True,Check-in
42,20,221,7,3,4,12,0,True,False,False,True,False,False,False,False,True,False,False,False,False,False,False,False,True,False,False,False,True,False,False,False,True,No-show
21,0,229,41,2,4,12,0,False,False,True,False,False,False,False,False,True,False,True,False,False,False,True,False,True,True,False,False,True,False,True,True,False,Cancel
18,5,148,218,1,2,1,0,False,False,False,False,False,False,True,False,False,True,True,False,False,True,False,False,False,True,False,False,False,False,True,True,True,No-show
31,20,122,200,1,2,12,0,True,False,False,False,False,False,False,False,False,False,False,True,False,False,False,False,True,True,False,False,False,False,True,True,True,No-show
45,25,138,139,1,7,12,0,False,False,False,False,False,True,False,False,True,False,False,False,True,False,False,False,True,False,False,False,False,True,False,True,True,Check-in
32,5,205,141,2,4,12,0,True,False,False,True,False,False,True,True,False,False,False,False,True,True,False,False,False,False,False,False,False,False,True,False,True,Cancel
19,30,213,188,2,2,12,0,False,False,False,False,False,False,False,False,False,False,False,True,False,True,False,True,False,True,False,False,True,False,True,True,True,Cancel
25,0,178,13,2,4,12,1,True,False,False,False,False,False,True,False,True,False,False,True,False,False,True,True,False,False,False,False,False,False,True,False,False,Cancel
64,0,175,73,1,2,1,0,False,False,False,True,False,False,True,True,False,False,False,False,False,True,False,False,False,True,True,False,True,False,True,False,False,No-show
69,10,101,131,1,4,12,0,False,False,False,True,True,False,False,False,False,False,False,False,False,True,False,False,False,False,False,False,False,False,True,True,True,Check-in
39,30,182,22,1,6,12,0,False,False,False,True,False,False,True,False,False,True,True,False,False,True,False,False,False,False,False,False,False,False,True,True,True,Cancel
21,10,219,200,2,3,12,0,False,False,True,False,False,True,False,False,False,False,False,True,False,False,False,False,False,False,False,True,False,True,False,False,True,Cancel
18,20,117,31,4,4,12,0,False,False,False,True,False,False,True,True,False,False,False,False,True,True,False,False,True,False,False,False,False,False,True,True,True,No-show
59,10,234,12,2,4,12,0,False,False,True,False,False,False,False,True,False,False,False,True,False,True,False,False,True,False,False,False,False,False,True,True,True,Check-in
40,40,230,180,1,4,12,0,False,False,True,False,False,False,False,False,False,True,False,True,False,False,True,False,True,True,False,False,False,True,False,False,True,Check-in
56,25,135,114,2,7,12,0,True,False,False,True,False,False,False,False,False,False,False,False,False,False,False,True,False,True,False,False,False,False,True,True,True,No-show
57,0,108,84,1,3,12,0,False,True,False,False,False,False,False,True,False,False,False,True,False,True,False,False,True,False,False,False,False,False,True,True,False,No-show
57,5,212,111,3,4,12,0,True,True,False,False,False,True,False,False,False,True,False,True,False,False,True,False,True,False,False,False,True,False,True,True,True,Check-in
31,0,101,160,4,5,12,0,False,True,False,False,False,False,True,True,False,False,False,True,False,False,True,False,True,True,False,True,False,False,True,True,False,No-show
58,0,205,174,2,3,12,0,True,True,False,False,True,False,False,False,False,False,False,True,False,True,False,False,True,False,False,False,True,True,False,True,False,Cancel
24,0,166,157,3,3,12,0,True,True,False,False,False,False,True,True,False,False,False,False,True,False,True,False,True,True,True,False,False,False,True,True,False,No-show
56,5,132,202,1,2,12,0,True,False,False,True,False,True,False,False,False,True,True,False,False,True,False,False,False,False,False,False,True,False,True,True,True,Check-in
29,40,105,149,2,3,12,0,True,True,False,False,False,True,False,False,False,False,False,True,False,False,True,False,True,False,False,False,False,False,True,True,True,Check-in
70,0,155,135,1,4,12,0,False,False,False,True,False,True,False,False,True,False,False,True,False,False,False,True,False,True,False,False,False,False,True,False,False,Cancel
56,20,114,189,2,4,1,0,False,False,True,False,True,False,False,False,False,False,False,True,False,True,False,True,False,False,False,True,False,True,False,True,True,Cancel
24,30,187,36,2,5,12,0,True,True,False,False,True,False,False,False,True,False,False,False,False,False,False,False,True,False,False,False,False,False,True,True,True,Check-in
27,5,175,115,1,4,12,0,True,False,True,False,False,True,False,False,False,True,False,False,True,False,True,True,False,False,False,False,False,False,True,True,True,Check-in
22,10,212,218,4,6,12,0,True,True,False,False,False,False,False,False,False,True,False,True,False,False,False,False,False,True,True,False,False,True,False,False,True,Check-in
22,25,212,218,4,2,5,0,True,False,True,False,True,False,False,False,False,False,False,False,True,False,True,False,False,False,False,False,False,True,False,True,True,Check-in
21,5,185,139,1,6,12,0,False,False,False,True,False,True,False,True,False,False,True,False,False,True,False,True,False,True,False,False,False,False,True,True,True,Cancel
19,25,156,87,2,3,12,0,True,False,False,True,False,False,True,False,False,False,False,True,False,False,True,False,True,False,False,False,False,False,True,False,True,Check-in
44,30,188,5,1,4,12,0,True,False,False,True,False,True,False,False,False,False,False,False,False,False,True,False,True,False,False,False,False,False,True,True,True,Check-in
46,25,196,175,1,3,12,0,True,False,True,False,False,False,False,False,False,True,False,False,False,False,False,True,False,False,False,False,True,False,True,True,True,Cancel
30,40,206,77,2,6,12,0,False,False,False,False,False,False,False,False,False,True,True,False,False,False,True,False,True,True,False,False,False,False,True,True,True,Cancel
67,30,123,43,1,7,12,0,True,True,False,False,False,False,True,True,False,False,False,True,False,True,False,True,False,False,False,False,True,False,True,True,True,No-show
64,25,146,185,1,4,12,0,True,False,False,False,False,True,False,False,False,True,False,True,False,False,False,False,False,False,False,False,False,True,False,True,True,Check-in
30,0,179,123,2,2,12,0,True,False,False,False,False,True,False,False,True,False,False,False,False,False,True,False,True,True,True,False,False,False,False,True,False,Check-in
42,5,158,17,3,3,1,0,True,False,True,False,False,False,False,True,False,False,False,False,False,False,True,False,True,False,False,False,False,False,True,False,True,No-show
49,0,161,175,2,3,12,0,True,False,False,False,True,False,False,True,False,False,False,False,True,False,False,True,False,False,False,False,False,False,True,False,False,No-show
51,15,109,212,1,3,12,0,False,True,False,False,False,True,False,True,False,False,False,True,False,True,False,False,True,False,False,False,True,False,True,False,True,Check-in
37,0,105,134,1,4,12,0,True,True,False,False,False,False,False,True,False,False,False,True,False,False,False,False,True,False,False,False,False,False,False,True,False,Check-in
53,10,195,172,3,4,12,0,True,False,True,False,False,False,True,False,True,False,False,True,False,False,True,True,False,True,False,False,False,False,True,True,True,No-show
40,20,139,8,2,6,12,0,False,False,False,False,False,True,False,False,True,False,False,True,False,False,True,True,False,False,False,True,False,False,True,True,True,Cancel
25,20,213,67,1,6,12,0,False,False,False,True,False,False,False,True,False,False,False,False,False,False,False,False,False,False,False,False,False,True,False,False,True,Check-in
36,20,153,95,4,3,12,0,True,False,False,True,False,False,False,False,True,False,False,False,False,False,True,False,True,False,False,False,False,True,False,True,True,No-show
56,0,232,44,1,3,12,0,True,True,False,False,True,False,False,False,False,False,False,True,False,False,False,True,False,True,False,True,False,False,True,True,False,Cancel
25,10,126,220,2,4,1,0,True,False,False,True,False,False,True,True,False,False,True,False,False,False,False,False,False,False,False,False,True,False,True,True,True,No-show
55,0,140,191,2,4,1,0,False,False,True,False,False,True,False,False,False,False,False,False,True,False,False,False,False,False,False,False,True,False,True,True,False,Cancel
41,0,179,165,2,5,12,0,False,False,True,False,False,True,False,False,False,False,False,True,False,False,False,False,False,False,False,False,True,False,True,True,False,Cancel
30,5,225,186,2,3,12,0,True,False,False,True,False,True,False,True,False,False,True,False,False,False,True,False,True,False,False,False,False,False,True,False,True,Check-in
59,5,222,48,1,6,12,0,True,False,True,False,False,False,False,False,False,False,False,False,True,True,False,False,False,True,True,False,True,False,False,True,True,Check-in
32,25,129,11,2,5,5,0,False,False,True,False,False,True,False,False,True,False,False,False,False,False,False,True,False,False,False,False,False,False,True,True,True,Cancel
45,10,209,112,3,2,6,0,False,False,True,False,False,False,True,False,True,False,False,False,True,False,True,False,False,False,False,True,False,False,True,True,True,Cancel
26,25,134,73,2,4,7,0,True,False,True,False,False,False,False,False,False,False,False,True,False,False,True,False,True,False,False,False,False,False,False,True,True,Check-in
21,5,165,35,2,3,12,0,True,False,True,False,False,False,False,True,False,False,False,True,False,False,False,False,False,False,False,False,False,False,False,True,True,Check-in
35,0,207,155,3,3,12,0,False,False,False,True,False,True,False,False,True,False,False,False,False,False,False,False,True,True,False,False,False,False,True,False,False,Check-in
28,25,217,138,1,3,12,0,False,False,False,True,False,False,True,False,False,True,False,True,False,False,False,True,False,False,False,False,False,True,False,True,True,No-show
34,30,224,196,4,4,12,0,True,True,False,False,False,True,False,False,False,True,True,False,False,True,False,False,True,False,False,True,False,False,True,True,True,No-show
28,15,139,32,1,4,12,0,False,False,True,False,False,False,True,False,True,False,False,True,False,True,False,False,False,True,False,False,False,False,True,True,True,Cancel
63,20,180,5,3,5,12,0,False,False,False,True,True,False,False,True,False,False,False,True,False,True,False,True,False,True,False,False,False,True,False,False,True,Cancel
48,0,179,168,3,5,12,0,False,False,False,True,False,True,False,False,False,True,False,False,True,False,True,True,False,True,False,False,False,True,False,True,False,No-show
41,10,128,138,2,3,12,0,False,True,False,False,False,True,False,False,False,False,True,False,False,False,True,True,False,False,False,False,False,False,True,True,True,No-show
46,0,114,51,2,5,12,0,True,False,True,False,False,False,False,False,False,False,False,False,True,True,False,False,True,False,False,False,False,True,False,False,False,Cancel
37,5,143,146,1,2,1,0,False,True,False,False,False,True,False,True,False,False,False,True,False,False,True,False,True,False,False,False,False,False,True,False,True,Check-in
40,10,131,26,2,4,12,0,True,True,False,False,False,False,True,False,False,False,True,False,False,False,False,False,False,False,False,False,False,True,False,False,True,Check-in
33,10,144,117,1,3,12,0,False,False,False,False,True,False,False,True,False,False,False,False,True,False,False,False,False,False,False,False,True,False,False,False,True,Check-in
31,0,131,72,3,5,12,0,False,True,False,False,False,False,False,False,False,True,False,True,False,False,False,True,False,True,True,False,False,False,True,True,False,No-show
52,10,134,3,1,4,12,0,True,False,True,False,False,True,False,True,False,False,True,False,False,True,False,False,False,False,False,False,False,True,False,True,True,Check-in
61,10,189,204,2,3,2,0,False,True,False,False,False,True,False,True,False,False,True,False,False,True,False,False,True,False,False,False,True,False,True,True,True,Check-in
54,30,124,199,1,4,3,0,True,False,False,False,False,False,False,True,False,False,True,False,False,True,False,False,True,False,False,False,True,False,False,True,True,Cancel
35,25,229,7,1,3,6,0,True,False,True,False,False,False,False,False,True,False,False,False,True,False,True,False,True,False,False,False,False,True,False,True,True,Check-in
42,25,239,46,3,3,12,0,True,False,True,False,False,False,False,False,False,False,False,True,False,True,False,False,True,False,False,False,False,False,True,True,True,Cancel
60,0,147,87,1,3,12,0,True,False,False,False,True,False,False,False,False,False,False,True,False,False,True,False,True,False,False,False,True,True,False,True,False,Check-in
29,20,183,146,1,4,12,0,False,False,False,False,False,True,False,True,False,False,True,False,False,True,False,False,False,False,False,False,False,False,False,True,True,Check-in
18,15,220,195,3,7,12,0,True,False,False,True,False,False,True,False,False,True,False,True,False,False,True,False,True,False,False,True,False,False,True,True,True,Check-in
38,10,136,126,2,3,12,0,True,False,False,True,True,False,False,True,False,False,False,False,True,False,False,True,False,True,True,False,False,False,True,True,True,No-show
22,10,212,187,2,3,12,0,False,False,False,False,False,True,False,True,False,False,False,True,False,False,False,False,False,True,False,False,False,False,True,True,True,Check-in
47,0,226,76,1,8,12,0,True,False,False,True,False,False,False,False,True,False,False,False,False,True,False,False,True,False,False,False,False,False,False,False,False,No-show
41,5,212,156,1,5,12,0,False,False,True,False,False,True,False,False,False,True,False,False,True,True,False,True,False,False,False,False,False,False,True,True,True,Cancel
38,0,186,1,2,3,12,0,True,False,True,False,False,False,True,False,False,False,False,True,False,False,True,False,True,True,False,True,False,False,False,True,False,Cancel
40,5,226,55,1,6,12,0,True,False,False,False,False,False,False,False,True,False,True,False,False,False,False,False,False,False,False,False,False,False,True,True,True,Check-in
24,0,211,50,2,4,12,0,True,True,False,False,False,True,False,False,False,False,False,True,False,False,True,True,False,True,False,False,True,False,False,True,False,No-show
42,0,240,89,4,2,12,0,False,False,False,False,False,False,True,False,False,True,False,True,False,True,False,False,False,False,False,False,True,True,False,True,False,Cancel
38,10,198,127,1,2,12,1,False,True,False,False,True,False,False,False,True,False,True,False,False,False,True,True,False,False,False,True,False,True,False,False,True,No-show
34,5,243,5,2,2,12,0,True,False,False,False,True,False,False,True,False,False,False,False,False,False,True,False,False,False,False,False,True,True,False,True,True,Check-in
46,10,103,103,2,2,12,1,False,False,True,False,False,False,True,False,False,False,False,False,True,True,False,True,False,False,False,False,True,True,False,False,True,Cancel
37,0,143,129,1,4,12,1,True,False,False,False,False,False,True,False,False,False,False,True,False,True,False,True,False,False,False,False,True,False,True,True,False,No-show
65,20,173,197,1,4,12,1,True,False,False,True,True,False,False,False,False,False,False,False,False,False,True,True,False,True,False,False,False,False,True,True,True,Cancel
57,25,249,104,2,3,12,1,False,False,False,True,False,True,False,True,False,False,False,False,True,False,False,False,False,False,False,False,False,False,False,True,True,Check-in
45,10,239,195,2,4,12,1,False,False,False,False,False,False,False,True,False,False,True,False,False,False,False,False,False,False,False,False,False,False,True,True,True,No-show
39,5,145,196,4,6,12,1,True,True,False,False,False,True,False,False,False,False,True,False,False,False,False,False,False,True,True,False,True,True,False,False,True,Check-in
56,0,146,56,2,6,12,1,False,False,True,False,False,False,False,True,False,False,True,False,False,False,True,False,False,False,False,False,False,False,True,True,False,Check-in
38,15,220,120,1,4,12,1,True,False,False,True,False,True,False,False,False,False,True,False,False,True,False,True,False,True,False,False,False,False,False,False,True,Cancel
65,0,131,175,1,3,12,1,False,True,False,False,False,False,True,False,False,False,False,False,True,False,True,False,False,True,False,False,True,False,True,True,False,No-show
51,10,220,71,1,4,12,1,False,False,True,False,False,False,False,False,False,False,False,True,False,True,False,False,True,True,False,False,False,False,False,True,True,Cancel
59,30,186,144,1,7,12,1,False,True,False,False,False,False,True,False,True,False,False,False,True,True,False,False,False,True,False,True,False,True,False,True,True,Check-in
59,10,178,1,1,5,12,1,False,True,False,False,False,True,False,True,False,False,False,True,False,True,False,True,False,False,False,False,False,False,True,False,True,No-show
22,10,106,55,2,5,12,1,True,True,False,False,False,False,False,False,False,False,False,False,False,True,False,False,False,True,False,False,True,True,False,True,True,Cancel
25,10,244,79,1,6,12,1,False,False,True,False,False,False,False,True,False,False,False,True,False,False,True,False,True,False,False,False,False,True,False,True,True,No-show
46,0,100,101,3,2,12,1,True,False,False,False,True,False,False,False,False,True,True,False,False,False,True,False,False,False,False,False,False,False,True,True,False,Cancel
48,20,205,23,1,4,12,1,False,False,False,False,True,False,False,False,True,False,False,True,False,False,True,True,False,True,True,False,False,False,False,True,True,Cancel
18,20,130,85,1,4,12,1,True,False,True,False,False,False,True,False,False,False,False,True,False,False,True,True,False,False,False,False,False,True,False,True,True,Cancel
53,20,119,49,4,2,12,1,True,False,False,True,True,False,False,False,False,False,False,False,True,False,False,False,False,False,False,True,False,False,True,False,True,Check-in
35,0,208,169,2,7,12,1,False,False,True,False,False,False,False,False,False,False,False,True,False,True,False,True,False,True,False,False,True,False,True,True,False,Cancel
64,10,239,56,2,7,12,1,False,False,False,False,False,False,False,False,False,False,False,False,True,False,True,False,True,True,True,False,False,True,False,False,True,Check-in
68,20,229,208,3,7,12,1,False,False,True,False,False,True,False,False,False,False,True,False,False,False,True,False,True,False,False,False,False,False,False,True,True,No-show
48,10,121,190,1,3,12,1,True,True,False,False,False,False,True,False,False,False,True,False,False,False,False,False,True,False,False,False,False,True,False,False,True,No-show
43,5,193,181,2,3,12,0,True,False,True,False,True,False,False,False,True,False,False,False,False,False,True,True,False,False,False,False,True,False,True,False,True,Cancel
70,30,209,165,4,4,12,0,True,False,False,True,False,True,False,False,False,True,False,False,True,False,True,True,False,False,False,False,False,False,False,True,True,Cancel
60,20,147,61,1,3,12,0,True,False,False,False,False,False,False,True,False,False,False,False,True,False,False,False,False,False,False,False,False,False,True,True,True,Check-in
57,0,250,33,1,6,12,0,False,False,False,False,False,True,False,False,True,False,False,True,False,False,False,False,True,False,False,False,False,False,True,True,False,No-show
21,10,111,19,1,4,12,0,False,False,True,False,False,False,False,False,True,False,False,True,False,True,False,False,False,True,True,False,False,False,True,True,True,Check-in
60,25,194,151,3,4,12,0,True,False,True,False,False,True,False,False,False,False,False,True,False,False,True,False,True,True,False,False,False,True,False,True,True,Check-in
59,25,179,107,1,2,12,0,True,False,True,False,False,False,True,True,False,False,False,False,False,False,False,False,False,True,False,True,False,False,True,True,True,Cancel
45,10,199,164,1,6,12,0,False,False,False,True,False,False,False,False,False,False,False,False,False,False,True,True,False,False,False,False,False,False,True,False,True,Cancel
50,0,241,117,4,6,12,0,True,False,False,True,False,False,False,True,False,False,False,True,False,True,False,False,False,False,False,False,False,False,True,True,False,Check-in
25,30,200,60,1,6,12,0,True,False,False,False,False,False,True,False,False,True,False,False,False,False,True,False,True,False,False,False,False,False,False,True,True,Check-in
47,0,104,136,1,7,12,0,True,False,False,False,False,False,True,False,True,False,False,False,True,False,False,False,False,False,False,False,False,False,True,False,False,Check-in
57,0,127,138,1,5,12,0,True,True,False,False,False,False,False,False,True,False,False,True,False,False,False,True,False,False,False,False,True,False,False,True,False,Cancel
30,25,193,143,3,6,12,0,True,False,False,False,False,True,False,False,False,False,False,True,False,True,False,True,False,False,False,False,False,False,True,True,True,No-show
62,5,239,213,1,3,12,0,True,False,False,True,True,False,False,False,True,False,False,False,False,False,True,False,True,True,True,False,False,False,True,False,True,Check-in
29,30,228,218,1,3,12,0,True,False,False,False,True,False,False,True,False,False,True,False,False,False,True,False,False,False,False,False,True,False,True,False,True,No-show
53,15,226,160,1,3,12,0,True,True,False,False,False,False,True,False,False,False,False,True,False,False,True,False,True,False,False,False,False,False,True,False,True,Check-in
47,0,102,183,3,6,12,0,False,False,False,False,False,False,False,False,True,False,False,True,False,True,False,False,True,False,False,False,False,False,True,True,False,Check-in
69,0,207,118,2,6,12,0,True,True,False,False,False,False,True,True,False,False,False,True,False,False,False,False,False,False,False,False,False,False,True,False,False,Check-in
30,10,230,27,2,4,12,0,True,False,True,False,False,True,False,True,False,False,False,False,True,False,True,True,False,False,False,False,True,False,True,True,True,Cancel
18,5,220,131,2,3,12,0,True,False,False,True,False,True,False,False,False,False,False,True,False,False,False,False,False,False,False,False,True,False,True,False,True,Check-in
66,10,222,119,1,5,12,0,False,False,False,True,True,False,False,False,True,False,False,True,False,False,False,False,True,False,False,False,False,False,False,False,True,Check-in
20,0,186,53,3,4,12,0,True,False,False,False,False,True,False,False,True,False,False,False,False,False,True,True,False,True,False,False,False,False,True,False,False,Cancel
42,30,130,159,1,5,12,0,True,False,True,False,False,True,False,True,False,False,False,False,True,False,False,False,False,False,False,False,True,True,False,False,True,Check-in
63,0,199,176,1,5,12,0,False,False,False,False,False,True,False,False,True,False,False,True,False,False,False,False,False,False,False,False,False,True,False,True,False,Check-in
56,5,217,64,1,5,12,0,True,False,True,False,False,False,False,True,False,False,False,True,False,True,False,False,True,False,False,False,False,False,True,True,True,No-show
59,20,147,152,2,4,12,0,True,False,False,True,False,True,False,True,False,False,False,True,False,False,True,False,True,False,False,False,True,False,False,True,True,No-show
28,5,206,66,2,3,12,0,True,False,False,True,False,False,False,True,False,False,False,True,False,False,True,False,False,False,False,False,False,False,True,True,True,Check-in
19,25,149,193,2,4,12,0,True,False,False,True,False,False,False,False,False,False,True,False,False,False,False,True,False,False,False,False,True,False,True,True,True,No-show
28,15,116,152,2,5,12,0,True,False,False,True,True,False,False,True,False,False,False,True,False,True,False,False,True,False,False,False,True,False,False,False,True,No-show
69,10,179,113,1,4,12,0,False,False,False,True,True,False,False,False,True,False,False,True,False,True,False,True,False,True,False,False,False,False,True,True,True,Cancel
41,0,172,147,1,5,12,0,False,False,False,True,False,False,True,False,True,False,False,False,False,False,False,False,False,True,False,False,True,False,True,True,False,No-show
24,40,217,129,2,6,12,0,True,False,False,True,True,False,False,True,False,False,True,False,False,False,False,False,False,False,False,False,False,False,True,True,True,No-show
34,0,238,18,2,3,12,0,True,False,True,False,True,False,False,True,False,False,False,False,True,False,True,False,False,False,False,False,True,False,True,True,False,Check-in
56,25,122,39,1,4,12,0,True,False,True,False,False,True,False,True,False,False,False,False,True,False,False,False,True,True,True,False,True,True,False,True,True,Check-in
33,25,163,176,2,3,12,0,False,True,False,False,False,False,False,False,True,False,False,False,False,True,False,False,False,True,False,False,True,False,False,True,True,Check-in
65,0,101,105,1,3,12,0,True,False,False,True,True,False,False,False,False,False,False,True,False,True,False,False,True,False,False,False,True,True,False,False,False,Check-in
46,5,205,95,2,3,12,0,False,False,False,False,True,False,False,False,True,False,True,False,False,False,True,True,False,True,False,False,False,False,True,True,True,No-show
49,0,167,207,2,6,12,0,False,False,False,True,False,False,False,False,False,False,False,True,False,False,False,False,False,False,False,False,False,False,False,False,False,Check-in
39,30,237,202,4,4,12,0,False,True,False,False,False,False,False,False,False,False,False,False,False,False,False,True,False,True,False,False,True,False,True,True,True,Cancel
69,10,177,193,3,4,12,0,True,False,True,False,False,False,False,False,True,False,True,False,False,True,False,False,True,True,False,False,False,True,False,False,True,Cancel
69,5,205,119,3,3,12,0,True,False,False,False,False,False,True,False,True,False,False,True,False,False,False,True,False,False,False,False,False,False,False,True,True,No-show
47,0,150,217,1,4,12,0,True,False,True,False,True,False,False,False,False,True,False,False,False,False,True,False,False,True,False,False,False,False,True,True,False,Cancel
25,5,128,99,1,4,12,0,True,True,False,False,False,False,True,False,True,False,False,False,True,True,False,False,False,True,False,False,False,False,True,True,True,No-show
27,30,194,53,3,5,12,0,False,True,False,False,False,True,False,False,False,False,True,False,False,False,True,False,True,False,False,True,False,False,True,True,True,No-show
56,5,207,82,1,5,12,0,False,False,False,False,False,False,False,False,False,True,False,False,False,True,False,True,False,False,False,False,False,False,True,True,True,No-show
63,5,185,141,4,4,12,0,True,False,False,True,False,True,False,False,False,False,False,False,True,True,False,False,True,True,False,False,True,False,True,False,True,No-show
63,25,216,100,1,3,12,0,False,False,False,True,False,False,False,False,False,False,False,True,False,False,False,False,False,True,True,False,False,True,False,True,True,Check-in
38,0,193,208,2,4,12,0,False,False,True,False,True,False,False,True,False,False,False,True,False,True,False,True,False,True,False,False,False,False,True,True,False,No-show
31,0,111,96,1,6,12,0,False,True,False,False,True,False,False,False,False,False,False,True,False,False,True,False,False,False,False,False,False,True,False,True,False,No-show
32,20,236,110,2,2,12,0,True,False,False,True,False,False,True,False,False,True,False,True,False,False,True,False,False,False,False,False,False,False,False,True,True,Check-in
52,25,229,126,1,3,12,0,False,True,False,False,False,False,False,False,True,False,False,False,True,True,False,False,True,False,False,False,True,False,True,True,True,Check-in
46,30,207,27,1,3,12,0,False,False,True,False,False,False,False,False,False,False,False,False,False,False,True,False,False,False,False,False,False,False,True,True,True,Check-in
46,5,119,216,3,4,12,0,False,False,True,False,False,False,False,False,False,False,True,False,False,False,True,False,False,False,False,False,True,True,False,False,True,Check-in
52,0,127,207,1,3,12,0,False,False,False,False,False,False,False,False,False,False,False,True,False,False,True,False,False,True,True,True,False,False,True,True,False,Check-in
49,0,132,180,3,4,12,0,False,False,False,False,False,True,False,True,False,False,False,True,False,True,False,False,False,False,False,False,False,False,False,False,False,Check-in
28,10,170,186,3,5,12,0,False,False,False,False,True,False,False,True,False,False,True,False,False,False,True,True,False,False,False,False,False,False,True,True,True,No-show
55,5,238,22,1,4,12,0,True,True,False,False,False,False,False,True,False,False,False,True,False,False,True,False,True,False,False,True,False,True,False,True,True,Check-in
68,20,157,18,1,4,12,0,True,False,False,True,False,False,False,False,True,False,False,False,False,False,False,False,True,False,False,False,False,False,True,True,True,Check-in
29,10,234,133,1,3,12,0,False,False,False,False,False,False,True,True,False,False,False,False,True,True,False,False,False,True,False,False,False,False,True,True,True,No-show
21,0,148,74,1,6,12,0,False,False,False,False,False,True,False,False,False,False,False,False,True,True,False,False,True,False,False,False,False,True,False,False,False,Check-in
65,10,222,180,2,7,12,0,False,False,True,False,False,False,True,False,True,False,False,True,False,True,False,False,True,False,False,False,True,True,False,True,True,Check-in
55,20,132,0,2,2,12,0,False,False,False,True,False,False,False,False,False,True,False,False,True,False,True,False,False,False,False,False,False,False,True,True,True,Check-in
58,5,143,221,2,5,12,0,False,False,True,False,False,False,True,False,False,True,False,False,True,False,False,False,False,True,False,False,True,False,False,True,True,Cancel
20,40,209,142,1,3,12,0,True,False,False,True,True,False,False,True,False,False,False,True,False,True,False,True,False,True,False,False,False,True,False,False,True,Cancel
47,0,248,193,1,4,12,0,True,False,True,False,True,False,False,False,False,False,True,False,False,False,False,True,False,False,False,False,False,False,False,True,False,No-show
61,5,118,149,1,3,12,0,True,False,True,False,False,False,False,False,True,False,True,False,False,False,False,False,False,False,False,False,False,True,False,True,True,Check-in
34,30,194,55,2,3,12,0,True,False,False,True,True,False,False,False,False,True,False,False,True,True,False,False,True,False,False,False,False,False,True,True,True,No-show
32,25,150,29,3,2,12,0,True,False,True,False,True,False,False,False,True,False,False,True,False,False,True,True,False,False,False,False,True,False,False,False,True,Check-in
43,10,240,62,1,7,12,0,True,False,False,False,False,False,False,False,False,False,False,False,False,False,False,True,False,False,False,False,True,True,False,False,True,No-show
59,10,188,54,1,4,12,0,True,False,False,True,False,False,False,False,True,False,False,True,False,False,False,False,False,True,False,False,False,False,True,False,True,Check-in
41,10,215,26,1,4,12,0,False,False,False,True,False,True,False,True,False,False,False,True,False,False,False,False,False,False,False,False,False,False,True,True,True,Check-in
41,0,223,152,1,2,12,0,True,False,False,False,False,False,False,False,False,False,False,True,False,False,True,True,False,False,False,False,False,True,False,True,False,No-show
41,20,136,216,3,6,12,0,False,False,False,False,False,False,False,True,False,False,False,False,False,False,True,False,True,False,False,False,True,False,True,True,True,Cancel
48,15,236,163,2,4,12,0,False,False,True,False,False,False,True,True,False,False,True,False,False,False,True,False,False,False,False,False,False,True,False,False,True,No-show
70,5,186,62,1,6,12,0,False,False,True,False,False,True,False,False,True,False,False,True,False,False,False,False,False,False,False,False,False,False,True,True,True,Check-in
42,0,146,105,1,3,12,0,True,False,True,False,False,False,False,True,False,False,False,False,False,False,False,False,False,False,False,False,False,False,False,True,False,Check-in
68,40,213,3,4,3,12,0,False,False,False,False,False,False,False,False,True,False,True,False,False,False,True,False,False,False,False,False,False,False,True,True,True,Check-in
55,5,242,66,2,3,12,0,True,False,False,False,False,False,True,False,False,True,False,False,False,False,True,False,True,False,False,False,False,False,True,True,True,Cancel
54,10,239,92,1,5,12,0,True,False,False,False,False,False,False,False,False,True,False,True,False,True,False,False,False,True,False,False,True,False,False,True,True,Cancel
50,10,238,195,1,6,12,0,True,False,False,False,False,False,False,False,False,False,False,True,False,False,True,True,False,False,False,True,False,False,True,True,True,No-show
28,10,156,156,1,5,12,0,True,False,False,False,False,False,False,True,False,False,False,False,True,False,True,True,False,False,False,False,False,False,True,False,True,No-show
21,0,181,25,3,5,2,0,False,False,False,True,False,False,False,True,False,False,False,True,False,True,False,True,False,False,False,False,False,True,False,False,False,Cancel
29,10,102,83,2,3,3,0,False,True,False,False,True,False,False,False,False,True,False,True,False,False,True,True,False,False,False,False,False,True,False,True,True,No-show
26,10,181,171,2,3,5,0,True,False,False,False,False,False,False,False,False,True,False,False,False,False,False,False,True,True,True,False,False,False,True,True,True,No-show
22,20,156,137,3,4,12,0,False,True,False,False,False,True,False,True,False,False,True,False,False,True,False,False,True,False,False,False,True,False,True,False,True,No-show
33,5,104,19,1,2,12,0,False,False,False,True,False,False,False,True,False,False,True,False,False,False,False,False,False,False,False,False,False,False,True,True,True,Check-in
57,0,181,199,2,4,12,0,False,False,False,False,False,False,False,False,False,False,True,False,False,False,True,False,True,False,False,False,False,False,True,True,False,Check-in
34,25,180,152,1,4,12,0,True,False,False,True,True,False,False,False,False,False,False,True,False,False,False,False,False,False,False,False,False,False,True,True,True,No-show
66,20,167,69,3,3,12,0,False,False,True,False,False,False,True,False,False,False,False,False,True,False,False,False,False,False,False,False,True,False,True,False,True,Check-in
24,30,219,152,3,5,12,0,True,False,False,False,False,False,False,False,True,False,False,True,False,False,True,False,False,False,False,False,False,False,True,False,True,Check-in
66,0,228,56,3,2,12,0,False,False,False,True,False,True,False,False,False,False,False,False,False,False,True,False,False,True,False,False,False,False,True,False,False,Check-in
69,25,237,20,2,4,12,0,True,False,True,False,False,False,False,False,False,False,False,False,True,True,False,False,True,True,True,False,True,False,True,False,True,Cancel
61,15,214,146,2,7,12,0,False,False,False,False,False,False,False,True,False,False,False,True,False,False,True,False,False,False,False,False,True,False,True,True,True,Cancel
41,30,148,38,4,2,12,0,False,False,False,False,False,False,False,True,False,False,False,True,False,False,True,True,False,False,False,False,False,False,True,False,True,Cancel
61,0,141,219,3,4,12,0,False,False,False,True,False,False,False,True,False,False,False,True,False,False,False,True,False,True,False,False,True,False,True,False,False,Cancel
51,15,231,202,4,4,12,0,False,False,False,False,False,True,False,True,False,False,False,True,False,False,True,False,False,False,False,False,False,False,True,True,True,Check-in
35,5,112,124,3,4,12,0,True,True,False,False,True,False,False,True,False,False,False,True,False,True,False,False,True,True,False,False,True,False,True,True,True,No-show
19,5,249,102,1,3,12,0,False,True,False,False,False,False,False,True,False,False,False,True,False,True,False,True,False,True,False,False,False,True,False,True,True,No-show
66,0,198,92,3,3,12,0,False,False,True,False,False,False,False,True,False,False,False,True,False,True,False,False,False,True,False,False,False,True,False,True,False,Check-in
51,5,138,28,4,5,12,0,False,False,False,True,False,True,False,False,False,False,False,True,False,False,False,False,False,False,False,False,False,False,True,True,True,Check-in
47,15,147,138,2,2,12,0,False,False,True,False,False,False,True,False,False,False,True,False,False,True,False,True,False,False,False,False,True,True,False,True,True,Cancel
24,40,199,86,1,4,12,0,False,False,False,True,False,False,False,False,True,False,False,True,False,False,True,True,False,False,False,False,False,True,False,True,True,No-show
38,0,135,30,3,7,12,0,True,True,False,False,True,False,False,True,False,False,True,False,False,True,False,True,False,False,False,False,True,True,False,False,False,Cancel
35,5,192,194,2,4,12,0,True,True,False,False,False,False,False,True,False,False,False,True,False,False,False,False,True,True,True,False,True,False,True,True,True,Check-in
46,10,165,215,1,3,12,0,False,False,True,False,False,False,False,False,True,False,False,True,False,False,False,True,False,False,False,False,True,False,True,True,True,No-show
51,40,235,222,1,5,12,0,True,False,False,False,False,False,False,False,False,False,False,True,False,False,True,False,False,True,False,False,False,False,True,True,True,Check-in
28,10,210,181,1,3,12,0,True,False,False,True,False,False,True,False,False,True,False,True,False,False,True,False,True,False,False,False,False,False,True,True,True,Check-in
40,25,165,5,4,4,12,0,True,False,False,False,False,True,False,True,False,False,False,False,False,False,True,True,False,False,False,False,False,False,True,False,True,Cancel
24,25,130,97,1,3,12,0,True,False,False,False,False,False,False,False,False,False,False,True,False,False,True,True,False,True,False,False,False,False,True,True,True,No-show
53,10,196,147,1,3,12,0,False,False,False,False,False,False,False,False,False,True,True,False,False,True,False,False,False,False,False,False,True,False,True,True,True,Check-in
31,20,172,13,2,3,12,0,False,True,False,False,True,False,False,False,False,False,False,True,False,False,False,True,False,True,False,False,True,True,False,True,True,Check-in
37,20,179,11,2,3,12,0,False,False,True,False,False,False,True,False,False,False,False,False,False,False,False,False,False,False,False,False,True,False,True,True,True,Cancel
51,0,178,180,2,4,12,0,True,False,True,False,True,False,False,True,False,False,False,False,True,True,False,False,True,False,False,False,False,False,True,True,False,No-show
48,15,138,104,1,3,12,0,False,False,True,False,False,False,False,False,True,False,False,False,True,False,False,True,False,False,False,True,False,False,False,True,True,Cancel
47,0,228,66,1,7,12,0,False,False,False,False,False,True,False,False,False,True,False,True,False,False,False,False,True,False,False,False,False,False,True,False,False,Check-in
47,5,125,114,1,3,12,0,False,True,False,False,False,False,False,True,False,False,True,False,False,True,False,True,False,False,False,False,False,False,True,False,True,No-show
45,5,185,129,1,5,12,0,True,False,True,False,False,True,False,True,False,False,False,True,False,False,True,False,True,False,False,False,False,False,True,True,True,Check-in
18,20,212,221,1,3,12,0,False,False,False,True,False,True,False,False,False,True,False,True,False,False,False,False,False,False,False,False,False,False,True,True,True,Check-in
20,0,163,173,2,3,12,0,False,False,False,True,False,False,False,False,False,False,False,True,False,False,True,False,True,True,False,False,False,False,True,False,False,No-show
44,20,103,111,1,5,12,0,True,False,False,True,False,True,False,True,False,False,False,False,False,False,False,True,False,False,False,True,False,False,True,True,True,Cancel
22,5,100,193,1,3,12,0,True,False,False,False,True,False,False,False,False,False,False,False,True,True,False,False,True,False,False,False,True,False,True,True,True,No-show
46,20,152,182,2,6,12,0,False,True,False,False,False,False,False,True,False,False,False,False,True,False,True,False,True,False,False,False,False,False,True,True,True,No-show
58,5,163,206,1,3,12,0,True,False,False,False,False,True,False,True,False,False,False,False,True,True,False,True,False,False,False,False,False,True,False,True,True,Cancel
44,0,190,145,2,5,12,0,False,False,False,True,False,False,True,True,False,False,False,False,True,False,True,False,True,True,True,False,True,True,False,True,False,Cancel
40,5,211,144,3,2,12,0,False,False,True,False,False,True,False,False,False,False,False,True,False,False,False,False,True,True,True,False,False,False,True,False,True,No-show
54,10,229,136,3,3,12,0,False,False,True,False,False,False,True,False,True,False,False,False,False,False,False,False,True,True,False,False,False,False,True,True,True,No-show
38,25,111,21,2,5,12,0,False,False,False,False,False,False,False,False,False,False,False,True,False,False,True,False,False,False,False,False,True,False,True,False,True,Check-in
42,20,104,152,2,5,12,0,True,False,False,False,True,False,False,True,False,False,False,False,True,True,False,True,False,True,True,False,False,True,False,True,True,Check-in
19,20,156,120,1,4,12,0,True,False,False,False,False,True,False,False,False,False,False,True,False,False,False,False,True,False,False,False,True,False,True,True,True,No-show
47,30,114,154,4,8,12,0,False,False,True,False,True,False,False,True,False,False,False,True,False,True,False,False,False,False,False,False,False,False,True,True,True,Cancel
42,10,243,170,1,4,12,0,False,True,False,False,False,True,False,False,False,True,True,False,False,False,True,False,True,False,False,False,False,True,False,False,True,Check-in
58,10,120,162,3,3,12,0,False,True,False,False,False,False,False,True,False,False,False,False,True,False,False,False,False,True,False,False,True,True,False,True,True,Check-in
26,25,133,176,1,5,12,0,True,True,False,False,False,False,False,False,False,True,True,False,False,True,False,True,False,False,False,False,True,True,False,True,True,Cancel
42,5,197,56,3,3,4,0,True,False,False,False,False,True,False,False,False,False,False,False,True,False,True,False,False,True,False,False,True,False,True,False,True,No-show
32,0,176,24,1,3,12,0,True,True,False,False,False,False,True,True,False,False,False,True,False,False,True,False,True,False,False,False,True,True,False,True,False,No-show
48,0,131,91,1,3,12,0,False,False,True,False,False,True,False,False,False,False,False,True,False,False,False,False,False,True,False,False,False,False,True,False,False,Check-in
52,10,218,178,3,5,12,0,True,False,True,False,False,False,False,False,False,True,False,True,False,True,False,False,False,False,False,True,False,False,False,False,True,Cancel
70,10,197,102,3,2,12,0,True,False,True,False,False,False,False,True,False,False,True,False,False,True,False,True,False,False,False,False,False,True,False,True,True,Cancel
32,0,219,151,1,3,12,0,True,False,False,False,False,False,True,False,False,False,False,False,True,True,False,False,False,True,False,False,False,True,False,True,False,Cancel
51,5,104,212,1,5,12,0,False,False,True,False,False,True,False,False,False,False,False,False,False,False,False,False,False,False,False,False,False,False,True,True,True,Check-in
19,0,148,8,1,2,12,0,False,True,False,False,False,False,False,False,False,False,False,False,True,True,False,False,True,True,False,False,False,True,False,False,False,No-show
67,40,200,190,1,3,12,0,False,False,False,False,False,False,False,False,True,False,False,True,False,False,True,False,True,False,False,False,False,False,True,False,True,Check-in
39,20,147,190,1,3,12,0,False,False,True,False,True,False,False,True,False,False,False,True,False,True,False,False,False,False,False,False,False,False,True,True,True,Check-in
41,10,114,115,3,6,12,0,True,False,False,True,False,False,False,True,False,False,False,True,False,False,False,True,False,False,False,False,False,False,True,True,True,No-show
42,10,130,216,1,4,12,0,True,False,False,False,False,False,False,False,False,False,False,True,False,False,False,True,False,True,True,False,False,True,False,True,True,No-show
54,5,159,165,3,5,12,0,False,True,False,False,True,False,False,False,False,True,True,False,False,False,False,False,True,False,False,False,False,False,True,True,True,Cancel
30,0,183,65,2,4,12,0,True,False,False,True,True,False,False,False,False,True,False,True,False,False,True,False,False,True,False,False,True,False,True,True,False,Check-in
59,40,118,46,2,7,12,0,False,True,False,False,False,False,False,False,True,False,False,True,False,True,False,False,False,False,False,False,True,False,True,True,True,Check-in
40,0,196,6,1,3,12,0,True,False,True,False,False,False,True,True,False,False,False,False,False,False,False,False,False,False,False,False,False,False,True,True,False,Check-in
54,25,144,154,1,3,12,0,True,False,True,False,False,True,False,False,True,False,False,True,False,False,False,True,False,True,False,False,True,False,True,True,True,Cancel
39,10,193,125,2,7,12,0,False,False,False,True,False,True,False,False,True,False,False,False,False,False,True,True,False,False,False,False,False,False,True,True,True,No-show
59,10,141,47,1,4,12,0,True,False,False,False,False,False,True,True,False,False,False,False,True,False,False,False,False,True,True,False,False,False,True,True,True,Check-in
25,25,234,99,2,5,12,0,True,False,True,False,False,False,True,False,False,False,False,False,True,True,False,True,False,True,False,False,False,False,True,False,True,Check-in
33,10,136,82,1,3,12,0,True,True,False,False,True,False,False,True,False,False,True,False,False,True,False,False,True,False,False,False,True,False,True,True,True,Check-in
61,25,155,183,1,3,12,0,True,False,False,True,False,False,True,True,False,False,False,False,False,False,False,True,False,True,False,False,True,False,True,False,True,No-show
23,20,154,173,4,4,12,0,True,True,False,False,True,False,False,False,True,False,False,False,False,False,True,False,True,False,False,False,False,False,True,True,True,Check-in
44,20,244,170,1,4,12,0,True,False,True,False,False,False,False,False,True,False,False,True,False,True,False,False,True,False,False,False,True,False,False,True,True,Check-in
62,10,209,110,2,5,12,0,False,True,False,False,False,False,False,False,True,False,False,False,True,False,True,False,True,True,False,False,False,False,True,True,True,Check-in
24,10,201,210,2,7,12,0,True,False,True,False,False,False,True,False,False,True,False,True,False,False,False,False,True,False,False,False,True,False,True,False,True,No-show
27,0,229,163,1,2,12,0,True,False,False,True,False,False,False,False,False,False,False,True,False,False,False,True,False,False,False,False,False,True,False,False,False,No-show
57,5,141,65,2,4,12,0,True,False,False,False,False,False,False,False,True,False,False,True,False,False,True,True,False,True,False,False,False,False,True,True,True,No-show
22,40,243,219,4,3,12,0,False,True,False,False,False,True,False,True,False,False,True,False,False,False,False,False,False,True,False,False,False,False,False,True,True,Check-in
26,15,112,134,1,4,12,0,True,False,True,False,False,False,True,False,False,False,False,False,False,True,False,False,True,False,False,False,False,False,True,True,True,No-show
62,20,119,171,1,4,12,1,True,False,False,False,False,False,True,True,False,False,False,False,True,False,False,True,False,False,False,False,True,False,True,False,True,Cancel
20,5,141,149,2,6,12,0,True,False,True,False,True,False,False,False,True,False,False,True,False,False,True,False,True,False,False,False,False,False,False,False,True,No-show
38,20,240,55,2,5,12,0,True,False,False,False,False,True,False,False,True,False,True,False,False,False,True,False,True,False,False,False,False,False,True,True,True,Check-in
20,15,197,70,3,5,1,1,False,True,False,False,True,False,False,False,False,False,False,False,True,False,True,False,True,True,False,False,True,True,False,True,True,Cancel
29,20,143,211,4,4,1,1,True,False,True,False,True,False,False,False,False,False,False,True,False,False,True,False,False,False,False,False,True,True,False,True,True,Cancel
38,0,149,217,3,4,2,1,False,False,True,False,False,False,False,False,False,True,False,True,False,False,True,False,False,True,False,False,False,False,True,False,False,Check-in
20,10,175,148,1,5,3,1,False,False,True,False,False,False,False,False,True,False,False,False,True,True,False,True,False,True,True,False,True,False,True,False,True,Cancel
59,5,167,178,1,5,12,0,True,False,False,True,False,True,False,True,False,False,False,False,False,True,False,True,False,False,False,False,True,False,True,False,True,No-show
66,10,210,48,1,6,12,1,False,False,False,False,True,False,False,False,False,False,False,True,False,True,False,True,False,True,False,False,False,False,True,True,True,No-show
51,40,230,77,3,4,12,1,True,False,False,False,False,False,False,True,False,False,False,False,True,False,True,True,False,True,True,False,False,False,True,True,True,Check-in
60,40,233,29,3,6,12,1,True,True,False,False,False,False,False,False,False,False,False,True,False,True,False,True,False,False,False,False,False,False,True,True,True,No-show
42,0,115,153,2,4,12,1,False,False,False,True,False,True,False,False,True,False,True,False,False,False,True,False,False,True,False,False,True,False,True,True,False,Check-in
25,0,210,192,1,3,12,1,False,False,False,True,False,False,False,False,False,False,False,True,False,True,False,False,False,True,False,False,False,False,False,False,False,No-show
38,10,245,9,2,3,12,1,True,False,True,False,False,False,False,False,False,False,False,True,False,True,False,False,True,True,False,False,False,False,False,False,True,Cancel
52,10,199,46,1,4,12,1,True,True,False,False,True,False,False,False,True,False,False,False,False,False,True,True,False,False,False,False,False,False,True,False,True,Cancel
31,5,158,64,1,2,12,1,False,False,False,False,True,False,False,False,False,True,False,False,False,False,False,False,True,True,True,True,False,False,True,False,True,No-show
27,0,161,55,1,3,12,1,False,False,False,False,False,False,False,False,False,True,False,True,False,True,False,True,False,True,False,False,False,True,False,False,False,No-show
29,20,191,160,2,6,12,1,True,False,False,False,False,False,True,True,False,False,False,True,False,False,False,True,False,False,False,False,True,False,False,False,True,No-show
67,40,199,141,1,4,12,1,True,False,True,False,True,False,False,False,False,False,False,False,True,True,False,False,False,False,False,False,False,False,False,True,True,Check-in
46,40,201,148,1,4,12,1,True,False,False,True,True,False,False,False,False,False,False,True,False,False,True,False,True,False,False,False,False,False,True,True,True,No-show
36,0,188,93,3,7,12,1,False,False,False,False,False,False,False,False,False,False,False,False,True,True,False,False,True,False,False,False,True,False,True,True,False,Cancel
48,20,229,171,3,3,12,1,False,False,False,True,False,False,False,False,False,True,False,True,False,True,False,False,True,False,False,False,True,True,False,True,True,Check-in
21,0,121,117,1,5,12,1,True,False,False,False,False,False,False,True,False,False,False,False,True,True,False,False,True,False,False,False,False,True,False,False,False,Cancel
69,20,214,194,2,4,12,1,True,True,False,False,False,False,False,False,False,False,True,False,False,False,False,True,False,True,False,False,False,False,False,True,True,Cancel
42,0,229,216,1,4,1,0,False,True,False,False,False,False,False,False,True,False,False,False,True,True,False,True,False,False,False,False,False,False,True,False,False,Cancel
19,20,232,199,2,5,12,1,False,False,True,False,False,False,True,False,False,False,False,True,False,False,False,False,True,False,False,True,False,True,False,True,True,No-show
38,0,250,167,2,3,12,1,False,False,False,True,False,False,False,False,False,False,False,False,True,True,False,False,False,False,False,False,False,False,False,True,False,Check-in
63,0,199,99,2,4,12,1,True,False,True,False,False,True,False,True,False,False,False,False,True,False,False,False,True,False,False,False,True,False,True,True,False,Cancel
32,10,195,145,1,7,12,1,True,False,False,True,False,False,False,False,False,False,False,True,False,True,False,True,False,False,False,False,True,False,True,True,True,Cancel
25,25,247,58,1,5,12,1,False,False,False,False,True,False,False,False,False,True,False,False,True,False,True,False,False,False,False,False,False,False,False,True,True,Check-in
35,5,240,45,1,6,12,1,True,False,True,False,False,True,False,False,True,False,False,False,True,False,False,False,False,False,False,False,True,True,False,True,True,Check-in
42,0,165,194,1,6,12,1,False,True,False,False,False,False,False,False,True,False,False,True,False,False,False,True,False,True,False,False,False,False,True,True,False,Cancel
28,20,149,24,2,3,12,1,False,True,False,False,False,False,False,False,True,False,False,False,True,False,True,False,False,True,False,False,False,False,True,False,True,Check-in
42,0,181,183,1,3,12,1,False,True,False,False,True,False,False,False,False,False,True,False,False,False,True,False,True,False,False,False,True,False,True,False,False,Check-in
33,0,148,120,1,3,1,1,True,False,True,False,False,False,True,True,False,False,False,True,False,True,False,True,False,True,False,False,False,True,False,False,False,Cancel
51,40,195,19,1,4,1,1,False,True,False,False,False,False,True,False,False,True,False,True,False,True,False,False,True,True,False,False,True,True,False,True,True,Cancel
52,0,131,15,1,3,1,1,False,True,False,False,False,False,False,False,False,False,False,False,False,False,False,False,False,True,False,False,True,False,True,True,False,Check-in
50,0,208,121,2,8,1,0,False,False,False,False,False,True,False,False,True,False,False,False,True,False,False,False,False,True,False,False,False,True,False,True,False,Check-in
44,20,172,159,1,4,1,1,True,False,False,False,False,False,False,True,False,False,False,False,False,False,False,True,False,False,False,False,False,False,False,True,True,No-show
60,20,140,147,3,4,1,0,True,True,False,False,False,False,False,True,False,False,False,False,False,True,False,True,False,True,True,False,False,True,False,True,True,No-show
22,0,121,129,3,2,1,1,False,True,False,False,False,False,True,False,False,False,False,False,False,False,False,False,True,False,False,False,False,False,True,True,False,Check-in
68,20,117,89,1,2,1,1,False,False,False,True,False,False,True,False,True,False,False,True,False,True,False,True,False,False,False,False,True,False,True,True,True,Cancel
43,0,223,78,1,3,1,1,False,False,True,False,False,True,False,False,False,False,False,True,False,False,True,False,False,True,False,False,False,True,False,False,False,Check-in
52,0,196,56,3,4,1,1,True,False,True,False,False,True,False,False,False,True,False,False,False,True,False,False,False,False,False,False,False,True,False,False,False,Cancel
37,5,110,161,1,5,1,1,True,False,True,False,False,False,True,False,True,False,False,False,False,True,False,True,False,False,False,False,False,False,True,False,True,Cancel
54,5,148,40,1,3,1,1,True,True,False,False,False,True,False,False,True,False,False,True,False,False,True,False,False,True,False,False,False,False,True,True,True,Check-in
48,20,124,126,2,4,1,1,False,False,True,False,True,False,False,False,False,True,False,False,True,False,False,True,False,True,True,False,False,False,False,False,True,No-show
19,25,107,173,1,4,1,1,True,False,False,False,False,False,False,False,True,False,False,True,False,False,False,False,True,False,False,False,True,True,False,False,True,No-show
44,5,193,108,2,4,1,1,False,False,True,False,False,False,True,False,False,False,False,False,True,False,True,True,False,False,False,False,False,False,True,True,True,Check-in
38,15,105,119,2,4,1,1,True,False,True,False,False,False,False,False,False,True,False,False,False,False,False,False,True,False,False,False,False,False,True,False,True,Check-in
68,25,162,176,2,5,1,1,False,False,False,False,False,False,True,False,False,True,False,True,False,False,False,True,False,True,False,True,False,True,False,True,True,Cancel
22,40,196,11,1,4,1,1,True,True,False,False,False,False,False,True,False,False,True,False,False,True,False,False,True,False,False,False,False,False,True,True,True,Check-in
58,20,190,160,2,7,1,1,False,False,False,False,False,False,False,False,True,False,False,False,True,False,True,False,True,True,True,False,False,True,False,False,True,No-show
39,0,209,165,1,4,1,1,True,False,True,False,False,False,False,False,False,True,False,True,False,False,False,True,False,False,False,False,False,False,True,True,False,Check-in
51,20,118,26,1,4,1,1,False,False,True,False,False,False,False,False,True,False,True,False,False,False,False,True,False,True,False,False,False,False,True,False,True,Cancel
59,20,240,11,2,6,1,1,True,False,False,False,False,False,True,False,True,False,True,False,False,True,False,False,True,True,True,False,False,False,True,False,True,No-show
38,5,163,135,4,6,1,1,False,False,False,False,True,False,False,True,False,False,True,False,False,True,False,False,True,True,False,False,True,False,False,False,True,Cancel
67,5,185,186,1,4,1,1,True,False,False,True,False,False,False,False,False,False,False,True,False,True,False,False,False,True,True,False,False,True,False,False,True,No-show
39,10,161,30,1,4,1,1,False,False,True,False,False,False,True,False,False,True,False,False,True,True,False,False,True,False,False,True,False,False,True,True,True,Cancel
52,5,138,78,1,7,1,1,False,False,False,True,False,True,False,False,False,True,False,True,False,False,True,True,False,True,False,False,False,False,True,True,True,No-show
24,25,169,163,2,3,1,1,False,False,False,True,False,False,False,False,False,False,False,False,True,False,True,False,True,False,False,False,True,False,True,True,True,Check-in
59,20,154,11,1,5,1,1,False,False,False,False,False,False,True,True,False,False,False,True,False,False,False,False,True,True,False,False,False,True,False,True,True,Check-in
53,20,155,176,2,5,1,1,False,False,False,False,False,False,False,True,False,False,True,False,False,True,False,True,False,False,False,False,False,False,True,True,True,Cancel
24,10,193,91,3,6,1,1,False,False,True,False,False,False,True,True,False,False,True,False,False,False,False,False,False,False,False,False,True,False,True,False,True,Cancel
54,25,220,14,1,2,1,1,False,False,True,False,False,True,False,False,True,False,True,False,False,False,True,False,True,False,False,False,True,False,True,True,True,Cancel
61,30,157,61,2,4,1,1,False,True,False,False,False,False,False,True,False,False,False,True,False,False,True,True,False,False,False,False,True,False,False,True,True,Cancel
63,20,194,148,3,4,1,1,True,False,True,False,False,False,True,False,True,False,False,False,False,True,False,False,True,False,False,False,False,False,True,True,True,Cancel
35,5,126,201,1,6,1,1,False,False,False,True,True,False,False,False,True,False,False,True,False,False,False,False,True,True,True,False,False,False,True,True,True,Cancel
64,0,146,92,1,4,1,1,False,False,True,False,False,False,False,False,False,True,False,False,False,False,False,False,False,True,False,False,False,False,True,True,False,Cancel
20,30,191,55,3,3,1,1,False,True,False,False,False,False,False,False,False,True,False,True,False,False,False,True,False,True,False,False,False,False,True,False,True,Check-in
56,0,207,126,2,3,1,1,True,False,False,False,False,False,True,True,False,False,False,False,False,False,True,False,False,False,False,True,False,False,True,True,False,No-show
23,15,132,199,1,4,1,1,True,True,False,False,False,False,False,False,True,False,False,True,False,False,True,False,True,True,False,False,False,False,False,False,True,Cancel
49,10,171,126,1,3,1,1,True,False,False,True,False,True,False,False,True,False,False,True,False,False,True,True,False,True,False,False,False,False,True,True,True,Cancel
63,20,124,57,1,7,1,1,False,False,True,False,False,False,False,False,True,False,False,False,False,False,False,False,False,True,True,False,False,True,False,True,True,Cancel
32,25,162,47,1,3,1,1,True,True,False,False,False,False,True,True,False,False,False,False,False,True,False,True,False,True,False,False,True,False,True,True,True,Cancel
35,15,180,41,2,3,1,1,False,False,True,False,False,False,True,True,False,False,False,True,False,True,False,False,True,False,False,False,False,True,False,True,True,No-show
69,5,162,83,4,3,1,1,False,False,True,False,False,False,False,False,True,False,False,True,False,True,False,True,False,True,True,False,False,False,True,True,True,Cancel
61,40,167,197,2,3,1,1,False,False,False,False,False,False,False,False,True,False,False,True,False,True,False,True,False,False,False,True,False,False,True,False,True,No-show
44,0,227,221,2,7,1,1,True,True,False,False,True,False,False,False,True,False,False,False,False,True,False,True,False,True,False,False,False,True,False,False,False,Cancel
30,20,163,143,2,4,1,1,False,True,False,False,False,False,False,False,True,False,False,True,False,True,False,False,True,False,False,False,False,False,True,True,True,No-show
68,25,230,136,4,4,1,1,False,False,False,False,True,False,False,False,True,False,False,True,False,False,False,False,True,False,False,False,True,False,False,True,True,Cancel
49,20,216,48,3,4,1,1,True,False,True,False,False,False,True,False,False,True,False,True,False,False,False,False,False,True,False,False,False,False,True,True,True,Cancel
37,0,215,63,3,3,1,1,False,False,True,False,False,False,False,True,False,False,False,True,False,False,True,True,False,True,False,False,False,False,True,True,False,Cancel
70,25,121,56,1,4,1,1,False,False,False,True,False,True,False,False,False,False,False,True,False,True,False,False,True,True,True,False,False,False,True,True,True,Cancel
67,10,129,167,1,4,1,1,False,False,False,True,False,False,False,False,True,False,False,False,True,False,True,False,True,True,True,False,False,False,True,True,True,Cancel
59,20,114,200,2,5,1,1,False,True,False,False,False,True,False,False,False,True,True,False,False,True,False,False,False,False,False,False,True,True,False,True,True,Cancel
44,10,178,65,3,4,1,1,True,False,False,False,False,False,True,False,False,True,False,True,False,False,True,True,False,False,False,False,True,True,False,True,True,Cancel
31,0,200,43,3,3,1,1,True,False,False,True,False,True,False,True,False,False,False,False,True,False,True,True,False,False,False,False,False,False,True,True,False,Cancel
50,30,215,182,1,5,1,1,True,False,True,False,False,False,True,True,False,False,False,True,False,False,False,True,False,True,True,True,False,False,True,True,True,Cancel
65,25,218,213,2,6,1,0,True,False,False,False,True,False,False,False,False,False,False,True,False,False,True,False,True,True,False,False,True,False,True,False,True,No-show
61,5,207,9,3,4,1,0,False,True,False,False,False,False,False,False,False,False,False,True,False,False,True,False,True,False,False,False,False,False,True,True,True,Cancel
54,25,231,210,2,3,1,0,True,False,True,False,True,False,False,False,True,False,False,True,False,False,False,False,True,True,True,False,False,False,True,True,True,Cancel
41,0,146,119,3,2,1,0,True,False,False,False,False,False,False,True,False,False,False,False,True,False,True,False,False,False,False,False,True,False,True,True,False,Check-in
44,40,180,71,2,5,1,0,False,False,False,True,False,True,False,True,False,False,False,True,False,False,True,True,False,False,False,False,True,True,False,True,True,Cancel
25,0,191,106,2,6,1,0,False,True,False,False,False,False,False,False,False,False,False,True,False,False,False,False,False,False,False,False,False,False,True,True,False,Check-in
27,25,104,28,1,2,1,0,False,False,False,False,False,False,False,True,False,False,False,True,False,False,True,False,False,False,False,False,False,False,True,True,True,Check-in
52,0,144,1,2,5,1,0,False,True,False,False,False,False,False,True,False,False,False,False,False,False,False,True,False,False,False,False,False,True,False,True,False,Cancel
39,20,107,208,1,4,1,0,True,False,False,True,False,False,False,False,True,False,False,False,True,True,False,False,True,True,False,False,False,True,False,True,True,Cancel
38,20,212,33,1,3,1,0,True,False,True,False,True,False,False,False,False,True,False,False,True,False,False,True,False,False,False,False,False,False,False,True,True,Check-in
38,20,157,46,1,2,1,0,False,False,False,True,False,False,False,True,False,False,False,True,False,True,False,False,True,False,False,False,True,False,True,True,True,Check-in
50,5,192,57,1,3,1,0,True,False,True,False,False,True,False,True,False,False,True,False,False,False,True,True,False,False,False,False,True,False,True,True,True,No-show
26,0,165,143,1,3,1,0,True,True,False,False,False,False,False,False,True,False,False,False,True,True,False,True,False,True,True,False,False,True,False,True,False,No-show
52,0,221,59,1,3,1,0,True,True,False,False,False,False,True,False,False,False,False,False,False,False,False,False,False,True,True,False,True,False,True,True,False,Check-in
32,20,140,21,3,2,1,0,False,False,False,False,False,False,False,False,False,False,False,True,False,False,True,True,False,False,False,False,True,True,False,True,True,Cancel
21,10,112,142,1,6,1,0,True,False,True,False,False,False,False,False,True,False,False,True,False,False,True,True,False,True,True,False,True,False,True,True,True,No-show
36,10,223,89,3,5,1,0,False,False,True,False,False,True,False,False,False,False,False,True,False,False,True,False,False,True,False,False,False,True,False,True,True,Check-in
46,0,236,159,4,3,1,0,False,True,False,False,False,True,False,False,False,False,False,False,True,True,False,False,True,True,False,False,False,False,True,False,False,Check-in
48,25,201,63,1,3,1,0,False,False,False,True,False,False,False,True,False,False,False,False,False,False,True,True,False,False,False,False,False,False,False,True,True,No-show
37,20,109,168,1,5,1,0,False,False,False,False,False,False,False,True,False,False,False,False,True,False,True,False,True,False,False,False,True,False,False,False,True,No-show
33,25,158,158,2,2,1,0,True,False,False,False,False,False,False,False,True,False,False,False,False,False,True,True,False,False,False,True,False,True,False,True,True,Cancel
55,40,150,175,1,5,1,0,True,False,False,True,False,False,True,False,True,False,False,True,False,False,False,False,False,False,False,False,True,True,False,True,True,Check-in
69,25,137,94,3,3,1,0,True,True,False,False,False,False,False,True,False,False,False,True,False,False,False,True,False,False,False,False,False,False,False,True,True,Cancel
56,0,250,78,3,3,1,0,False,False,False,False,False,False,False,False,False,False,False,True,False,False,False,False,True,False,False,True,False,False,True,True,False,Cancel
30,10,122,118,1,3,1,0,False,False,True,False,True,False,False,True,False,False,False,False,True,True,False,False,False,False,False,False,False,False,True,True,True,Check-in
64,30,161,152,1,4,1,0,False,True,False,False,False,True,False,False,False,False,False,False,False,False,False,True,False,False,False,False,False,False,False,True,True,Cancel
63,30,218,151,1,4,1,0,True,False,False,False,False,True,False,False,True,False,False,False,True,False,False,False,False,False,False,False,False,False,True,True,True,Check-in
39,20,134,115,1,3,1,0,True,False,False,False,False,False,False,False,False,True,False,True,False,False,False,True,False,False,False,True,False,True,False,False,True,Check-in
50,0,223,99,2,4,1,0,False,False,True,False,False,True,False,False,True,False,False,False,False,False,True,True,False,True,False,False,False,False,True,False,False,Cancel
33,0,194,176,4,8,1,0,True,False,False,True,False,False,False,True,False,False,False,False,False,False,False,True,False,True,False,False,True,True,False,True,False,Cancel
37,40,248,66,1,8,1,0,True,False,False,True,True,False,False,False,False,False,False,True,False,True,False,True,False,True,False,False,False,False,True,False,True,Cancel
64,5,142,66,2,5,1,0,False,False,True,False,False,True,False,True,False,False,False,True,False,False,False,True,False,False,False,False,False,True,False,False,True,Cancel
34,20,109,43,3,4,1,0,True,False,True,False,False,False,False,False,False,True,True,False,False,False,False,False,False,False,False,False,False,False,True,True,True,Cancel
36,5,168,123,3,3,1,0,False,True,False,False,False,True,False,False,True,False,True,False,False,True,False,False,True,False,False,False,False,False,True,False,True,Check-in
23,10,116,205,1,2,1,0,False,False,False,True,False,False,True,True,False,False,False,False,False,False,False,True,False,False,False,False,False,False,True,True,True,Cancel
43,0,222,180,3,3,1,0,True,True,False,False,False,False,False,True,False,False,False,True,False,True,False,False,True,True,True,False,False,True,False,True,False,Check-in
32,20,138,1,1,3,1,0,False,False,False,True,False,False,True,False,False,False,False,False,False,False,True,True,False,False,False,False,False,False,True,True,True,No-show
67,20,217,133,3,5,1,0,False,False,False,True,True,False,False,True,False,False,False,False,True,False,False,False,True,False,False,False,False,False,False,True,True,No-show
27,5,188,190,2,8,1,0,False,False,False,True,False,False,False,False,False,False,False,False,False,False,True,False,True,False,False,True,False,False,True,True,True,No-show
24,40,221,216,4,7,1,0,False,False,False,False,True,False,False,False,False,False,False,True,False,False,True,False,False,True,False,False,True,False,True,False,True,No-show
63,0,166,69,1,6,1,0,True,False,False,True,False,False,True,False,True,False,False,False,False,True,False,True,False,False,False,False,False,False,True,False,False,Cancel
41,10,212,199,2,5,1,0,True,False,False,True,False,False,True,False,True,False,False,False,False,True,False,False,True,True,True,True,False,False,True,True,True,No-show
69,5,120,218,3,3,1,0,True,False,True,False,False,False,True,True,False,False,True,False,False,False,True,False,True,True,False,False,False,False,True,True,True,Check-in
56,10,144,51,3,7,1,0,True,False,False,True,False,False,True,False,False,False,False,True,False,False,False,True,False,False,False,False,True,False,True,True,True,Cancel
62,20,137,208,2,4,1,0,True,False,False,True,False,False,True,False,False,False,False,True,False,False,True,False,False,True,False,False,False,True,False,True,True,Cancel
59,15,127,36,1,3,1,0,True,True,False,False,False,False,True,False,False,False,False,False,False,False,False,True,False,False,False,False,False,True,False,True,True,Cancel
48,5,160,124,1,4,1,0,True,False,False,True,True,False,False,False,False,True,False,False,True,False,True,False,False,False,False,False,False,False,True,True,True,Check-in
62,20,100,200,2,3,1,0,False,False,False,True,False,True,False,False,True,False,False,True,False,False,True,False,False,True,True,False,False,False,True,True,True,Check-in
41,40,101,37,2,7,1,0,False,False,False,True,True,False,False,False,True,False,False,True,False,False,False,False,True,True,False,False,False,True,False,True,True,Cancel
33,15,191,89,3,2,1,0,True,False,False,True,False,False,False,True,False,False,True,False,False,False,False,False,False,True,False,False,True,False,False,True,True,Check-in
67,40,169,154,1,4,1,0,False,False,True,False,False,False,True,False,False,False,False,True,False,True,False,False,False,True,False,False,True,False,True,False,True,Cancel
41,0,235,14,1,4,1,0,True,False,True,False,False,False,True,False,False,True,False,True,False,False,False,False,True,True,False,False,False,False,True,True,False,Cancel
23,0,245,162,4,7,1,0,True,False,True,False,True,False,False,False,False,False,True,False,False,True,False,True,False,False,False,False,False,False,True,False,False,Check-in
45,10,232,203,1,4,1,0,False,False,False,False,False,False,False,False,True,False,False,True,False,True,False,False,True,False,False,False,False,False,True,True,True,Check-in
31,25,235,6,1,5,1,0,False,False,True,False,True,False,False,False,False,True,False,False,True,False,True,True,False,False,False,False,False,False,True,True,True,Check-in
55,5,162,171,1,2,1,0,True,False,True,False,True,False,False,True,False,False,False,False,False,False,False,True,False,True,False,False,True,False,True,True,True,Cancel
22,25,229,103,1,3,1,0,False,False,True,False,False,True,False,False,False,True,False,True,False,False,False,False,True,True,False,False,False,False,True,True,True,Check-in
54,0,148,187,1,6,1,0,True,True,False,False,False,False,False,True,False,False,True,False,False,True,False,False,False,True,True,False,False,False,True,True,False,No-show
58,5,203,34,1,4,1,0,False,True,False,False,False,True,False,False,False,False,True,False,False,False,False,True,False,False,False,False,False,False,True,False,True,Check-in
69,5,177,144,1,4,1,0,True,False,False,True,False,False,True,True,False,False,True,False,False,False,False,False,False,True,True,True,False,True,False,True,True,Check-in
50,5,177,54,2,3,1,0,True,False,False,False,True,False,False,False,False,False,True,False,False,False,False,False,False,False,False,True,False,False,True,True,True,No-show
63,30,188,197,2,2,1,0,False,False,False,False,True,False,False,False,True,False,True,False,False,False,True,False,False,False,False,False,True,True,False,True,True,Check-in
69,0,234,185,3,3,1,0,False,False,False,True,False,True,False,False,False,False,False,False,False,False,False,True,False,True,False,False,False,False,True,True,False,Cancel
70,0,173,35,1,2,1,0,True,False,False,False,False,False,False,True,False,False,False,True,False,True,False,True,False,True,False,False,False,False,True,True,False,Cancel
39,20,232,211,1,6,1,0,True,False,False,False,False,False,True,True,False,False,False,True,False,False,True,False,True,False,False,True,False,False,False,False,True,Check-in
52,0,130,64,2,4,1,0,True,True,False,False,False,False,True,False,False,True,False,False,False,False,False,True,False,True,True,False,False,False,True,True,False,No-show
62,5,161,123,1,5,1,0,True,False,False,True,False,False,False,True,False,False,False,True,False,False,True,True,False,False,False,False,False,True,False,True,True,Cancel
41,30,111,189,3,3,1,0,False,True,False,False,False,False,False,False,True,False,False,True,False,False,False,True,False,False,False,False,True,False,True,True,True,Cancel
57,25,205,109,1,3,1,0,True,False,True,False,False,False,False,False,True,False,True,False,False,False,False,False,True,False,False,True,False,True,False,False,True,Cancel
53,15,191,123,2,5,1,0,True,False,True,False,False,False,True,False,True,False,True,False,False,True,False,False,True,False,False,False,False,False,False,False,True,Cancel
23,0,198,66,1,6,1,0,True,True,False,False,False,False,False,True,False,False,True,False,False,False,False,False,True,False,False,False,True,False,True,True,False,Check-in
43,0,229,191,2,5,1,0,False,False,False,True,False,True,False,False,False,False,False,False,False,True,False,True,False,False,False,False,False,True,False,False,False,No-show
25,30,203,52,1,3,1,0,False,False,True,False,False,False,False,True,False,False,False,False,False,False,True,False,True,True,True,False,False,True,False,False,True,Check-in
66,25,195,123,1,4,1,0,False,False,False,True,False,False,True,False,False,False,False,False,True,False,False,True,False,False,False,False,False,False,False,False,True,No-show
70,10,180,77,3,2,1,0,True,True,False,False,False,False,True,False,False,False,True,False,False,False,True,False,True,True,False,False,False,True,False,False,True,Check-in
33,0,177,101,1,4,1,0,False,False,True,False,False,False,True,False,False,False,False,True,False,True,False,True,False,True,False,False,True,False,True,True,False,Cancel
28,10,143,80,1,7,1,0,True,True,False,False,True,False,False,False,False,False,False,True,False,False,True,False,False,False,False,True,False,False,True,True,True,No-show
29,25,177,31,1,5,1,0,True,False,False,False,False,False,False,False,True,False,False,False,True,True,False,True,False,True,False,False,True,False,True,True,True,Cancel
59,10,156,101,3,2,1,0,False,False,True,False,False,False,False,False,False,False,False,False,True,False,False,False,True,False,False,False,False,False,False,True,True,Cancel
46,40,122,134,3,5,1,0,False,False,True,False,True,False,False,True,False,False,True,False,False,True,False,True,False,False,False,False,True,False,True,True,True,Cancel
38,15,168,67,1,2,1,0,True,True,False,False,False,True,False,False,True,False,False,False,False,False,True,True,False,False,False,False,False,False,False,False,True,No-show
24,5,138,9,1,4,1,0,True,False,True,False,True,False,False,False,True,False,False,False,False,True,False,False,False,False,False,False,True,False,True,False,True,No-show
46,10,195,68,1,2,1,0,True,False,False,False,False,False,True,False,True,False,False,False,True,True,False,False,False,False,False,False,True,False,True,False,True,Check-in
50,10,131,84,4,4,1,0,False,True,False,False,False,False,False,False,False,True,False,False,False,False,True,False,False,False,False,False,False,False,True,False,True,Cancel
45,0,231,39,2,3,1,0,True,False,True,False,False,True,False,False,False,True,False,False,False,False,False,False,False,False,False,True,False,True,False,True,False,Check-in
52,20,123,79,1,4,1,0,True,True,False,False,False,False,False,False,False,False,False,True,False,False,False,False,True,True,True,False,False,False,True,True,True,Cancel
21,10,169,180,3,6,1,0,False,True,False,False,False,False,True,False,False,False,False,False,False,False,False,False,False,False,False,False,False,True,False,True,True,Cancel
41,10,116,56,2,5,1,0,False,True,False,False,False,False,True,False,True,False,False,True,False,True,False,False,False,False,False,False,False,False,True,True,True,No-show
39,15,182,53,2,3,1,0,True,True,False,False,False,True,False,True,False,False,False,True,False,True,False,False,True,False,False,False,True,False,False,True,True,Check-in
22,0,233,37,1,2,1,0,True,False,True,False,False,False,False,False,True,False,False,True,False,False,False,True,False,True,False,False,False,False,False,True,False,Cancel
70,15,225,109,1,4,2,0,False,False,True,False,True,False,False,False,False,True,False,False,True,False,False,False,True,False,False,False,True,False,True,True,True,Cancel
28,10,103,54,1,7,3,0,True,True,False,False,False,False,False,False,True,False,False,True,False,False,False,True,False,True,False,False,True,False,True,False,True,Cancel
61,10,171,204,1,5,1,0,False,True,False,False,False,True,False,False,False,False,True,False,False,True,False,False,False,False,False,False,False,True,False,True,True,Check-in
48,5,154,90,1,5,5,0,False,False,True,False,False,False,True,False,True,False,False,True,False,False,True,False,False,False,False,False,False,True,False,False,True,Check-in
60,0,236,120,4,5,1,0,False,True,False,False,False,True,False,False,True,False,False,False,True,True,False,False,True,False,False,False,False,True,False,False,False,Cancel
24,25,238,58,1,6,1,0,False,True,False,False,True,False,False,False,False,True,True,False,False,True,False,False,True,True,True,False,False,False,True,False,True,Cancel
24,15,156,169,2,4,1,0,False,True,False,False,True,False,False,True,False,False,False,True,False,False,True,False,False,False,False,True,False,False,True,True,True,Cancel
70,10,108,98,1,4,1,0,False,False,False,True,False,False,False,False,False,False,False,True,False,False,False,False,True,False,False,False,False,False,True,True,True,No-show
20,10,168,37,2,3,1,0,False,False,False,False,False,False,True,False,True,False,False,False,True,False,False,False,True,False,False,False,True,False,True,False,True,Check-in
58,10,124,102,1,6,1,0,True,False,False,True,False,True,False,False,True,False,False,True,False,False,True,False,False,True,False,False,False,False,False,True,True,Check-in
47,30,213,201,1,2,1,0,False,False,False,False,False,False,True,False,True,False,False,False,False,False,True,False,True,True,False,False,False,True,False,True,True,Cancel
30,40,240,205,1,4,1,0,False,True,False,False,False,False,True,False,True,False,False,True,False,True,False,False,False,False,False,False,False,False,False,False,True,Check-in
40,20,110,214,2,3,1,0,True,False,False,False,False,False,False,False,False,False,False,False,False,False,False,False,True,False,False,False,False,False,True,False,True,No-show
18,0,225,217,2,8,1,0,False,False,False,True,False,False,True,False,False,False,True,False,False,False,True,True,False,True,False,False,True,False,True,True,False,No-show
46,5,200,116,2,4,1,0,False,False,True,False,False,True,False,True,False,False,False,False,True,True,False,False,True,False,False,False,False,True,False,False,True,Cancel
65,10,113,72,2,7,1,0,True,False,False,True,False,False,False,False,False,False,False,True,False,False,True,False,False,False,False,False,False,True,False,True,True,Check-in
44,0,176,202,2,3,1,0,False,True,False,False,False,False,True,False,False,False,False,False,True,True,False,True,False,False,False,False,True,False,False,False,False,Cancel
48,10,126,190,1,5,1,0,True,True,False,False,False,False,False,False,False,False,False,False,False,False,False,True,False,False,False,False,False,False,False,True,True,Cancel
47,5,102,148,2,6,1,0,False,False,True,False,False,False,True,False,False,True,False,False,True,False,False,False,False,True,True,False,True,True,False,True,True,Cancel
69,10,220,1,1,4,1,0,True,False,False,True,False,True,False,True,False,False,False,False,True,True,False,True,False,False,False,False,False,False,True,True,True,Cancel
62,10,133,5,1,4,1,0,True,False,False,True,True,False,False,False,False,False,False,True,False,False,True,False,True,False,False,False,False,False,True,True,True,Cancel
35,20,128,147,1,7,1,0,False,False,True,False,False,True,False,False,True,False,True,False,False,True,False,False,True,True,True,False,False,True,False,True,True,Check-in
46,0,240,137,2,3,1,0,True,False,False,True,False,False,False,False,False,False,False,True,False,True,False,True,False,True,False,False,False,False,False,True,False,Cancel
48,40,111,118,1,3,1,0,False,False,True,False,False,False,False,True,False,False,True,False,False,True,False,False,True,False,False,False,False,False,True,True,True,No-show
40,25,176,14,3,7,1,1,True,True,False,False,False,False,True,False,True,False,False,False,True,True,False,False,False,False,False,False,False,False,True,False,True,Check-in
41,40,161,218,1,2,1,0,True,False,False,True,False,True,False,True,False,False,False,True,False,True,False,False,False,True,False,False,False,False,True,False,True,Check-in
61,15,129,196,3,4,1,0,False,False,False,True,False,False,False,False,True,False,False,False,False,False,True,False,False,False,False,False,False,True,False,False,True,Cancel
43,25,119,173,1,2,1,0,True,False,True,False,False,False,False,True,False,False,False,False,False,False,False,False,False,False,False,False,False,False,True,True,True,Check-in
58,0,202,50,1,5,1,0,False,False,False,True,False,False,False,True,False,False,True,False,False,False,False,True,False,False,False,False,False,False,True,True,False,Cancel
41,10,185,164,1,6,1,0,True,False,False,True,False,False,False,False,False,False,False,True,False,False,True,True,False,True,False,False,False,False,True,True,True,No-show
51,25,146,116,1,6,1,0,True,True,False,False,False,False,False,False,False,False,True,False,False,False,False,False,True,False,False,False,False,False,True,True,True,Cancel
35,20,117,184,1,3,1,0,True,False,False,False,False,False,False,False,True,False,True,False,False,False,True,False,False,True,True,True,False,True,False,True,True,Check-in
60,20,192,147,1,6,1,0,False,False,True,False,False,True,False,True,False,False,False,False,False,True,False,False,True,True,False,False,True,False,True,False,True,No-show
31,10,147,50,3,6,1,0,False,False,True,False,False,False,True,False,True,False,True,False,False,False,True,True,False,False,False,False,False,False,True,True,True,Cancel
62,0,136,161,2,5,1,0,False,True,False,False,True,False,False,False,True,False,False,False,True,True,False,True,False,False,False,False,False,False,True,True,False,Cancel
48,40,158,206,1,3,1,0,False,False,False,False,True,False,False,False,False,False,False,False,True,True,False,True,False,False,False,False,False,True,False,True,True,Cancel
67,10,130,68,1,3,1,0,False,True,False,False,False,False,False,False,True,False,False,True,False,False,True,True,False,False,False,True,False,True,False,True,True,No-show
39,5,227,24,2,5,1,0,False,False,True,False,True,False,False,False,False,True,True,False,False,False,False,False,False,False,False,False,False,False,True,True,True,No-show
61,0,133,199,2,4,1,0,False,False,True,False,False,False,False,False,False,False,True,False,False,False,False,True,False,True,False,False,False,False,True,True,False,Cancel
27,10,231,35,2,3,1,0,True,False,False,True,True,False,False,False,False,False,False,False,True,False,True,False,False,False,False,False,False,True,False,True,True,Check-in
42,0,249,10,1,3,1,0,False,False,True,False,False,False,True,False,False,True,False,True,False,False,True,True,False,False,False,False,False,False,True,True,False,Check-in
19,10,183,113,1,2,1,0,False,False,True,False,False,True,False,False,True,False,True,False,False,False,False,True,False,False,False,False,False,False,True,True,True,Cancel
54,5,249,150,3,4,1,0,True,True,False,False,False,False,False,True,False,False,True,False,False,True,False,True,False,False,False,False,False,False,False,True,True,Cancel
56,10,199,70,2,4,1,0,False,False,False,True,False,False,True,False,False,False,False,True,False,False,False,False,True,False,False,False,True,False,False,False,True,Check-in
30,0,187,110,3,3,1,0,False,False,False,False,False,False,True,False,False,True,False,True,False,False,True,False,True,False,False,False,False,False,True,False,False,Cancel
50,30,156,18,4,2,1,0,True,True,False,False,False,False,False,False,False,True,False,False,True,False,True,True,False,False,False,False,False,False,True,True,True,Cancel
50,40,187,49,1,3,1,0,True,False,True,False,True,False,False,True,False,False,False,False,False,False,True,False,False,True,False,False,False,False,True,True,True,Check-in
27,40,200,39,2,3,1,0,False,False,False,False,False,False,False,True,False,False,True,False,False,False,False,True,False,False,False,False,True,False,False,True,True,Cancel
25,10,231,14,1,8,1,0,False,False,False,True,False,False,True,False,True,False,False,False,True,False,False,False,True,True,False,False,True,False,False,False,True,Check-in
18,5,164,77,4,7,1,0,False,False,False,False,False,False,False,False,False,False,False,True,False,True,False,False,True,False,False,False,False,False,True,True,True,Check-in
24,5,184,210,1,5,1,0,False,False,False,False,False,True,False,True,False,False,True,False,False,True,False,True,False,False,False,True,False,False,True,False,True,No-show
61,20,102,67,1,3,3,0,True,True,False,False,False,True,False,False,False,True,False,True,False,False,False,False,False,False,False,False,False,False,True,False,True,Check-in
61,30,198,66,1,4,3,0,False,True,False,False,False,False,False,False,True,False,False,True,False,True,False,False,False,True,True,False,False,True,False,True,True,Cancel
58,25,121,100,2,5,3,1,False,False,False,True,False,True,False,False,False,True,False,False,True,False,False,True,False,False,False,False,True,False,True,True,True,Cancel
46,10,138,220,1,4,3,1,False,True,False,False,False,False,False,False,False,False,False,True,False,False,False,False,True,False,False,False,False,False,False,True,True,Check-in
52,10,173,46,1,4,3,1,True,False,False,False,True,False,False,False,True,False,False,True,False,False,False,True,False,False,False,False,True,True,False,False,True,Cancel
32,5,192,205,3,3,3,1,True,False,False,False,True,False,False,False,True,False,False,True,False,False,True,True,False,False,False,False,False,False,True,True,True,No-show
30,5,207,187,2,2,3,0,True,False,False,True,False,False,False,False,True,False,True,False,False,False,True,True,False,False,False,False,False,False,False,False,True,Check-in
51,40,246,209,4,3,3,0,True,False,False,True,True,False,False,True,False,False,False,True,False,False,True,False,True,True,True,False,False,True,False,True,True,No-show
31,10,198,204,3,2,3,0,False,True,False,False,False,False,False,False,False,False,False,False,True,False,True,True,False,True,False,False,True,True,False,False,True,Cancel
20,5,237,112,4,6,3,0,False,True,False,False,False,False,False,False,False,False,False,False,True,False,True,True,False,False,False,True,False,False,True,False,True,No-show
27,0,234,30,1,2,3,0,False,False,False,False,True,False,False,False,False,False,False,False,False,False,False,True,False,False,False,False,False,False,True,True,False,Cancel
58,10,136,74,4,2,3,0,False,False,True,False,False,False,False,False,True,False,False,True,False,True,False,False,True,True,True,False,True,False,False,True,True,Check-in
24,0,154,184,1,3,3,0,True,False,False,False,True,False,False,False,False,False,False,False,True,False,True,False,False,False,False,False,True,False,True,True,False,No-show
31,20,193,99,4,3,3,0,True,False,False,True,False,False,True,False,True,False,False,False,True,False,True,False,True,False,False,False,False,True,False,True,True,No-show
56,0,180,28,1,6,3,0,False,False,False,True,False,False,False,True,False,False,True,False,False,False,True,False,False,True,False,False,False,False,False,True,False,Check-in
20,0,198,171,1,5,1,0,False,False,True,False,False,False,False,False,True,False,False,False,True,True,False,False,True,False,False,False,True,False,True,False,False,Cancel
35,0,139,61,2,3,1,0,False,False,False,True,False,False,True,False,False,False,False,True,False,False,True,True,False,True,True,False,False,False,True,True,False,No-show
58,5,235,2,1,4,1,0,True,False,True,False,False,False,False,True,False,False,False,False,True,False,False,False,False,True,False,True,False,False,True,False,True,Cancel
63,0,145,208,1,3,1,0,False,False,False,True,True,False,False,True,False,False,False,False,False,True,False,False,False,True,True,False,False,False,True,True,False,Cancel
47,5,234,128,1,6,1,0,True,True,False,False,False,False,True,False,False,False,False,False,False,True,False,True,False,False,False,False,False,False,True,True,True,No-show
27,10,154,84,2,4,1,0,False,False,True,False,False,False,True,False,True,False,False,False,True,False,False,False,True,False,False,False,False,True,False,True,True,Check-in
52,0,222,122,3,3,1,0,True,False,True,False,False,False,False,True,False,False,False,False,False,True,False,False,False,True,True,False,True,False,False,True,False,Check-in
19,10,117,55,3,4,1,0,False,False,False,False,False,True,False,False,True,False,False,False,False,False,True,False,True,True,False,False,True,False,True,False,True,Cancel
67,5,199,173,1,6,1,0,True,False,False,True,True,False,False,False,True,False,True,False,False,True,False,False,False,True,False,False,False,True,False,True,True,Check-in
45,20,170,114,3,5,1,0,False,True,False,False,False,False,False,False,False,False,False,False,True,True,False,False,False,False,False,False,False,True,False,True,True,Cancel
39,5,123,141,3,4,1,0,False,False,False,False,True,False,False,True,False,False,False,False,False,False,True,False,True,True,True,True,False,False,True,True,True,Check-in
60,5,122,93,2,2,1,0,True,False,True,False,False,False,True,True,False,False,False,False,True,False,True,True,False,False,False,False,False,True,False,True,True,Cancel
48,40,185,151,3,3,1,0,True,False,True,False,False,True,False,True,False,False,False,False,False,True,False,False,True,False,False,False,False,False,True,True,True,No-show
61,5,158,158,2,6,1,0,True,False,False,False,False,True,False,True,False,False,False,True,False,True,False,True,False,False,False,False,False,False,True,True,True,Cancel
66,10,152,108,1,6,1,1,False,True,False,False,True,False,False,False,True,False,False,True,False,True,False,False,True,False,False,False,True,False,False,True,True,Cancel
25,10,208,42,1,5,1,1,True,True,False,False,False,False,True,False,True,False,False,False,False,True,False,False,False,True,True,False,False,False,True,False,True,No-show
45,10,121,98,1,4,1,0,True,False,True,False,True,False,False,False,False,True,False,True,False,False,True,False,True,False,False,False,False,False,True,True,True,Check-in
68,0,249,70,2,4,1,0,True,False,False,False,False,False,False,True,False,False,False,True,False,False,True,True,False,True,False,True,False,False,False,False,False,Cancel
65,40,161,6,1,4,1,0,False,True,False,False,False,False,False,False,False,False,False,True,False,False,True,True,False,False,False,False,False,False,True,False,True,Cancel
49,20,209,91,2,3,1,0,False,False,False,True,False,True,False,False,False,True,False,False,True,True,False,False,False,False,False,False,False,False,True,True,True,Cancel
39,20,183,114,1,3,1,0,True,True,False,False,False,True,False,False,False,True,True,False,False,False,True,True,False,False,False,False,True,True,False,False,True,Cancel
65,15,170,156,2,6,1,0,False,True,False,False,False,False,False,True,False,False,False,False,True,False,False,False,True,False,False,False,True,False,False,False,True,Cancel
53,20,107,155,2,3,1,0,True,True,False,False,False,False,True,False,False,False,True,False,False,True,False,False,False,True,True,False,False,False,True,True,True,No-show
58,0,125,152,1,4,1,0,True,False,False,False,False,True,False,False,False,True,False,True,False,False,True,False,True,True,True,False,False,False,True,True,False,Cancel
18,25,101,86,1,5,1,0,True,True,False,False,False,False,True,False,False,False,False,False,True,True,False,False,True,False,False,False,True,True,False,True,True,Cancel
56,0,187,129,1,3,1,0,True,False,False,False,False,True,False,False,False,False,False,True,False,False,True,True,False,True,False,False,False,False,False,True,False,No-show
50,25,162,112,4,4,1,0,False,False,False,True,False,False,False,False,False,False,False,True,False,False,True,False,True,False,False,False,False,False,True,True,True,Cancel
53,40,110,163,2,3,1,0,True,True,False,False,False,False,False,False,False,False,False,False,True,False,True,True,False,False,False,False,False,False,True,True,True,No-show
30,0,145,109,3,3,1,0,True,True,False,False,False,False,False,False,False,False,False,True,False,False,True,False,False,False,False,False,True,True,False,True,False,Check-in
52,0,231,13,1,5,1,1,True,False,False,False,False,False,False,False,False,False,True,False,False,False,True,False,False,False,False,False,False,False,True,True,False,Check-in
22,0,194,207,2,3,1,1,False,False,False,True,False,False,True,True,False,False,False,False,False,True,False,False,True,False,False,False,False,False,True,True,False,Cancel
61,0,135,153,2,4,1,1,True,False,True,False,False,False,True,False,False,False,False,False,False,False,True,False,True,True,True,False,False,False,True,True,False,No-show
67,25,147,204,4,6,2,0,False,False,True,False,False,False,True,False,True,False,False,True,False,False,False,False,False,False,False,False,False,False,True,True,True,Cancel
46,20,223,77,1,3,3,0,False,False,False,True,False,False,False,False,False,False,False,False,False,False,True,False,True,False,False,False,False,False,True,True,True,No-show
19,10,190,188,1,4,6,0,True,False,False,True,False,False,False,True,False,False,False,False,True,False,True,True,False,False,False,False,False,False,True,True,True,No-show
70,5,151,149,1,7,1,1,False,True,False,False,False,True,False,True,False,False,False,False,True,False,True,False,True,False,False,False,False,False,True,True,True,Cancel
33,0,136,118,2,6,1,1,True,False,False,True,False,False,False,False,True,False,False,True,False,False,True,False,False,True,True,False,False,False,True,True,False,Check-in
22,10,134,188,2,2,1,1,False,False,False,False,True,False,False,False,False,True,False,True,False,False,False,False,False,True,True,False,False,True,False,False,True,No-show
54,5,184,41,4,4,1,1,True,False,True,False,True,False,False,False,False,False,False,False,True,False,True,False,False,True,False,False,False,False,True,True,True,Check-in
70,10,155,149,3,6,1,1,False,False,False,True,False,False,True,False,False,True,True,False,False,False,False,False,True,True,True,False,True,True,False,True,True,Cancel
52,10,117,82,3,3,3,1,False,False,False,False,False,False,True,False,False,False,True,False,False,False,False,True,False,False,False,False,False,False,True,True,True,Cancel
36,30,117,139,4,3,1,1,True,False,True,False,False,False,False,False,False,True,False,False,False,True,False,True,False,False,False,False,False,False,True,True,True,Cancel
39,10,208,61,2,3,1,1,True,True,False,False,True,False,False,False,False,True,True,False,False,False,False,False,False,True,True,False,True,False,True,True,True,No-show
33,20,195,45,1,4,1,1,True,False,False,False,False,False,True,False,False,False,False,False,True,False,False,False,True,True,False,False,False,True,False,True,True,No-show
51,25,182,70,2,4,1,1,False,False,False,True,False,False,True,True,False,False,True,False,False,False,False,False,False,False,False,True,False,True,False,False,True,Check-in
27,5,164,68,3,3,1,1,True,False,False,True,False,False,True,False,False,False,False,False,False,True,False,False,True,False,False,False,False,True,False,False,True,No-show
18,20,145,157,3,5,1,1,True,True,False,False,False,False,True,True,False,False,True,False,False,False,False,True,False,False,False,False,True,False,True,True,True,Cancel
41,5,106,12,1,3,1,1,True,True,False,False,False,False,False,False,True,False,False,True,False,False,True,False,True,False,False,False,False,True,False,True,True,Cancel
49,20,187,221,1,3,1,1,True,False,True,False,False,False,False,False,False,False,True,False,False,False,False,False,True,False,False,False,True,False,True,True,True,Cancel
69,25,101,37,2,5,1,1,True,False,False,False,False,False,False,True,False,False,False,False,False,True,False,False,True,True,False,False,False,False,True,True,True,Cancel
22,25,154,0,2,5,1,1,False,False,True,False,False,False,True,True,False,False,False,True,False,False,False,False,True,False,False,True,False,False,True,True,True,Cancel
66,10,137,190,3,3,1,1,True,False,True,False,False,False,False,True,False,False,False,False,True,False,False,True,False,False,False,False,False,False,True,False,True,Cancel
33,0,182,160,3,4,1,1,False,False,True,False,True,False,False,False,True,False,True,False,False,True,False,False,False,False,False,False,False,True,False,False,False,Cancel
49,25,157,12,2,2,1,1,True,False,False,False,False,False,False,False,False,True,False,False,False,True,False,False,False,True,False,False,True,False,True,True,True,Cancel
52,5,116,21,2,5,1,1,False,False,False,False,False,False,False,True,False,False,False,False,True,False,True,False,False,False,False,False,False,False,True,True,True,No-show
45,25,228,24,3,5,1,1,True,False,False,False,False,False,False,False,False,False,False,False,True,False,True,True,False,False,False,False,False,False,True,True,True,Cancel
49,20,227,153,1,5,1,1,False,True,False,False,False,False,True,False,True,False,False,False,False,False,False,False,False,False,False,False,False,False,True,True,True,Check-in
23,20,122,33,1,2,1,1,False,False,False,False,False,False,False,True,False,False,True,False,False,False,True,False,False,False,False,True,False,False,True,True,True,Cancel
27,30,100,18,2,4,1,1,True,True,False,False,False,False,False,False,False,True,False,True,False,False,True,True,False,True,True,True,False,False,True,True,True,Check-in
40,5,220,53,1,3,1,1,False,False,False,True,False,True,False,False,True,False,True,False,False,False,False,False,True,True,False,False,False,False,True,True,True,Cancel
50,40,201,101,1,2,1,1,True,False,True,False,False,False,True,False,False,False,False,False,False,False,True,False,False,False,False,False,True,True,False,False,True,Check-in
52,0,197,217,2,3,1,1,True,True,False,False,False,True,False,True,False,False,False,True,False,True,False,True,False,True,True,False,True,True,False,True,False,No-show
39,5,221,220,1,7,1,1,True,False,True,False,False,True,False,False,False,False,False,False,False,False,True,False,True,True,True,False,True,True,False,False,True,No-show
57,10,226,68,2,4,1,1,True,False,True,False,False,True,False,False,False,False,False,True,False,False,True,False,False,False,False,False,False,False,False,False,True,Check-in
26,40,206,58,2,5,1,1,False,False,True,False,True,False,False,True,False,False,False,True,False,False,False,False,True,False,False,False,False,False,True,False,True,Check-in
43,20,134,70,2,4,1,1,True,True,False,False,False,False,True,False,False,False,False,False,False,False,False,True,False,True,True,False,True,True,False,True,True,Cancel
43,5,244,83,1,4,1,1,True,False,True,False,False,False,True,False,False,False,False,True,False,False,False,False,False,False,False,False,False,False,True,True,True,No-show
69,40,243,91,1,3,1,0,False,True,False,False,False,False,True,True,False,False,False,False,True,False,False,False,False,False,False,False,False,True,False,True,True,Cancel
58,25,223,201,2,4,1,1,False,False,False,True,False,False,False,False,False,False,False,False,True,False,True,True,False,False,False,False,False,True,False,True,True,No-show
62,20,170,21,1,3,1,1,True,False,False,True,False,False,False,False,False,True,False,True,False,True,False,False,True,False,False,False,False,False,False,True,True,Cancel
70,5,164,49,1,3,1,1,False,False,False,False,False,False,False,True,False,False,False,True,False,False,False,False,True,False,False,False,False,False,True,True,True,Check-in
62,20,189,166,2,3,1,1,True,False,True,False,False,False,False,True,False,False,False,True,False,False,False,True,False,False,False,False,False,True,False,True,True,No-show
48,10,126,131,4,4,1,1,True,True,False,False,False,True,False,False,False,False,False,True,False,True,False,True,False,False,False,False,True,False,True,False,True,Cancel
18,25,177,101,4,3,1,1,True,False,True,False,False,False,False,False,True,False,True,False,False,True,False,True,False,True,True,False,True,False,True,False,True,Cancel
45,30,145,154,2,6,1,1,False,False,False,False,True,False,False,False,True,False,False,True,False,False,False,True,False,True,False,False,False,True,False,True,True,Cancel
39,25,195,80,2,4,1,1,True,False,False,True,True,False,False,True,False,False,False,True,False,False,True,False,True,False,False,False,True,True,False,False,True,Cancel
63,20,217,186,1,2,1,1,False,True,False,False,False,False,False,False,True,False,True,False,False,False,True,True,False,True,False,False,False,False,True,False,True,No-show
50,15,203,45,1,5,1,1,True,False,True,False,False,False,False,True,False,False,True,False,False,True,False,True,False,False,False,False,True,False,True,True,True,Cancel
21,0,248,64,2,4,1,1,True,False,False,True,False,False,False,False,True,False,False,False,True,False,True,False,True,False,False,False,False,True,False,True,False,No-show
21,10,191,108,4,5,1,1,True,False,False,False,False,False,True,False,False,True,False,False,False,False,True,False,True,False,False,False,True,False,False,True,True,Cancel
57,0,101,26,1,4,1,1,False,False,True,False,False,False,False,True,False,False,False,False,True,False,True,True,False,False,False,False,True,False,True,True,False,Cancel
56,20,171,160,3,5,1,1,True,False,False,True,False,False,False,True,False,False,True,False,False,False,False,False,True,True,False,False,True,False,True,True,True,Cancel
47,20,112,219,2,3,1,1,False,False,False,True,False,False,False,True,False,False,False,True,False,True,False,False,True,False,False,False,True,True,False,False,True,Cancel
35,10,101,50,1,4,1,1,True,True,False,False,True,False,False,False,False,False,False,False,False,False,True,False,True,False,False,False,False,False,True,True,True,Cancel
45,40,154,5,2,3,1,1,False,True,False,False,True,False,False,True,False,False,False,True,False,True,False,True,False,True,False,False,False,False,True,True,True,No-show
65,10,218,75,2,3,1,1,True,False,False,True,False,False,False,False,False,False,False,True,False,False,True,False,True,False,False,False,False,False,False,True,True,No-show
34,0,165,206,2,3,1,1,True,False,True,False,False,False,False,True,False,False,False,True,False,False,True,False,False,False,False,False,False,True,False,False,False,Cancel
45,0,114,213,2,5,1,1,True,False,False,True,False,True,False,True,False,False,False,False,False,False,False,False,False,False,False,True,False,True,False,True,False,Cancel
56,0,240,195,1,3,1,1,True,False,True,False,False,False,True,True,False,False,True,False,False,True,False,False,True,False,False,False,True,False,False,True,False,Cancel
46,5,186,57,1,2,1,1,True,False,True,False,True,False,False,False,True,False,False,False,False,False,True,False,True,False,False,False,False,False,True,True,True,No-show
41,20,127,39,1,5,1,1,True,False,True,False,False,False,False,False,False,False,False,True,False,False,False,True,False,True,False,False,False,True,False,True,True,Cancel
23,0,149,136,1,2,1,1,True,False,False,False,False,False,False,False,False,False,True,False,False,False,False,False,False,False,False,False,False,False,True,True,False,Check-in
68,0,141,1,1,4,1,1,True,True,False,False,False,False,False,True,False,False,False,False,True,True,False,False,True,False,False,False,False,False,True,True,False,No-show
36,20,145,117,1,4,1,1,True,False,False,True,False,False,True,True,False,False,True,False,False,True,False,True,False,False,False,False,False,True,False,True,True,Cancel
58,10,151,78,3,3,1,1,True,True,False,False,False,False,False,True,False,False,True,False,False,True,False,False,False,False,False,True,False,True,False,True,True,Check-in
51,5,217,145,1,3,1,1,True,False,False,True,False,False,False,False,True,False,False,False,True,False,True,False,False,False,False,True,False,True,False,True,True,Check-in
31,0,168,51,4,5,1,1,True,False,False,False,False,False,True,False,False,False,False,True,False,False,True,True,False,False,False,False,False,False,False,True,False,No-show
57,10,207,196,1,6,1,1,False,True,False,False,False,False,False,False,True,False,False,True,False,True,False,True,False,True,True,False,False,True,False,True,True,No-show
38,40,216,71,2,5,1,1,True,False,False,False,True,False,False,False,False,False,False,True,False,False,True,True,False,False,False,False,False,True,False,True,True,Cancel
34,10,201,29,1,2,1,1,True,False,True,False,False,False,False,True,False,False,False,False,True,False,False,False,True,True,False,False,False,True,False,True,True,Check-in
54,10,155,109,2,3,1,1,False,True,False,False,False,False,False,False,False,False,False,True,False,True,False,False,False,False,False,False,True,False,False,True,True,Check-in
69,0,219,11,1,5,1,0,True,False,False,False,False,True,False,False,False,False,False,True,False,False,True,True,False,True,False,False,False,False,True,False,False,Check-in
38,20,200,174,1,4,1,1,False,False,False,True,False,False,False,False,False,False,True,False,False,False,False,False,True,False,False,False,False,False,True,True,True,No-show
44,40,155,161,1,4,1,1,False,False,True,False,False,False,True,False,False,False,False,True,False,True,False,True,False,False,False,False,False,False,True,True,True,No-show
29,10,203,211,1,7,1,0,True,False,False,False,False,True,False,True,False,False,False,False,False,False,False,False,False,True,False,False,False,False,True,True,True,Check-in
25,10,174,98,2,5,1,0,True,True,False,False,True,False,False,False,False,False,False,False,True,True,False,False,False,False,False,False,False,False,False,True,True,Cancel
52,10,142,109,1,6,1,0,False,False,False,False,False,True,False,True,False,False,True,False,False,False,False,True,False,False,False,False,False,True,False,True,True,Cancel
32,0,227,56,2,4,1,0,True,True,False,False,False,False,True,True,False,False,False,False,True,True,False,True,False,True,False,True,False,False,True,True,False,No-show
34,0,230,141,3,3,1,0,False,False,False,True,False,True,False,False,True,False,False,False,False,False,True,False,False,False,False,False,False,False,False,False,False,Check-in
52,0,149,159,4,3,1,0,False,False,False,False,False,True,False,False,False,False,True,False,False,False,True,False,True,False,False,True,False,False,True,False,False,Check-in
30,25,166,96,2,3,1,0,False,False,True,False,False,False,False,False,True,False,False,False,True,False,True,True,False,True,False,False,True,True,False,False,True,Cancel
20,15,111,141,3,3,1,0,True,False,False,True,False,False,True,False,False,False,False,False,True,False,False,True,False,False,False,False,False,True,False,False,True,No-show
63,25,187,168,1,4,1,0,False,False,False,True,True,False,False,False,True,False,False,True,False,True,False,True,False,False,False,False,False,True,False,False,True,Cancel
28,0,203,11,1,4,1,0,True,False,True,False,False,False,False,False,False,False,False,False,False,False,True,True,False,True,False,False,False,False,True,False,False,Cancel
34,10,173,205,1,7,1,0,True,False,False,True,False,False,False,False,False,True,False,False,True,False,False,True,False,False,False,False,False,False,False,True,True,No-show
27,10,124,60,2,3,6,0,True,False,False,False,False,False,True,False,True,False,False,True,False,True,False,True,False,True,True,False,False,False,True,True,True,No-show
33,0,179,200,2,3,1,0,False,False,True,False,False,False,False,False,False,False,False,True,False,False,False,True,False,False,False,False,True,True,False,True,False,Cancel
28,0,236,120,1,6,1,0,False,False,True,False,False,False,True,False,True,False,False,True,False,False,True,True,False,False,False,False,False,False,True,True,False,Cancel
35,10,171,131,1,4,1,0,False,True,False,False,False,False,True,True,False,False,False,True,False,True,False,False,True,True,True,False,False,True,False,False,True,Check-in
57,20,128,195,3,5,1,0,True,False,False,False,False,True,False,False,True,False,False,True,False,False,True,True,False,False,False,False,False,False,False,False,True,No-show
19,10,155,155,3,3,1,0,False,True,False,False,False,False,False,True,False,False,True,False,False,False,True,False,True,True,False,False,False,False,True,False,True,Check-in
68,40,213,38,1,7,1,0,False,False,False,True,False,False,False,False,True,False,False,True,False,False,True,False,True,False,False,False,False,False,True,True,True,Check-in
21,0,130,20,3,4,1,0,True,False,True,False,False,False,False,True,False,False,False,True,False,False,True,False,False,False,False,False,True,False,True,True,False,Check-in
67,15,102,105,4,5,1,0,True,False,False,True,False,False,True,False,True,False,True,False,False,False,False,False,True,False,False,False,False,False,True,True,True,No-show
43,25,204,53,3,3,1,0,True,False,False,False,False,False,True,True,False,False,False,False,False,True,False,False,True,False,False,False,False,False,True,True,True,No-show
19,25,142,219,2,3,1,0,False,False,False,True,False,False,True,False,False,False,True,False,False,False,True,False,True,False,False,False,False,True,False,True,True,No-show
23,40,181,66,1,5,1,0,True,False,False,True,False,False,False,False,True,False,False,False,True,True,False,False,True,False,False,False,True,False,True,False,True,Cancel
28,40,163,201,3,6,1,0,True,False,True,False,False,False,False,False,True,False,False,False,False,False,True,False,True,False,False,False,False,False,True,True,True,Check-in
55,5,108,133,2,2,1,0,True,False,True,False,False,False,False,False,False,True,False,False,False,False,False,False,False,False,False,False,True,False,True,True,True,Cancel
67,30,101,149,2,3,1,0,True,True,False,False,True,False,False,False,True,False,False,False,False,False,False,False,True,False,False,False,False,False,False,True,True,Cancel
55,20,125,172,2,6,1,0,True,False,False,True,False,False,False,False,True,False,False,True,False,False,False,True,False,True,False,False,False,False,False,False,True,No-show
29,5,216,146,1,5,1,0,True,False,False,False,False,True,False,False,False,False,False,False,True,False,True,False,False,True,False,False,False,False,True,False,True,Check-in
19,30,227,194,1,8,1,0,False,False,False,True,True,False,False,False,True,False,False,True,False,False,False,True,False,False,False,False,True,False,True,True,True,No-show
58,0,177,208,2,2,1,0,False,False,False,True,True,False,False,False,False,True,False,False,False,True,False,False,True,False,False,False,True,False,True,True,False,Cancel
55,5,119,142,1,6,5,1,True,False,True,False,False,False,False,False,False,False,False,True,False,False,False,True,False,False,False,False,True,False,True,True,True,Cancel
50,0,123,115,2,3,1,0,True,False,False,True,False,False,False,False,True,False,False,False,False,True,False,False,False,False,False,False,False,False,True,True,False,Cancel
44,25,178,160,1,6,1,0,False,True,False,False,False,True,False,False,False,False,False,True,False,False,True,False,False,True,True,False,False,False,True,True,True,Check-in
19,30,161,75,2,3,1,0,False,False,False,False,True,False,False,False,False,False,False,True,False,False,True,False,False,False,False,True,False,True,False,False,True,Cancel
40,5,143,138,2,5,1,0,True,False,False,True,False,True,False,False,False,False,False,True,False,False,True,True,False,False,False,False,False,False,False,True,True,Cancel
62,20,153,125,1,5,1,0,True,False,False,True,True,False,False,False,False,False,False,True,False,True,False,True,False,True,True,False,False,False,True,True,True,Cancel
65,0,234,119,1,2,1,0,True,True,False,False,False,False,True,False,False,True,False,True,False,False,False,True,False,False,False,True,False,True,False,True,False,Cancel
28,25,125,192,2,4,1,0,True,True,False,False,True,False,False,False,False,False,True,False,False,False,True,True,False,True,False,False,False,False,True,True,True,No-show
21,25,129,8,3,2,1,0,False,False,False,True,False,False,True,False,False,False,True,False,False,True,False,False,False,False,False,False,False,False,True,False,True,No-show
49,30,108,199,4,3,1,0,True,False,False,True,False,False,False,False,False,True,True,False,False,True,False,False,False,False,False,False,False,False,True,True,True,No-show
65,0,140,61,2,4,1,0,False,True,False,False,False,False,False,False,False,True,False,True,False,False,True,True,False,False,False,False,False,False,True,True,False,Check-in
42,10,196,145,1,4,1,0,True,False,False,False,False,False,False,True,False,False,False,True,False,True,False,True,False,True,True,False,True,False,False,True,True,No-show
37,0,213,199,2,3,1,0,False,True,False,False,False,False,True,True,False,False,False,False,False,True,False,True,False,False,False,False,False,False,True,False,False,Cancel
38,10,203,204,1,6,1,0,True,False,False,False,True,False,False,False,False,True,True,False,False,False,True,False,True,False,False,False,False,False,True,True,True,No-show
26,25,245,202,2,4,1,0,True,False,False,True,False,False,False,False,False,True,False,False,True,True,False,False,False,False,False,False,True,False,True,True,True,Check-in
69,10,220,136,1,4,1,0,False,True,False,False,False,False,False,True,False,False,False,False,False,False,True,True,False,True,False,False,False,False,True,True,True,Cancel
36,25,144,20,1,2,1,0,True,False,False,True,False,False,False,False,False,True,False,True,False,False,False,False,False,False,False,False,False,False,True,True,True,Check-in
42,30,212,199,3,3,1,0,True,False,False,True,False,True,False,False,False,False,False,False,False,False,True,False,False,False,False,True,False,False,True,True,True,Cancel
28,5,103,30,4,6,3,0,False,True,False,False,False,False,True,False,False,False,True,False,False,False,False,False,False,True,True,False,False,False,False,True,True,Check-in
30,25,197,105,2,3,1,0,False,True,False,False,False,True,False,False,False,True,False,True,False,True,False,True,False,True,False,False,False,False,True,True,True,No-show
49,0,114,169,1,4,1,0,True,False,False,False,False,False,False,False,False,False,False,False,True,False,False,False,True,True,True,False,False,False,True,True,False,No-show
32,20,126,176,2,4,1,0,True,True,False,False,False,False,True,True,False,False,False,False,True,True,False,True,False,True,True,False,False,False,True,False,True,No-show
61,5,213,136,1,4,1,0,False,True,False,False,False,True,False,False,False,True,False,True,False,True,False,False,False,False,False,False,False,False,True,True,True,Check-in
33,30,162,53,2,7,1,0,False,True,False,False,False,True,False,False,True,False,True,False,False,True,False,False,True,False,False,False,False,False,True,True,True,Cancel
36,10,238,5,1,5,1,0,False,False,False,False,False,False,False,False,True,False,False,False,True,False,True,False,False,False,False,False,True,True,False,True,True,Check-in
64,25,235,219,1,4,1,0,True,True,False,False,False,True,False,False,False,False,False,False,True,True,False,False,True,False,False,False,False,False,True,True,True,Check-in
41,0,244,185,1,2,1,0,False,False,False,False,False,False,False,False,False,False,False,True,False,False,False,False,False,False,False,False,False,False,True,False,False,Check-in
42,5,239,119,1,2,1,0,False,True,False,False,False,False,False,True,False,False,False,True,False,False,True,False,False,False,False,False,False,False,False,False,True,Check-in
42,20,187,194,1,4,1,0,True,True,False,False,False,False,False,False,False,False,False,False,False,False,False,True,False,True,False,False,True,True,False,True,True,Cancel
25,0,170,124,2,3,1,0,True,True,False,False,False,False,True,True,False,False,False,False,True,False,False,True,False,True,False,False,True,True,False,False,False,Cancel
45,5,249,40,1,3,1,0,True,False,False,True,True,False,False,False,False,False,False,False,False,False,True,False,True,False,False,False,False,True,False,True,True,Check-in
21,15,240,177,2,3,1,0,False,False,False,True,False,False,True,False,False,False,False,True,False,False,True,False,False,False,False,False,False,False,False,True,True,No-show
62,0,119,152,1,3,1,0,False,False,False,True,False,True,False,False,False,True,False,False,False,True,False,False,True,False,False,True,False,True,False,True,False,No-show
52,0,245,111,3,4,1,0,True,False,False,True,True,False,False,False,False,False,True,False,False,False,True,False,False,True,False,False,False,False,False,True,False,Check-in
29,10,181,32,1,2,1,0,True,True,False,False,False,True,False,False,False,True,True,False,False,True,False,True,False,False,False,False,True,False,False,False,True,Cancel
67,5,214,135,2,4,1,0,False,True,False,False,False,False,True,True,False,False,False,True,False,False,False,True,False,False,False,False,True,False,True,False,True,Check-in
64,10,101,122,1,5,1,0,False,False,False,True,False,False,True,False,False,False,False,True,False,False,True,True,False,True,True,False,False,False,True,True,True,Cancel
64,10,180,126,2,6,1,0,False,True,False,False,False,False,False,False,False,False,False,True,False,False,True,False,False,False,False,False,False,False,True,True,True,Check-in
53,0,161,85,1,4,1,0,False,False,True,False,False,False,False,False,True,False,False,True,False,True,False,True,False,False,False,False,True,False,True,True,False,Cancel
28,5,155,50,1,3,1,0,True,True,False,False,True,False,False,True,False,False,True,False,False,True,False,False,True,False,False,False,True,False,True,True,True,Cancel
42,20,118,140,1,3,1,0,True,False,False,True,False,True,False,False,False,False,False,False,True,True,False,False,False,False,False,False,False,False,True,True,True,No-show
59,5,234,104,1,4,1,0,True,False,True,False,False,False,False,True,False,False,False,True,False,False,True,False,False,True,False,False,False,False,True,True,True,Check-in
22,10,147,21,4,6,1,0,False,True,False,False,False,False,False,False,True,False,True,False,False,False,False,False,True,False,False,False,False,True,False,False,True,Cancel
23,15,127,19,2,4,1,0,True,False,False,False,True,False,False,False,False,False,True,False,False,False,False,False,True,False,False,False,False,False,True,True,True,No-show
59,20,233,144,1,2,1,0,True,False,True,False,False,False,False,False,False,True,False,False,True,True,False,False,False,False,False,False,True,False,True,True,True,Cancel
36,10,245,53,1,4,1,0,True,False,False,True,True,False,False,False,False,True,False,True,False,True,False,True,False,True,True,True,False,False,True,False,True,Cancel
20,25,145,105,1,4,1,0,True,True,False,False,False,True,False,False,False,False,False,False,False,True,False,False,True,False,False,False,False,False,False,True,True,No-show
41,40,199,152,2,7,1,0,True,False,True,False,False,False,False,False,True,False,True,False,False,False,False,False,True,False,False,False,False,True,False,True,True,Check-in
65,10,198,189,3,3,1,0,True,True,False,False,False,False,False,False,True,False,False,False,True,False,True,True,False,False,False,False,False,True,False,False,True,Cancel
67,10,106,188,2,2,1,0,True,False,False,True,False,False,False,False,False,True,False,False,False,True,False,False,True,True,False,False,True,False,True,True,True,Cancel
54,20,214,204,1,2,1,0,False,False,False,False,False,False,False,True,False,False,False,False,False,False,True,True,False,False,False,False,False,True,False,True,True,Cancel
41,25,127,155,1,4,1,0,True,False,True,False,False,False,False,True,False,False,True,False,False,False,True,False,True,True,True,False,False,True,False,True,True,Check-in
24,0,185,216,1,4,2,0,False,False,False,False,False,True,False,True,False,False,False,False,True,True,False,True,False,True,False,False,False,True,False,False,False,Cancel
53,25,203,109,3,7,1,0,False,True,False,False,False,False,False,False,True,False,False,False,False,False,False,False,True,False,False,False,False,False,True,True,True,Cancel
60,10,191,36,2,3,1,0,False,True,False,False,False,False,False,True,False,False,True,False,False,False,True,False,True,False,False,False,False,False,False,True,True,Cancel
33,0,147,187,2,8,2,0,True,False,True,False,True,False,False,True,False,False,True,False,False,True,False,False,False,False,False,False,True,False,True,False,False,Check-in
33,10,215,30,3,2,2,0,True,False,False,False,False,False,False,False,True,False,True,False,False,False,True,False,True,True,False,False,False,True,False,True,True,Cancel
67,0,248,32,2,3,3,0,False,False,True,False,False,False,False,True,False,False,False,True,False,True,False,False,False,True,False,False,True,True,False,True,False,Check-in
62,5,164,149,1,2,4,0,False,True,False,False,True,False,False,False,True,False,False,False,False,False,False,False,False,True,False,False,True,False,True,False,True,Check-in
48,20,211,55,4,4,5,0,False,False,False,True,True,False,False,False,False,True,True,False,False,True,False,False,True,False,False,False,True,False,False,False,True,Cancel
46,0,131,200,3,6,6,0,True,False,False,False,True,False,False,False,False,False,False,False,True,False,False,False,True,True,False,False,False,False,True,False,False,Check-in
39,10,122,221,1,5,1,0,True,True,False,False,False,True,False,False,False,False,False,True,False,False,True,False,True,False,False,True,False,False,False,True,True,Check-in
51,10,161,140,4,2,1,0,False,False,False,True,False,True,False,False,False,False,False,False,True,False,False,False,True,True,False,False,False,False,True,True,True,Cancel
60,30,229,180,3,3,1,0,True,False,False,True,False,False,False,True,False,False,True,False,False,False,False,False,False,True,False,False,True,True,False,True,True,Cancel
68,5,158,131,2,5,1,0,False,False,False,True,True,False,False,True,False,False,False,False,True,False,False,True,False,False,False,False,False,False,True,True,True,Cancel
27,10,196,186,3,4,1,0,False,False,False,False,False,False,False,False,True,False,False,False,True,False,False,False,True,True,False,True,False,False,True,True,True,No-show
48,5,221,121,2,5,1,0,False,False,False,True,False,False,False,False,True,False,False,False,False,True,False,True,False,True,False,False,False,False,True,True,True,Cancel
63,5,210,112,4,6,1,0,True,False,True,False,False,False,False,True,False,False,True,False,False,True,False,False,True,False,False,False,False,True,False,True,True,Cancel
36,30,120,46,1,3,1,0,False,True,False,False,True,False,False,True,False,False,False,True,False,False,True,True,False,False,False,False,False,True,False,True,True,Cancel
51,20,101,27,3,4,1,0,True,True,False,False,False,True,False,False,True,False,False,True,False,False,False,False,False,False,False,False,False,False,False,True,True,Check-in
33,20,162,13,1,7,1,0,False,False,True,False,False,False,True,False,False,True,False,False,False,True,False,False,True,False,False,False,False,True,False,False,True,Cancel
33,15,250,211,1,6,1,0,True,False,False,False,False,True,False,False,False,False,False,True,False,False,False,False,False,True,False,False,True,False,True,False,True,Check-in
59,0,156,157,1,4,1,0,False,False,False,True,True,False,False,False,True,False,True,False,False,False,False,False,True,False,False,False,False,False,True,False,False,Cancel
35,5,196,74,3,3,1,0,True,False,False,True,False,False,False,False,False,False,False,True,False,True,False,False,False,False,False,False,False,False,True,True,True,Check-in
35,40,209,42,3,6,1,0,False,False,False,True,False,False,False,False,False,True,True,False,False,False,True,False,True,True,False,False,False,False,True,False,True,Cancel
36,20,201,52,1,3,1,0,True,False,False,False,False,False,False,False,True,False,False,True,False,False,True,False,False,True,False,False,False,False,True,False,True,Check-in
58,20,163,61,1,3,1,0,False,True,False,False,False,True,False,False,False,False,False,True,False,True,False,False,False,False,False,False,False,False,True,False,True,Check-in
42,10,154,207,1,4,1,0,False,False,False,True,False,False,False,True,False,False,False,False,False,True,False,False,False,False,False,True,False,True,False,True,True,No-show
21,0,100,206,1,4,1,0,False,False,True,False,False,True,False,True,False,False,False,False,True,False,False,False,True,False,False,False,False,True,False,False,False,Check-in
23,20,183,176,3,2,1,0,False,False,False,False,False,False,False,False,True,False,False,True,False,False,True,False,False,True,True,False,True,False,False,False,True,Check-in
53,20,233,116,1,3,1,0,False,False,False,False,False,False,False,False,False,False,True,False,False,False,False,False,False,False,False,True,False,False,False,True,True,Check-in
29,25,232,202,1,5,1,0,True,True,False,False,False,False,False,True,False,False,False,False,False,True,False,False,False,False,False,False,False,False,True,True,True,Check-in
23,25,243,178,2,4,1,0,True,False,False,True,False,True,False,False,False,True,False,False,True,False,True,False,True,False,False,False,False,False,False,True,True,Check-in
44,20,225,205,1,5,1,0,False,True,False,False,False,False,False,False,False,False,False,False,False,False,True,True,False,False,False,False,True,False,True,False,True,Check-in
48,0,246,73,2,3,1,0,False,True,False,False,False,True,False,True,False,False,False,False,True,True,False,False,False,False,False,False,False,True,False,True,False,Check-in
26,5,185,78,1,4,1,0,True,False,False,True,False,False,False,True,False,False,False,True,False,False,True,False,False,True,True,False,True,False,True,False,True,No-show
66,0,147,95,2,3,5,0,False,False,True,False,False,False,True,True,False,False,True,False,False,False,True,True,False,False,False,False,False,False,True,True,False,No-show
39,20,228,149,2,2,1,1,False,False,False,False,False,False,False,False,False,False,False,True,False,False,False,False,False,False,False,False,False,True,False,True,True,Check-in
39,25,163,131,1,3,1,1,True,False,False,False,False,True,False,False,False,False,False,False,True,False,False,False,False,True,True,False,False,False,True,True,True,No-show
42,25,210,65,2,5,1,1,True,False,True,False,False,False,False,True,False,False,True,False,False,False,False,False,True,False,False,False,True,False,False,True,True,Cancel
48,0,138,90,3,3,1,1,True,False,False,True,False,False,False,False,False,False,False,True,False,False,False,True,False,True,False,False,False,False,True,False,False,Cancel
64,25,162,183,2,4,1,1,False,False,False,False,True,False,False,True,False,False,False,True,False,False,False,False,False,False,False,False,True,False,True,True,True,Cancel
69,0,140,109,2,3,1,1,True,False,True,False,True,False,False,False,False,True,False,True,False,False,False,True,False,False,False,False,False,False,True,True,False,Check-in
68,0,134,86,1,7,1,1,True,False,True,False,False,False,True,True,False,False,False,False,True,False,False,False,False,False,False,False,True,False,True,False,False,No-show
21,10,161,199,4,4,1,1,True,True,False,False,False,False,True,False,True,False,False,False,False,False,False,True,False,True,True,False,False,False,True,True,True,No-show
70,0,184,36,1,3,1,1,False,False,False,True,False,False,False,False,False,False,False,False,False,False,False,True,False,False,False,False,True,False,True,True,False,Cancel
34,10,224,142,4,3,1,1,False,False,False,True,False,False,True,False,False,False,False,False,False,False,True,False,True,False,False,False,False,False,True,True,True,Cancel
23,20,104,3,3,4,1,1,False,False,False,False,False,False,True,False,True,False,False,False,False,False,True,False,False,True,False,False,False,False,True,False,True,Check-in
46,0,137,36,3,6,1,1,False,True,False,False,False,False,False,False,False,True,False,False,True,False,False,True,False,False,False,False,True,False,True,True,False,Cancel
44,10,227,210,1,5,1,1,True,False,False,True,False,False,True,False,True,False,False,False,False,False,True,True,False,True,False,False,False,False,True,True,True,No-show
47,20,129,61,1,2,1,1,True,True,False,False,False,True,False,True,False,False,True,False,False,False,False,False,False,False,False,False,False,True,False,True,True,Check-in
25,40,170,160,1,2,1,1,False,False,False,True,False,False,False,False,False,True,False,False,True,False,False,False,False,False,False,False,False,False,False,False,True,Check-in
36,5,215,21,2,4,1,1,False,False,True,False,False,False,True,True,False,False,True,False,False,False,True,False,False,True,False,True,False,True,False,False,True,Check-in
36,0,100,26,3,4,1,1,False,True,False,False,False,False,False,False,False,True,False,False,False,False,False,True,False,True,True,False,False,False,True,True,False,No-show
53,0,201,197,2,5,1,1,True,False,True,False,True,False,False,True,False,False,False,True,False,False,True,False,False,False,False,False,False,False,True,True,False,Check-in
65,0,226,96,2,2,1,1,False,False,False,False,False,False,True,False,False,False,False,True,False,False,True,True,False,True,False,False,True,False,True,False,False,Cancel
34,40,174,52,4,5,1,1,True,False,False,True,False,False,False,False,False,False,False,True,False,False,False,True,False,True,True,True,False,False,True,True,True,No-show
22,30,158,208,2,3,1,1,True,False,False,True,False,False,False,False,False,True,True,False,False,False,True,True,False,False,False,False,False,True,False,True,True,No-show
23,40,112,22,1,5,1,1,False,True,False,False,False,False,False,True,False,False,True,False,False,False,True,False,False,True,False,False,False,True,False,True,True,No-show
38,20,241,27,3,3,1,1,True,False,False,True,False,True,False,False,False,False,False,False,True,True,False,False,True,False,False,False,True,False,True,False,True,Cancel
58,25,192,50,1,4,1,1,True,False,False,True,False,True,False,True,False,False,False,True,False,True,False,False,False,False,False,False,True,False,True,True,True,Check-in
28,30,221,38,2,3,1,1,False,False,False,True,False,False,False,False,True,False,False,False,True,False,True,False,True,True,False,False,False,True,False,True,True,No-show
51,30,135,131,3,3,1,1,True,True,False,False,True,False,False,False,True,False,False,True,False,False,False,False,False,False,False,False,False,False,False,True,True,Cancel
45,5,137,21,1,3,1,1,True,False,True,False,True,False,False,False,True,False,False,True,False,False,False,True,False,False,False,False,True,False,True,True,True,No-show
53,20,108,168,1,2,1,0,False,True,False,False,False,False,True,False,True,False,False,False,True,False,False,False,True,True,False,False,False,True,False,False,True,Check-in
63,10,170,216,1,4,1,1,True,False,False,True,True,False,False,False,False,False,True,False,False,False,False,False,False,False,False,False,True,False,False,True,True,Check-in
42,10,124,146,3,3,1,1,True,False,True,False,False,False,False,True,False,False,False,False,True,False,True,False,True,True,False,False,False,False,True,True,True,Check-in
36,30,229,117,3,4,1,1,False,False,False,True,False,False,False,False,False,False,False,False,False,True,False,True,False,False,False,False,False,False,True,True,True,Cancel
51,5,117,186,2,3,1,1,False,False,False,False,True,False,False,False,False,False,False,True,False,False,False,False,True,True,False,False,True,False,True,False,True,Cancel
35,15,129,9,1,4,1,1,False,False,False,False,False,False,False,False,True,False,False,False,False,False,True,False,True,False,False,False,False,False,True,True,True,Cancel
20,20,131,78,1,3,1,1,True,False,True,False,False,False,False,True,False,False,False,True,False,True,False,False,True,False,False,False,False,False,True,True,True,Check-in
59,20,133,77,1,5,1,1,False,True,False,False,False,False,False,False,True,False,False,True,False,False,True,True,False,False,False,True,False,False,False,True,True,Cancel
65,0,143,143,1,4,1,0,True,True,False,False,False,True,False,False,False,False,False,False,False,True,False,True,False,False,False,False,False,True,False,True,False,No-show
60,0,130,170,1,3,1,1,True,True,False,False,True,False,False,True,False,False,False,True,False,False,True,False,False,True,False,False,False,True,False,True,False,Cancel
62,10,240,104,3,3,1,1,True,False,False,True,False,True,False,True,False,False,True,False,False,False,False,True,False,True,False,False,True,False,True,False,True,Cancel
31,5,122,217,1,7,1,1,True,False,False,False,False,False,False,False,True,False,False,False,True,True,False,True,False,True,False,False,False,False,True,True,True,Cancel
29,5,109,114,3,3,1,1,True,False,False,True,True,False,False,True,False,False,False,True,False,True,False,False,True,True,False,False,False,False,True,True,True,Cancel
32,0,196,69,1,4,1,1,True,False,True,False,False,True,False,False,True,False,False,True,False,False,True,True,False,False,False,False,False,False,True,True,False,Cancel
57,0,173,8,2,3,1,1,False,False,True,False,False,False,False,True,False,False,True,False,False,False,True,False,True,True,True,False,False,False,True,False,False,Check-in
34,10,112,170,1,5,1,1,True,True,False,False,False,False,False,False,False,False,False,False,False,True,False,False,False,True,False,False,False,False,True,True,True,No-show
65,10,146,55,1,2,1,1,True,False,False,False,False,False,False,False,False,True,False,False,False,False,False,False,False,True,False,False,False,False,True,True,True,Cancel
70,10,131,29,2,3,1,1,False,True,False,False,False,False,False,False,False,False,True,False,False,False,True,True,False,False,False,False,False,True,False,False,True,Cancel
32,40,238,174,3,3,1,1,True,False,True,False,False,False,False,False,False,True,False,True,False,False,False,True,False,False,False,False,False,False,True,False,True,Check-in
19,5,227,55,1,4,1,1,False,False,False,True,False,False,True,False,False,True,False,False,True,True,False,False,True,True,True,False,False,True,False,True,True,No-show
30,30,158,129,1,3,1,1,False,False,False,False,False,False,True,False,True,False,False,False,True,True,False,True,False,False,False,False,True,False,True,False,True,Cancel
34,25,162,181,2,3,1,1,True,False,False,True,False,False,False,True,False,False,True,False,False,False,True,False,False,False,False,False,True,True,False,True,True,Cancel
23,0,186,99,3,4,1,1,True,False,False,False,False,False,False,False,False,True,True,False,False,True,False,True,False,False,False,False,True,False,True,True,False,Cancel
29,5,244,100,2,6,1,1,True,True,False,False,False,True,False,False,False,False,False,True,False,False,True,True,False,True,False,False,True,False,True,True,True,Cancel
57,10,144,162,1,4,1,1,True,True,False,False,False,False,False,False,True,False,False,True,False,True,False,False,False,True,False,False,True,False,True,False,True,Check-in
34,0,122,58,1,2,1,1,False,False,False,False,False,True,False,False,True,False,False,False,True,False,False,True,False,False,False,False,False,False,True,True,False,Cancel
69,20,186,204,1,5,1,1,False,False,False,True,False,True,False,False,True,False,False,True,False,True,False,False,False,True,True,False,True,True,False,True,True,Check-in
65,30,147,147,3,5,1,1,False,False,True,False,False,True,False,False,True,False,False,True,False,False,False,False,False,False,False,False,True,False,True,True,True,Cancel
36,10,144,186,1,6,1,1,False,False,False,False,False,True,False,False,False,True,True,False,False,False,True,False,True,False,False,False,False,False,False,True,True,No-show
64,10,188,159,1,5,1,1,False,True,False,False,False,False,True,True,False,False,False,False,False,False,True,False,False,True,True,False,False,False,True,True,True,No-show
47,10,207,182,2,4,1,1,True,False,True,False,False,True,False,True,False,False,False,True,False,False,True,False,True,False,False,False,False,True,False,True,True,No-show
50,20,156,162,1,3,1,1,False,False,False,True,True,False,False,True,False,False,False,False,True,False,False,False,True,False,False,False,False,False,False,True,True,No-show
61,40,235,79,1,6,1,0,True,False,False,True,False,True,False,False,False,False,False,False,False,True,False,False,False,False,False,True,False,False,True,True,True,Check-in
23,10,236,33,1,3,1,1,False,True,False,False,True,False,False,False,True,False,False,False,True,False,False,True,False,False,False,False,True,False,True,False,True,Cancel
29,0,132,149,2,2,1,0,False,False,True,False,False,False,False,True,False,False,False,True,False,False,False,False,False,False,False,False,False,True,False,True,False,Check-in
60,0,197,214,3,6,1,1,True,True,False,False,False,False,True,False,False,False,False,False,True,False,False,True,False,True,False,False,False,False,True,False,False,Check-in
35,15,206,41,2,2,1,0,False,False,False,True,False,False,True,False,False,False,False,False,False,True,False,True,False,False,False,False,False,False,True,False,True,Cancel
33,0,138,72,1,3,1,1,True,False,False,False,False,False,False,False,False,False,False,False,True,False,False,False,True,True,False,False,True,False,True,True,False,Cancel
63,15,186,178,2,2,1,1,True,False,False,False,False,False,False,False,False,True,False,False,False,False,True,False,False,False,False,False,False,True,False,True,True,Check-in
62,5,221,220,1,4,1,1,False,False,False,False,False,False,False,True,False,False,False,True,False,False,False,True,False,True,False,False,True,False,True,True,True,Cancel
51,0,151,43,2,5,1,1,True,False,False,True,False,False,True,False,False,False,False,False,False,True,False,False,False,False,False,False,False,False,True,True,False,Cancel
29,10,171,170,3,4,5,1,True,False,True,False,False,False,False,False,False,False,True,False,False,False,True,False,True,False,False,True,False,False,True,True,True,No-show
47,10,134,150,1,4,1,1,True,False,True,False,False,True,False,False,True,False,False,False,True,True,False,True,False,False,False,False,False,True,False,True,True,No-show
69,20,223,108,4,6,1,1,False,False,True,False,False,False,False,False,True,False,False,False,True,True,False,False,True,False,False,False,False,False,True,True,True,Cancel
61,20,161,46,2,3,1,1,True,True,False,False,False,False,False,False,True,False,False,False,False,True,False,False,True,True,False,False,False,False,True,True,True,Cancel
61,0,247,205,1,3,1,1,True,False,False,False,False,False,False,True,False,False,False,True,False,True,False,False,True,True,False,False,True,False,True,True,False,No-show
43,20,181,54,1,5,1,1,False,True,False,False,False,False,True,True,False,False,True,False,False,False,True,True,False,True,False,False,False,True,False,True,True,Cancel
36,40,209,178,1,5,1,1,True,True,False,False,False,True,False,False,True,False,False,False,True,False,True,True,False,True,True,False,True,False,True,True,True,Cancel
38,20,206,7,1,6,1,1,True,False,False,False,False,False,True,False,False,True,False,True,False,False,False,False,False,False,False,False,False,True,False,False,True,Check-in
56,5,117,40,1,4,1,1,False,False,False,True,False,False,False,False,False,False,False,True,False,False,False,False,True,False,False,False,True,False,True,False,True,Cancel
18,0,153,1,2,2,1,1,False,False,False,False,True,False,False,True,False,False,False,False,True,True,False,False,True,False,False,False,False,False,True,True,False,Cancel
52,20,238,59,3,3,1,1,False,True,False,False,False,True,False,False,False,True,False,False,False,False,True,False,False,True,False,False,False,True,False,True,True,Cancel
54,25,193,79,1,4,1,1,False,False,False,True,False,True,False,False,True,False,False,True,False,False,False,False,True,True,False,False,False,False,False,True,True,Cancel
54,0,207,153,1,3,1,1,False,False,True,False,False,True,False,False,False,False,False,False,False,False,False,False,True,True,True,False,False,False,True,False,False,No-show
22,10,215,78,1,6,1,1,True,False,False,False,False,False,False,False,True,False,False,False,False,True,False,False,False,False,False,True,False,True,False,True,True,No-show
59,0,105,33,1,3,1,1,False,False,True,False,False,False,False,False,False,False,False,True,False,False,False,True,False,True,False,False,False,False,True,True,False,Cancel
64,10,181,140,1,4,1,1,False,False,True,False,False,True,False,False,False,False,False,True,False,False,True,False,False,True,True,True,False,False,True,True,True,Check-in
23,0,215,12,2,4,1,1,False,True,False,False,True,False,False,False,False,False,True,False,False,False,False,False,False,False,False,False,True,True,False,True,False,Check-in
30,10,207,89,1,4,1,1,False,False,False,False,False,False,False,True,False,False,True,False,False,True,False,False,True,False,False,True,False,False,True,False,True,No-show
33,5,201,89,1,3,1,1,True,True,False,False,False,False,False,True,False,False,True,False,False,True,False,True,False,True,False,False,True,False,True,False,True,Cancel
66,10,180,205,1,6,1,1,False,False,True,False,False,False,True,False,False,False,False,True,False,False,True,False,True,True,True,False,False,False,True,True,True,Cancel
61,10,197,180,1,3,1,0,False,False,False,False,True,False,False,False,False,True,False,False,True,False,False,True,False,True,False,False,False,True,False,True,True,No-show
35,0,113,138,1,4,1,1,False,False,True,False,True,False,False,True,False,False,False,False,True,True,False,False,True,True,False,False,False,False,False,True,False,No-show
51,5,178,12,1,5,1,1,False,False,True,False,False,True,False,False,True,False,True,False,False,True,False,False,False,False,False,False,False,False,True,True,True,Check-in
66,25,176,15,1,3,1,1,False,False,False,True,False,False,True,False,False,True,False,True,False,False,False,False,True,True,False,False,True,True,False,True,True,Cancel
67,0,115,116,1,4,1,0,False,False,False,True,False,False,False,False,False,False,True,False,False,False,True,True,False,True,False,False,False,False,True,True,False,Cancel
65,10,223,169,1,4,1,0,False,True,False,False,False,False,False,False,True,False,False,False,False,False,True,True,False,True,False,False,False,True,False,False,True,Cancel
33,15,250,0,2,4,1,0,False,False,False,True,False,True,False,False,False,False,False,True,False,False,True,False,True,False,False,False,False,False,True,True,True,Check-in
49,10,152,193,1,4,2,1,True,True,False,False,False,True,False,False,True,False,False,False,True,False,False,True,False,False,False,False,False,False,False,False,True,Cancel
64,10,244,8,4,3,1,0,False,False,True,False,False,False,True,False,True,False,False,True,False,False,False,False,True,False,False,False,False,False,True,True,True,Cancel
41,10,165,219,2,6,1,0,False,False,False,False,False,True,False,False,False,True,False,True,False,False,False,True,False,True,False,False,True,False,True,True,True,Check-in
44,25,237,22,1,2,1,0,False,False,False,False,True,False,False,True,False,False,False,True,False,False,False,False,True,False,False,False,False,False,False,True,True,Check-in
43,10,165,213,3,2,1,0,True,True,False,False,True,False,False,False,True,False,True,False,False,False,True,False,False,False,False,True,False,True,False,True,True,No-show
26,5,131,219,2,2,1,0,True,True,False,False,False,False,True,False,True,False,True,False,False,False,False,False,True,False,False,False,True,False,True,True,True,No-show
20,0,115,199,3,5,1,0,True,True,False,False,False,True,False,False,True,False,False,False,True,True,False,False,True,True,False,False,False,False,True,False,False,Check-in
33,30,127,32,1,4,1,0,True,False,True,False,False,False,True,True,False,False,False,True,False,False,False,False,False,False,False,False,True,True,False,True,True,Cancel
37,10,193,129,1,3,1,1,False,False,True,False,False,False,True,False,False,False,False,True,False,True,False,True,False,False,False,False,False,False,True,True,True,Cancel
64,10,209,148,3,4,5,0,False,False,False,False,False,False,True,False,True,False,False,False,False,False,False,False,False,True,False,False,False,True,False,False,True,Check-in
38,25,246,9,1,5,5,0,True,True,False,False,False,True,False,False,True,False,False,False,True,True,False,True,False,False,False,True,False,False,False,True,True,No-show
21,10,238,154,3,3,5,0,True,False,True,False,False,False,True,False,False,True,False,True,False,False,False,False,False,True,False,False,False,False,True,True,True,Check-in
46,5,138,133,1,8,1,0,False,False,False,False,False,False,False,True,False,False,False,True,False,False,True,False,False,False,False,True,False,True,False,True,True,No-show
67,0,155,37,3,4,1,0,False,True,False,False,True,False,False,True,False,False,False,False,False,False,False,False,False,True,False,False,False,True,False,False,False,Cancel
25,25,165,155,4,4,1,0,False,False,True,False,False,False,False,True,False,False,True,False,False,True,False,True,False,True,False,False,False,False,True,True,True,No-show
24,10,116,188,4,4,1,0,False,False,False,True,False,False,False,True,False,False,False,True,False,False,False,True,False,True,False,False,True,False,True,True,True,Cancel
24,20,137,187,1,4,1,0,False,False,False,False,False,False,False,False,False,False,False,False,True,True,False,False,False,False,False,False,False,True,False,False,True,Check-in
45,5,201,165,1,3,1,0,True,False,True,False,False,False,True,False,True,False,True,False,False,False,False,False,False,False,False,False,False,False,True,False,True,Check-in
66,10,110,184,1,4,1,1,False,False,True,False,False,False,False,False,True,False,True,False,False,False,True,False,True,True,False,False,False,False,True,False,True,No-show
64,20,236,90,1,4,2,0,False,False,False,True,False,False,False,False,False,False,True,False,False,True,False,False,False,False,False,False,True,False,True,False,True,Check-in
69,0,103,126,3,3,1,0,True,True,False,False,False,True,False,False,False,False,False,False,True,False,True,False,True,True,False,False,True,True,False,True,False,Cancel
34,30,158,117,3,6,1,0,True,True,False,False,False,True,False,False,False,True,False,False,True,False,True,True,False,True,False,False,False,False,False,True,True,No-show
52,5,195,144,1,4,1,0,False,False,False,False,False,False,False,False,False,True,True,False,False,False,False,False,True,False,False,False,False,False,True,True,True,No-show
70,0,238,111,4,3,1,0,True,False,False,True,False,False,False,False,False,False,True,False,False,False,False,False,False,False,False,False,False,False,False,True,False,Check-in
21,10,126,175,1,4,1,0,False,False,False,True,True,False,False,False,False,False,False,True,False,False,False,False,True,False,False,False,False,False,True,True,True,No-show
33,0,137,168,1,3,1,0,True,False,False,True,False,False,False,True,False,False,False,False,False,False,False,False,True,False,False,False,False,False,False,False,False,Check-in
61,20,141,148,3,5,1,0,False,False,False,True,False,False,False,False,False,False,False,False,True,True,False,True,False,True,False,False,False,False,True,True,True,Cancel
19,10,220,7,1,4,1,0,True,False,False,False,True,False,False,True,False,False,False,False,True,True,False,False,False,True,False,False,False,False,True,True,True,Check-in
38,5,191,100,1,3,1,0,True,True,False,False,False,False,False,False,False,False,False,False,False,True,False,False,False,False,False,False,True,True,False,True,True,Check-in
24,0,129,5,3,5,1,0,True,False,False,True,False,False,True,False,True,False,False,False,False,False,False,False,False,False,False,False,False,False,True,False,False,Check-in
57,0,183,120,1,4,1,0,False,False,False,True,False,False,False,False,False,False,False,False,False,False,True,True,False,True,False,False,False,False,True,True,False,Cancel
57,10,138,137,1,7,5,1,True,False,False,True,False,False,False,False,False,False,False,True,False,False,True,True,False,False,False,False,False,False,False,True,True,No-show
65,5,199,218,1,4,5,0,False,False,False,True,False,False,False,False,True,False,False,True,False,True,False,True,False,True,False,False,False,False,True,True,True,Cancel
22,0,128,162,1,4,1,0,True,False,False,False,False,False,False,False,False,False,False,False,True,False,True,True,False,False,False,False,False,False,True,False,False,No-show
38,10,173,126,1,4,1,0,False,True,False,False,True,False,False,True,False,False,False,True,False,True,False,False,False,False,False,False,False,False,True,True,True,Cancel
47,5,104,41,1,5,1,0,False,False,True,False,False,False,False,False,True,False,False,True,False,False,True,False,False,True,True,False,False,False,True,True,True,Check-in
38,10,190,96,3,4,1,0,True,True,False,False,False,True,False,False,False,False,False,False,True,True,False,False,True,False,False,False,False,False,True,False,True,Cancel
48,20,146,46,3,6,1,0,False,True,False,False,False,False,False,True,False,False,True,False,False,False,False,False,True,False,False,False,False,False,True,False,True,Check-in
45,15,152,33,2,8,3,0,False,True,False,False,False,False,False,True,False,False,True,False,False,True,False,False,False,False,False,False,False,False,False,False,True,Cancel
54,15,235,173,1,2,1,0,False,False,True,False,False,False,False,False,False,False,False,True,False,False,True,False,False,False,False,False,False,False,True,True,True,Check-in
52,10,242,210,1,4,1,0,True,True,False,False,False,False,False,False,True,False,False,False,True,False,True,False,False,False,False,False,True,False,False,False,True,Check-in
69,20,250,71,1,3,1,0,True,False,True,False,False,False,False,True,False,False,False,True,False,False,False,True,False,True,True,False,False,True,False,True,True,Check-in
50,10,225,151,1,7,1,0,False,True,False,False,False,False,False,False,True,False,False,False,False,True,False,True,False,True,False,False,False,False,True,True,True,Cancel
25,0,174,62,1,3,2,0,True,False,True,False,False,False,False,False,True,False,False,False,False,True,False,True,False,True,False,False,False,True,False,False,False,Cancel
24,5,231,98,1,3,1,0,True,False,False,True,True,False,False,False,False,False,False,False,True,False,False,False,False,True,False,False,False,False,True,True,True,Check-in
22,30,222,139,1,3,1,0,False,False,False,False,True,False,False,False,False,True,True,False,False,False,True,True,False,False,False,False,False,False,True,True,True,Cancel
18,0,236,44,1,2,1,0,False,False,False,False,False,False,False,False,False,False,False,True,False,False,True,False,False,False,False,False,False,False,True,True,False,Check-in
49,25,137,36,3,3,1,0,True,False,False,True,False,False,True,False,True,False,True,False,False,False,False,True,False,False,False,False,False,False,True,False,True,Cancel
19,0,139,115,3,4,1,0,False,False,False,False,False,False,True,False,True,False,False,True,False,False,True,False,False,False,False,False,True,True,False,True,False,Check-in
59,0,103,167,4,4,1,0,True,False,True,False,False,False,True,False,True,False,False,True,False,False,True,True,False,True,False,False,False,False,True,False,False,No-show
30,0,170,26,2,5,1,0,True,False,False,False,False,True,False,False,False,True,False,False,True,False,True,False,False,False,False,False,False,False,True,False,False,Check-in
18,5,146,124,2,4,1,0,False,False,False,True,True,False,False,False,False,False,False,False,False,True,False,True,False,False,False,False,False,True,False,False,True,Cancel
32,40,110,175,3,6,1,0,False,True,False,False,False,True,False,True,False,False,False,True,False,False,False,False,True,False,False,False,False,False,False,True,True,Check-in
53,10,207,111,1,4,1,0,False,True,False,False,False,False,False,False,True,False,False,False,True,False,False,False,False,True,False,False,False,False,False,True,True,Check-in
22,10,150,90,4,2,1,0,False,False,False,False,False,False,False,False,False,False,False,False,True,False,True,False,True,False,False,False,False,False,True,True,True,Check-in
37,25,240,19,1,2,1,0,False,False,False,True,False,True,False,False,True,False,False,True,False,True,False,False,True,False,False,False,False,False,True,True,True,No-show
24,0,175,73,1,4,1,0,False,False,True,False,True,False,False,True,False,False,False,True,False,False,False,True,False,False,False,False,False,False,True,False,False,Cancel
63,10,243,127,4,3,1,0,True,True,False,False,True,False,False,False,False,False,False,False,True,False,True,False,True,True,True,False,False,False,True,True,True,Check-in
26,15,248,159,2,3,1,0,True,False,False,False,False,False,False,False,False,False,True,False,False,True,False,False,False,False,False,False,False,False,True,True,True,Check-in
62,30,241,25,2,6,1,0,True,False,False,False,False,False,False,False,True,False,False,True,False,True,False,False,False,False,False,True,False,False,False,True,True,Check-in
43,0,237,190,1,6,1,0,False,False,False,False,True,False,False,True,False,False,True,False,False,True,False,False,False,False,False,False,True,True,False,True,False,Cancel
31,10,129,182,1,3,1,0,False,False,False,False,True,False,False,False,True,False,False,True,False,True,False,False,False,False,False,False,False,True,False,False,True,No-show
37,10,165,164,1,5,1,0,True,False,False,False,False,True,False,True,False,False,False,False,True,False,True,False,False,False,False,False,True,False,True,False,True,Check-in
47,0,250,35,3,3,1,0,False,False,False,True,False,False,False,False,False,True,True,False,False,False,True,True,False,False,False,False,False,True,False,True,False,No-show
39,30,135,194,3,3,1,0,False,False,False,True,True,False,False,True,False,False,False,False,True,False,True,False,True,False,False,False,False,True,False,True,True,No-show
38,25,171,160,1,4,1,0,True,False,True,False,False,False,False,False,False,True,False,False,False,False,True,False,True,False,False,False,True,False,True,False,True,Cancel
50,5,199,144,2,4,1,0,False,True,False,False,False,False,False,True,False,False,True,False,False,False,True,False,False,True,False,False,True,False,False,True,True,Cancel
25,5,139,113,4,3,1,0,True,True,False,False,False,False,True,False,False,True,False,False,False,False,False,False,False,True,False,False,False,True,False,False,True,Check-in
65,40,166,193,3,2,1,0,False,False,False,False,False,False,False,False,False,False,False,False,False,True,False,False,False,True,False,False,False,False,True,True,True,Check-in
56,25,163,81,3,3,1,0,True,False,True,False,False,False,True,False,True,False,False,True,False,False,False,False,False,False,False,False,True,False,True,False,True,No-show
63,20,184,23,3,3,1,0,True,False,False,True,True,False,False,False,True,False,False,True,False,True,False,True,False,True,False,False,False,False,True,True,True,Cancel
27,20,104,62,1,5,1,0,True,False,True,False,False,False,False,False,False,False,False,True,False,False,False,False,False,False,False,False,False,False,True,True,True,No-show
21,0,114,75,1,2,1,0,False,True,False,False,False,False,False,True,False,False,False,True,False,False,False,False,False,False,False,False,True,True,False,True,False,Check-in
19,40,211,48,1,2,1,0,True,False,False,False,False,False,False,False,False,False,True,False,False,False,True,True,False,False,False,False,True,False,False,True,True,No-show
35,20,215,44,1,5,4,0,True,False,True,False,False,False,True,False,False,False,False,False,False,False,False,False,True,False,False,False,False,False,True,True,True,No-show
68,40,225,199,2,4,5,0,True,True,False,False,True,False,False,False,True,False,False,False,True,True,False,False,True,True,True,False,False,True,False,True,True,Check-in
65,25,175,180,3,2,1,0,False,False,True,False,False,False,True,False,True,False,False,True,False,True,False,False,False,False,False,False,True,False,True,True,True,Check-in
32,15,217,106,1,4,1,0,False,False,False,True,False,False,True,False,True,False,False,False,True,True,False,True,False,False,False,False,True,False,True,True,True,Cancel
20,20,230,157,3,6,3,0,False,True,False,False,False,False,False,True,False,False,False,True,False,True,False,False,True,False,False,False,True,False,True,False,True,Check-in
46,0,115,96,3,3,1,0,False,False,False,True,False,False,True,False,False,False,True,False,False,False,False,False,True,False,False,False,True,False,True,False,False,No-show
49,10,107,181,3,7,1,0,False,False,False,True,False,False,True,True,False,False,False,True,False,False,True,False,True,True,False,False,False,False,True,False,True,No-show
31,10,155,49,2,3,1,0,True,False,False,True,False,False,False,False,False,False,False,True,False,False,True,True,False,False,False,False,False,False,True,True,True,Cancel
58,10,112,108,3,4,1,0,False,False,False,False,True,False,False,False,False,True,False,False,True,False,False,False,False,False,False,False,False,False,True,True,True,No-show
45,25,229,151,2,5,1,0,True,False,False,False,False,True,False,False,False,False,True,False,False,False,False,False,True,False,False,False,True,False,False,True,True,Check-in
66,15,248,51,1,8,1,0,True,False,True,False,False,True,False,False,False,False,False,False,True,False,False,False,False,False,False,False,False,False,False,False,True,Cancel
66,0,135,77,3,3,1,0,True,False,False,True,False,True,False,False,False,False,False,True,False,False,False,False,False,False,False,False,True,False,True,True,False,Cancel
60,25,191,68,1,4,1,0,False,False,True,False,False,True,False,False,False,True,False,True,False,False,True,False,False,False,False,False,False,False,True,True,True,Cancel
25,15,166,39,1,3,1,1,False,False,False,False,False,False,False,True,False,False,False,True,False,True,False,False,True,True,False,False,False,True,False,True,True,No-show
48,0,112,57,1,2,1,0,True,False,False,False,False,False,True,False,True,False,False,False,False,False,True,False,False,False,False,False,False,False,False,True,False,Check-in
28,5,231,59,1,7,1,0,False,False,True,False,False,False,False,True,False,False,False,False,False,False,True,False,True,False,False,False,True,False,True,True,True,Cancel
65,20,119,96,1,5,1,0,False,False,False,True,False,False,False,False,True,False,False,False,True,False,True,False,True,True,True,False,True,True,False,True,True,Cancel
37,10,206,13,1,5,1,0,True,False,False,True,False,True,False,False,False,False,False,False,True,True,False,False,True,False,False,False,False,True,False,True,True,No-show
48,5,129,53,4,4,1,1,False,False,True,False,False,False,False,False,True,False,False,True,False,False,True,False,True,False,False,False,False,False,True,True,True,Check-in
35,25,232,136,3,4,1,0,False,True,False,False,False,False,False,True,False,False,True,False,False,True,False,False,False,True,True,False,False,False,True,False,True,Check-in
36,40,203,147,2,4,1,0,True,False,False,True,False,False,False,False,True,False,False,True,False,False,True,False,False,False,False,False,False,True,False,False,True,No-show
68,10,220,130,1,3,1,0,True,False,False,False,True,False,False,True,False,False,False,False,False,True,False,True,False,False,False,False,False,False,False,True,True,Cancel
34,30,219,205,2,3,1,0,True,False,False,True,True,False,False,True,False,False,True,False,False,True,False,False,False,True,False,False,False,False,False,True,True,Cancel
43,10,139,216,1,3,1,0,False,False,False,True,True,False,False,False,True,False,False,False,True,True,False,True,False,True,True,False,True,False,True,False,True,No-show
33,10,201,69,2,5,1,0,False,False,False,True,False,False,False,False,True,False,False,True,False,False,True,False,False,True,True,True,False,False,True,True,True,Check-in
26,10,124,64,1,8,1,0,True,False,True,False,False,False,False,False,False,False,False,False,False,True,False,True,False,True,True,False,False,False,True,True,True,Cancel
26,0,234,74,1,4,1,0,True,False,False,False,False,True,False,False,False,True,False,False,True,True,False,False,True,False,False,False,False,False,False,False,False,Check-in
50,0,111,102,1,2,1,0,True,True,False,False,False,False,False,False,True,False,False,True,False,True,False,False,True,False,False,False,True,False,True,False,False,Check-in
69,0,111,195,1,4,1,0,False,False,False,False,False,False,False,False,False,False,False,False,False,False,False,True,False,True,False,False,False,False,True,False,False,Cancel
60,0,147,135,1,4,1,0,False,False,False,False,False,False,True,False,False,False,True,False,False,False,False,True,False,True,False,False,True,True,False,True,False,Cancel
43,20,121,213,2,3,1,0,True,False,False,True,False,False,False,False,True,False,False,False,True,True,False,True,False,False,False,False,False,False,False,True,True,No-show
32,15,181,180,2,3,1,0,False,False,False,False,False,False,True,False,False,False,False,True,False,False,True,True,False,True,False,False,False,True,False,False,True,Cancel
45,10,202,76,2,5,1,0,True,False,False,True,False,True,False,True,False,False,False,True,False,True,False,False,True,True,True,False,False,False,True,True,True,Cancel
36,10,151,107,1,4,1,0,True,False,True,False,False,False,True,False,True,False,False,False,False,False,False,False,False,False,False,False,False,False,True,True,True,Check-in
65,20,105,201,4,4,1,0,False,True,False,False,True,False,False,False,True,False,True,False,False,True,False,True,False,True,False,False,False,True,False,False,True,Cancel
21,5,218,55,1,4,1,0,False,False,False,False,False,False,True,False,True,False,False,True,False,False,True,False,True,False,False,False,False,False,True,True,True,Cancel
51,15,242,218,2,4,1,0,True,False,False,True,False,False,False,False,False,False,True,False,False,True,False,False,True,False,False,True,False,True,False,True,True,Cancel
33,10,136,203,2,3,1,0,True,False,False,True,False,False,True,False,True,False,True,False,False,False,False,False,True,False,False,False,False,True,False,True,True,No-show
42,20,124,9,1,4,1,0,False,True,False,False,False,True,False,True,False,False,False,True,False,False,True,True,False,True,False,False,True,False,True,True,True,Cancel
68,0,240,17,2,5,1,0,True,False,False,True,True,False,False,False,False,True,False,True,False,False,False,True,False,False,False,False,True,False,True,True,False,Cancel
50,0,227,180,1,3,1,0,False,True,False,False,False,False,False,False,False,False,False,False,False,True,False,False,True,True,False,False,False,True,False,True,False,No-show
30,30,138,47,2,3,1,0,False,False,True,False,False,True,False,True,False,False,False,False,True,False,True,False,False,False,False,False,False,True,False,True,True,Check-in
68,0,138,80,1,4,1,0,True,False,False,True,False,False,False,False,False,False,True,False,False,False,True,False,True,False,False,False,False,False,True,True,False,Cancel
54,0,111,15,1,3,1,0,True,True,False,False,False,False,False,False,True,False,False,False,True,False,False,False,True,True,True,False,True,False,False,True,False,Check-in
35,20,140,143,2,3,1,0,False,False,False,False,False,False,False,False,False,False,False,False,False,False,False,True,False,True,False,False,False,False,True,True,True,Cancel
45,20,104,147,1,4,1,0,True,False,False,False,False,False,True,False,False,False,False,False,False,True,False,True,False,True,True,False,True,True,False,True,True,Cancel
19,20,193,23,2,3,1,0,False,False,False,True,False,False,False,True,False,False,False,True,False,True,False,False,False,False,False,False,False,True,False,True,True,Check-in
44,10,148,100,1,3,1,0,True,False,False,True,False,False,False,False,False,False,False,True,False,False,False,False,True,False,False,False,True,True,False,True,True,Check-in
18,20,162,169,2,7,1,0,True,False,False,False,False,True,False,True,False,False,False,True,False,False,False,True,False,False,False,False,False,True,False,False,True,No-show
65,0,239,211,2,2,1,0,False,True,False,False,False,False,False,False,True,False,False,False,True,False,True,True,False,True,False,False,False,True,False,True,False,No-show
66,25,143,106,1,2,1,0,False,False,False,True,False,False,False,True,False,False,False,False,True,False,False,True,False,False,False,False,False,False,True,True,True,No-show
24,10,217,159,2,3,1,0,True,False,True,False,False,True,False,False,False,False,False,False,True,False,True,True,False,False,False,False,False,True,False,False,True,Cancel
67,5,123,113,1,8,1,0,True,False,False,False,False,True,False,True,False,False,False,False,True,False,False,True,False,True,True,False,False,True,False,True,True,Cancel
31,10,132,10,2,5,1,0,True,False,True,False,False,False,False,True,False,False,False,False,False,False,False,True,False,True,False,True,False,False,False,False,True,Cancel
44,5,113,5,3,6,1,0,False,False,False,False,False,False,True,False,False,False,False,True,False,True,False,True,False,False,False,False,True,True,False,True,True,Cancel
40,10,131,69,4,6,1,0,True,True,False,False,False,False,False,False,True,False,False,False,False,False,False,False,False,False,False,False,False,False,True,True,True,Cancel
69,20,152,121,1,5,1,0,False,False,True,False,False,False,False,False,False,False,False,True,False,True,False,False,True,False,False,False,False,True,False,True,True,No-show
30,10,186,195,4,4,1,0,False,False,True,False,False,False,False,True,False,False,False,True,False,True,False,True,False,True,False,True,False,False,False,True,True,No-show
65,0,164,111,4,2,1,0,True,False,False,True,False,True,False,True,False,False,False,True,False,False,True,True,False,True,True,False,False,True,False,True,False,Cancel
50,0,180,115,4,4,1,0,True,True,False,False,False,True,False,False,True,False,True,False,False,False,False,False,True,True,False,False,True,False,True,True,False,Cancel
38,20,200,141,3,8,1,0,True,False,False,True,False,True,False,False,False,False,False,False,True,True,False,True,False,False,False,False,False,False,False,True,True,Cancel
43,20,215,84,2,5,1,0,True,True,False,False,True,False,False,False,False,False,True,False,False,False,False,False,False,False,False,False,True,True,False,False,True,Cancel
24,5,178,202,1,3,1,0,False,False,True,False,True,False,False,True,False,False,False,False,False,False,False,False,False,False,False,False,False,False,True,True,True,No-show
50,20,194,138,1,6,1,0,True,True,False,False,False,False,True,False,False,True,False,True,False,True,False,False,True,False,False,False,False,False,True,True,True,Check-in
66,0,199,89,3,4,1,0,False,False,False,True,False,True,False,False,True,False,False,True,False,False,False,False,True,False,False,False,False,False,True,True,False,Cancel
66,0,110,184,1,4,1,0,False,False,False,True,False,True,False,True,False,False,True,False,False,False,False,False,True,False,False,False,True,False,True,True,False,Cancel
69,15,227,2,1,3,1,0,True,False,False,True,False,False,False,False,True,False,False,False,False,False,False,False,True,False,False,True,False,False,True,True,True,No-show
33,5,213,52,3,6,1,0,True,True,False,False,False,False,False,False,False,False,False,False,True,False,True,False,True,False,False,False,False,True,False,True,True,Cancel
29,0,121,116,1,6,1,0,False,False,False,False,False,False,True,False,False,False,False,False,False,False,True,False,True,False,False,False,False,False,True,True,False,No-show
68,0,116,211,2,3,1,0,True,False,False,True,False,True,False,False,True,False,False,False,False,False,False,False,True,True,False,False,False,False,True,True,False,Check-in
64,10,161,85,1,3,1,0,True,True,False,False,False,False,False,True,False,False,False,False,False,True,False,True,False,False,False,False,True,True,False,True,True,Cancel
56,0,146,27,1,4,1,0,True,True,False,False,False,False,True,False,True,False,True,False,False,True,False,True,False,False,False,False,False,False,True,False,False,No-show
66,0,138,222,1,3,1,0,True,False,False,True,False,True,False,False,False,True,False,False,False,True,False,False,True,False,False,False,False,True,False,True,False,No-show
45,10,229,141,1,6,1,0,True,False,False,False,False,False,False,False,True,False,False,True,False,False,True,True,False,False,False,False,True,True,False,False,True,Cancel
20,0,220,121,1,7,1,0,True,True,False,False,False,False,True,False,False,True,False,True,False,True,False,True,False,True,False,False,False,False,True,True,False,Cancel
24,15,158,215,2,2,1,0,False,True,False,False,False,False,False,False,False,False,False,False,True,True,False,True,False,False,False,False,True,False,True,True,True,Check-in
41,0,228,195,3,4,1,0,False,False,False,True,False,True,False,True,False,False,True,False,False,True,False,True,False,True,False,False,False,False,True,False,False,Cancel
62,25,114,94,1,4,1,0,True,False,False,True,False,True,False,True,False,False,False,True,False,False,True,True,False,False,False,False,False,False,True,True,True,Cancel
20,25,241,186,1,4,1,0,True,False,True,False,False,False,False,True,False,False,False,False,False,False,False,True,False,False,False,True,False,False,True,True,True,No-show
50,10,185,114,1,4,1,0,False,True,False,False,False,False,False,False,True,False,False,False,True,True,False,True,False,False,False,False,False,False,True,False,True,Cancel
20,40,131,134,1,3,1,0,False,False,False,True,False,False,False,True,False,False,True,False,False,False,False,False,False,True,False,False,False,False,True,True,True,Cancel
58,25,190,31,2,2,1,0,False,False,False,True,False,True,False,False,False,False,False,False,False,True,False,False,True,False,False,False,True,False,True,True,True,No-show
57,5,151,119,2,5,1,0,True,False,False,False,False,False,True,False,False,False,False,False,True,True,False,False,False,True,False,False,False,False,False,True,True,Check-in
51,20,178,199,2,2,1,0,False,True,False,False,False,False,True,True,False,False,False,True,False,False,False,True,False,False,False,False,True,True,False,True,True,Cancel
60,10,211,213,1,6,1,0,True,False,False,True,False,False,False,True,False,False,False,True,False,True,False,True,False,False,False,False,False,False,True,True,True,Cancel
19,20,143,127,1,4,1,0,False,False,False,False,False,False,False,False,True,False,False,False,False,True,False,False,True,False,False,False,False,False,True,True,True,Cancel
27,30,134,132,3,4,1,0,True,False,False,True,False,False,False,False,True,False,False,False,True,False,True,False,True,False,False,False,True,False,True,True,True,No-show
24,20,231,120,1,3,1,0,True,False,False,True,False,False,False,False,False,True,True,False,False,True,False,True,False,False,False,False,True,True,False,True,True,Cancel
32,5,168,168,3,5,1,0,True,False,False,True,False,False,False,False,True,False,False,True,False,True,False,True,False,True,False,False,False,False,True,True,True,Cancel
67,10,232,7,4,6,1,0,True,False,True,False,False,False,False,True,False,False,False,True,False,True,False,False,False,False,False,False,False,True,False,True,True,Check-in
23,0,156,113,2,3,1,0,False,False,True,False,False,True,False,True,False,False,False,True,False,False,False,False,False,False,False,True,False,True,False,True,False,Check-in
35,0,172,123,1,3,1,0,True,True,False,False,False,False,False,False,False,False,True,False,False,False,False,False,False,False,False,False,False,False,True,True,False,Check-in
29,5,143,103,1,4,1,0,False,True,False,False,False,False,True,False,False,False,False,True,False,False,False,True,False,False,False,False,False,False,True,False,True,Cancel
61,40,147,74,2,4,1,0,False,True,False,False,False,False,False,False,True,False,True,False,False,False,False,False,True,False,False,True,False,False,False,True,True,Cancel
27,10,246,147,2,2,1,0,True,False,True,False,True,False,False,False,False,False,False,True,False,False,False,True,False,False,False,False,True,False,False,False,True,Cancel
41,0,212,16,2,3,1,0,True,False,False,True,False,False,False,True,False,False,False,True,False,False,False,True,False,False,False,False,True,True,False,True,False,Cancel
21,10,222,56,2,7,1,0,True,False,False,True,False,True,False,False,True,False,True,False,False,False,True,False,False,False,False,False,True,False,True,True,True,No-show
58,0,117,94,1,5,1,0,False,False,True,False,False,False,False,False,True,False,False,True,False,False,True,False,False,False,False,False,False,True,False,True,False,Check-in
40,10,207,8,1,4,1,0,False,False,False,True,False,True,False,True,False,False,False,True,False,False,False,False,True,True,False,False,False,False,True,True,True,Check-in
21,0,127,96,1,3,1,0,False,False,False,False,False,False,True,False,False,True,False,False,True,True,False,True,False,True,False,False,False,False,False,False,False,Cancel
70,5,108,28,1,3,1,0,False,False,False,False,False,False,False,False,True,False,False,False,True,False,True,True,False,False,False,False,False,False,True,False,True,No-show
41,30,235,41,3,4,1,0,True,False,False,True,False,False,False,False,True,False,False,True,False,False,True,False,False,False,False,False,False,False,True,False,True,No-show
56,20,150,133,3,3,1,0,True,False,False,True,False,True,False,False,False,True,False,False,True,False,False,False,False,False,False,False,False,False,True,True,True,Cancel
38,0,165,99,1,2,1,0,True,False,True,False,False,False,False,False,False,False,True,False,False,True,False,False,True,True,True,False,True,False,False,True,False,Cancel
24,40,167,24,1,3,1,0,True,False,False,True,True,False,False,False,False,False,True,False,False,True,False,False,True,True,False,False,False,False,False,False,True,Cancel
54,0,242,119,1,4,1,0,False,False,False,False,False,False,False,False,False,False,True,False,False,True,False,False,True,False,False,False,False,False,True,True,False,Check-in
69,20,213,58,1,3,1,0,True,True,False,False,False,False,True,False,False,False,False,False,True,True,False,False,False,False,False,False,False,True,False,True,True,Cancel
45,40,245,113,2,3,1,0,False,False,True,False,False,False,False,False,True,False,False,True,False,False,False,True,False,False,False,False,False,False,False,True,True,Cancel
32,25,245,178,2,4,1,0,False,False,True,False,True,False,False,False,False,False,True,False,False,False,True,False,False,True,False,False,False,False,True,True,True,No-show
21,25,176,209,1,3,1,0,True,True,False,False,True,False,False,False,False,True,False,True,False,False,True,False,True,False,False,False,True,False,True,True,True,Cancel
48,10,201,187,2,4,1,0,False,False,False,True,True,False,False,False,True,False,False,True,False,False,False,False,True,False,False,False,False,False,False,True,True,No-show
27,10,117,194,1,6,1,0,False,False,False,False,False,False,True,False,False,False,True,False,False,True,False,False,True,True,False,False,False,False,True,True,True,No-show
19,25,191,7,1,3,1,0,False,False,False,True,False,False,True,False,True,False,True,False,False,True,False,False,False,False,False,False,True,False,False,True,True,Check-in
41,0,217,197,1,3,1,0,True,False,False,False,False,True,False,False,False,False,False,True,False,False,True,True,False,False,False,False,True,False,True,True,False,No-show
52,15,237,15,1,4,1,0,False,False,False,True,False,False,False,False,True,False,False,True,False,False,False,False,False,False,False,False,True,False,True,True,True,Check-in
30,20,120,79,1,3,1,0,True,False,True,False,False,False,False,False,False,True,False,True,False,True,False,False,False,False,False,False,True,True,False,True,True,Check-in
62,0,211,94,1,3,1,0,False,False,False,True,False,False,True,False,False,False,False,False,False,False,False,False,True,False,False,False,False,False,True,False,False,No-show
65,0,151,189,1,5,1,0,False,False,False,True,False,False,True,False,True,False,True,False,False,False,True,False,False,False,False,False,False,False,True,False,False,Check-in
39,25,171,134,4,5,1,0,True,False,True,False,False,True,False,False,False,False,True,False,False,False,False,False,False,True,True,False,False,True,False,True,True,Check-in
38,30,159,142,2,8,1,0,True,False,True,False,False,False,False,True,False,False,False,True,False,False,False,True,False,False,False,False,False,False,True,True,True,Cancel
53,20,118,96,1,5,1,0,False,False,False,False,False,False,True,True,False,False,False,False,False,True,False,True,False,False,False,False,False,False,True,True,True,Cancel
49,5,140,92,3,3,1,1,False,True,False,False,False,True,False,True,False,False,False,False,False,True,False,True,False,True,True,True,False,False,False,True,True,No-show
61,10,191,183,1,7,1,1,False,False,False,False,False,False,False,False,False,False,False,True,False,False,True,False,False,False,False,True,False,False,True,True,True,Check-in
52,0,152,113,2,3,1,1,False,False,True,False,True,False,False,False,False,False,False,True,False,False,True,False,False,False,False,False,True,False,True,True,False,Cancel
65,0,200,207,3,7,1,1,False,False,True,False,False,False,False,True,False,False,False,False,False,True,False,True,False,False,False,True,False,True,False,False,False,No-show
21,0,152,182,1,5,1,1,False,False,True,False,False,False,False,False,False,True,False,False,True,True,False,False,False,True,False,False,False,False,True,True,False,Check-in
27,10,205,47,3,3,1,1,True,False,True,False,False,False,False,True,False,False,False,False,False,False,False,True,False,False,False,False,True,False,True,True,True,Cancel
21,25,185,90,2,5,1,1,False,False,True,False,False,False,True,False,True,False,False,False,False,True,False,True,False,True,False,False,False,False,True,True,True,Cancel
58,20,147,29,1,4,1,1,True,False,True,False,False,True,False,False,True,False,False,False,True,False,True,False,False,False,False,False,True,False,False,True,True,Cancel
62,10,183,49,4,3,1,1,False,False,False,True,True,False,False,False,False,True,False,False,False,True,False,True,False,True,False,False,False,False,True,True,True,Cancel
51,40,246,70,4,4,1,1,True,True,False,False,True,False,False,True,False,False,False,True,False,False,True,False,True,True,True,False,True,False,True,True,True,Check-in
68,0,141,68,2,4,1,1,False,True,False,False,False,False,False,False,True,False,False,False,True,False,False,True,False,False,False,False,False,True,False,False,False,Cancel
26,25,208,177,3,3,1,1,True,False,True,False,False,False,False,False,False,False,True,False,False,False,True,False,True,True,True,False,False,True,False,False,True,Check-in
25,25,109,120,3,4,1,1,False,False,False,True,False,False,False,False,True,False,False,True,False,True,False,True,False,True,True,True,False,False,True,False,True,Cancel
55,15,218,19,3,3,1,1,False,False,False,False,False,False,True,True,False,False,True,False,False,True,False,True,False,False,False,True,False,True,False,False,True,No-show
58,10,159,16,1,6,1,1,False,False,False,True,False,False,False,False,True,False,False,True,False,True,False,False,False,True,True,False,True,False,True,True,True,Check-in
55,25,144,132,3,3,1,1,True,False,False,False,False,False,False,False,True,False,False,True,False,False,True,False,True,False,False,False,False,False,True,True,True,No-show
48,20,116,40,1,3,1,1,True,False,True,False,False,True,False,True,False,False,True,False,False,True,False,True,False,True,True,False,False,True,False,True,True,Cancel
49,25,189,143,1,6,1,1,True,False,False,False,False,False,False,False,False,False,False,True,False,False,True,True,False,True,False,False,False,False,False,True,True,No-show
56,20,100,119,1,4,1,1,False,False,True,False,False,False,True,False,False,True,False,True,False,False,False,False,False,False,False,False,False,False,True,True,True,Check-in
19,5,100,67,1,4,1,1,False,False,False,False,False,True,False,False,False,True,True,False,False,False,False,True,False,True,False,False,False,False,True,True,True,Cancel
66,5,183,115,3,4,1,1,True,False,False,True,False,False,False,False,True,False,False,False,True,False,False,True,False,True,False,False,False,False,True,True,True,Cancel
61,40,196,170,1,3,1,1,True,True,False,False,False,True,False,False,False,True,False,False,True,False,True,False,False,False,False,False,True,True,False,True,True,Cancel
63,20,134,212,2,5,1,1,True,True,False,False,False,False,False,False,False,False,False,True,False,True,False,True,False,False,False,False,False,False,True,True,True,Cancel
62,20,192,62,3,2,2,1,False,True,False,False,False,False,False,True,False,False,False,True,False,False,True,False,True,False,False,False,False,True,False,False,True,Cancel
42,25,164,153,1,3,1,1,True,False,False,False,False,True,False,False,False,False,False,False,False,False,False,True,False,False,False,False,False,False,True,True,True,Cancel
69,0,236,137,2,3,1,1,False,False,False,True,False,True,False,True,False,False,False,True,False,False,False,False,True,False,False,False,False,True,False,False,False,Cancel
47,5,211,181,3,3,2,0,True,False,False,True,False,False,True,True,False,False,False,False,True,False,False,False,False,False,False,False,False,True,False,True,True,No-show
37,20,233,105,2,5,2,0,True,False,False,True,False,False,False,False,True,False,False,False,False,True,False,False,True,True,True,False,False,True,False,False,True,No-show
50,0,225,91,1,6,1,1,True,False,False,True,False,False,False,True,False,False,False,True,False,False,True,False,False,False,False,False,False,False,True,True,False,No-show
53,20,231,142,4,2,1,1,True,False,False,False,False,False,False,False,False,False,False,False,True,False,False,False,False,False,False,True,False,False,False,True,True,No-show
28,5,227,120,1,4,1,0,True,False,False,False,True,False,False,True,False,False,False,False,True,False,False,False,False,True,False,False,False,False,True,True,True,Check-in
20,20,106,155,2,5,1,1,False,True,False,False,False,False,False,True,False,False,False,True,False,False,False,False,True,False,False,False,True,True,False,False,True,Cancel
51,5,171,81,2,3,1,1,False,False,False,True,False,False,True,False,False,False,False,False,True,False,True,True,False,False,False,False,False,True,False,True,True,No-show
34,20,167,103,1,7,1,1,False,False,False,True,True,False,False,True,False,False,False,False,False,True,False,True,False,False,False,False,False,False,True,True,True,Cancel
62,30,240,110,1,3,1,1,False,True,False,False,False,True,False,False,False,False,False,True,False,False,True,False,False,False,False,False,False,False,True,True,True,Check-in
40,0,113,181,2,4,1,1,False,False,False,True,False,True,False,False,False,False,True,False,False,False,True,False,True,False,False,False,False,False,False,True,False,No-show
70,20,155,149,2,5,1,1,False,False,True,False,True,False,False,False,True,False,False,False,False,False,False,False,True,False,False,False,False,True,False,True,True,Cancel
61,40,118,81,4,3,1,1,True,False,False,True,False,False,False,False,True,False,False,False,True,True,False,False,False,True,False,False,True,False,False,False,True,Cancel
58,10,220,31,1,3,1,1,False,False,False,False,False,False,False,False,False,True,False,True,False,True,False,False,True,False,False,False,True,False,True,True,True,Cancel
44,5,193,178,1,4,1,1,False,False,False,False,False,True,False,False,False,False,False,False,False,False,True,False,True,False,False,False,True,False,True,False,True,Check-in
58,25,183,188,1,4,1,1,False,True,False,False,True,False,False,True,False,False,False,True,False,False,True,False,True,True,True,False,True,True,False,True,True,Cancel
33,25,195,12,4,7,1,1,True,False,False,True,False,True,False,False,False,False,False,True,False,False,True,False,False,True,False,False,False,False,False,True,True,Check-in
35,0,188,30,1,4,1,1,True,True,False,False,True,False,False,False,False,False,False,True,False,False,False,False,False,False,False,True,False,True,False,True,False,No-show
68,40,107,93,1,2,1,1,True,False,False,True,False,False,True,True,False,False,False,False,True,False,True,False,True,False,False,False,True,False,True,True,True,No-show
19,0,209,160,4,4,1,1,True,False,False,False,False,False,False,True,False,False,False,True,False,False,False,False,False,False,False,False,False,True,False,True,False,No-show
30,10,164,179,1,3,1,1,False,True,False,False,False,False,False,True,False,False,False,False,False,False,True,False,False,False,False,False,False,True,False,False,True,No-show
36,10,147,151,2,4,1,1,True,False,False,False,False,False,False,False,True,False,False,False,False,True,False,True,False,True,False,False,False,False,True,True,True,Cancel
34,0,214,102,1,3,1,1,False,True,False,False,False,False,True,False,False,False,False,True,False,False,True,True,False,False,False,False,False,True,False,False,False,Cancel
69,25,106,165,3,3,1,0,False,False,True,False,False,False,False,False,True,False,True,False,False,False,False,False,True,True,True,False,False,False,True,True,True,Cancel
55,10,191,94,2,6,1,1,False,False,True,False,False,False,False,False,True,False,False,False,True,False,False,False,False,False,False,False,True,False,True,True,True,Check-in
47,0,113,137,3,2,3,1,True,True,False,False,False,False,False,False,False,True,False,True,False,False,False,True,False,False,False,False,True,False,True,True,False,Cancel
27,5,177,100,1,3,1,1,True,False,False,True,False,True,False,False,False,False,False,False,False,False,True,False,True,False,False,False,True,False,True,True,True,No-show
37,10,116,1,1,6,1,0,True,False,True,False,False,False,False,False,False,False,False,True,False,False,True,True,False,True,True,False,False,False,True,True,True,Cancel
69,25,210,89,4,4,1,1,True,False,False,False,False,False,False,False,True,False,False,True,False,False,False,False,False,False,False,False,True,False,False,True,True,No-show
48,20,137,9,3,5,1,0,True,True,False,False,False,True,False,False,True,False,True,False,False,False,False,False,False,False,False,False,False,False,True,True,True,Cancel
43,5,132,77,2,5,1,0,False,False,True,False,False,True,False,False,True,False,False,True,False,False,False,False,False,False,False,False,False,False,False,True,True,Check-in
35,5,160,92,2,4,1,0,True,False,True,False,False,False,False,False,True,False,False,True,False,True,False,True,False,False,False,False,False,False,True,True,True,Cancel
49,30,238,115,3,3,1,0,False,True,False,False,False,False,False,False,False,False,True,False,False,False,False,False,True,True,False,False,True,True,False,True,True,Cancel
63,0,245,143,1,2,1,0,False,False,False,True,False,True,False,False,False,False,False,True,False,False,False,False,True,True,False,False,False,False,True,False,False,Check-in
19,10,240,18,3,2,1,0,True,True,False,False,False,False,True,False,False,False,False,True,False,True,False,True,False,True,False,False,True,True,False,True,True,Check-in
36,20,119,143,2,6,1,0,False,True,False,False,False,False,False,False,True,False,False,False,True,False,False,False,False,False,False,False,False,False,True,False,True,Check-in
38,0,110,113,3,3,1,0,True,False,True,False,False,False,False,False,False,True,True,False,False,False,True,False,True,False,False,False,False,False,True,True,False,No-show
63,0,169,141,1,2,1,0,False,False,False,True,False,False,True,True,False,False,True,False,False,False,False,False,False,False,False,False,True,False,True,True,False,Cancel
46,5,239,52,3,5,1,0,True,False,False,False,False,True,False,True,False,False,False,False,True,False,False,True,False,True,False,False,True,False,True,False,True,Cancel
46,5,137,199,2,4,1,0,True,True,False,False,False,False,False,False,False,False,False,False,False,False,False,True,False,False,False,False,False,False,True,True,True,Cancel
31,0,116,219,1,3,1,0,True,False,False,True,False,False,False,False,False,False,True,False,False,True,False,False,True,False,False,False,True,False,True,True,False,Cancel
35,25,222,160,1,5,1,0,False,True,False,False,False,False,True,False,False,False,False,False,True,False,True,True,False,False,False,False,False,False,True,True,True,No-show
39,15,217,93,3,4,1,0,False,False,False,False,True,False,False,False,False,False,False,True,False,False,False,False,False,False,False,False,False,False,True,False,True,Cancel
69,10,248,157,4,5,1,0,False,True,False,False,False,False,False,False,False,False,False,False,True,True,False,True,False,False,False,False,False,False,True,True,True,Check-in
52,0,168,79,2,4,1,0,True,False,False,False,False,False,False,False,False,False,False,True,False,False,True,True,False,True,False,False,True,False,False,True,False,Cancel
52,5,158,103,1,3,1,0,True,False,True,False,True,False,False,False,False,False,False,False,True,True,False,False,True,False,False,False,False,True,False,False,True,No-show
44,10,135,56,2,4,1,0,False,False,False,True,False,False,True,False,True,False,False,False,True,False,True,True,False,True,True,False,False,False,True,True,True,No-show
32,25,182,206,3,4,1,0,True,False,True,False,False,False,True,False,False,False,False,False,True,False,False,False,True,True,False,False,False,False,True,True,True,Check-in
38,30,138,21,3,4,1,0,True,False,False,False,False,True,False,False,False,True,True,False,False,False,False,False,True,False,False,False,True,True,False,True,True,Cancel
44,15,141,171,1,3,1,0,True,True,False,False,False,True,False,False,True,False,False,True,False,True,False,True,False,False,False,False,False,False,True,True,True,Cancel
49,30,201,50,1,6,1,0,False,False,False,False,False,False,True,False,True,False,False,False,True,True,False,False,True,True,True,False,True,False,True,True,True,Cancel
42,5,211,144,1,7,1,0,False,False,True,False,True,False,False,False,False,False,False,True,False,False,False,False,True,False,False,False,True,False,True,True,True,Cancel
32,25,227,94,2,4,2,0,False,False,False,False,False,False,False,False,True,False,True,False,False,False,False,False,False,False,False,False,False,True,False,False,True,No-show
66,30,122,212,1,3,3,0,True,False,True,False,False,False,False,False,True,False,False,True,False,False,False,False,True,False,False,False,False,True,False,True,True,Check-in
61,0,122,200,1,5,5,0,False,False,False,False,False,True,False,False,False,True,False,True,False,False,True,False,True,False,False,False,True,True,False,False,False,Cancel
19,0,143,133,1,3,1,0,True,True,False,False,False,False,False,False,True,False,False,False,False,False,True,False,True,False,False,False,False,True,False,False,False,No-show
50,15,207,23,1,3,1,0,True,False,True,False,False,False,False,False,True,False,True,False,False,False,True,False,False,False,False,False,False,True,False,True,True,Check-in
56,25,204,16,1,6,1,0,False,False,False,True,False,True,False,False,False,False,False,False,False,False,False,False,False,True,False,False,False,False,False,True,True,Check-in
53,40,186,138,1,4,1,0,False,True,False,False,True,False,False,False,False,False,False,True,False,False,True,False,True,False,False,False,False,False,True,True,True,Cancel
51,15,132,12,1,7,1,0,False,True,False,False,False,False,False,False,False,False,False,True,False,True,False,False,False,False,False,False,True,True,False,True,True,Check-in
34,10,203,62,1,5,1,0,True,False,True,False,True,False,False,False,False,False,False,True,False,False,True,True,False,True,True,False,False,False,True,True,True,No-show
60,25,187,116,1,3,1,0,True,False,False,True,False,True,False,False,False,True,False,False,False,False,True,True,False,True,True,False,False,False,True,False,True,Cancel
45,20,151,44,3,4,1,0,False,False,False,False,False,False,False,False,True,False,False,True,False,False,False,False,False,False,False,False,True,False,True,False,True,Cancel
69,10,173,188,1,4,1,0,False,False,True,False,False,False,False,False,True,False,False,False,False,True,False,True,False,False,False,False,True,True,False,True,True,Cancel
27,5,172,127,1,3,1,0,True,False,False,False,False,False,True,False,False,True,True,False,False,False,False,False,False,False,False,False,False,False,True,True,True,Check-in
40,5,194,5,2,4,1,0,False,True,False,False,False,False,True,False,True,False,True,False,False,False,True,True,False,False,False,False,False,False,True,True,True,Cancel
31,10,175,166,1,3,1,0,True,True,False,False,False,False,False,False,True,False,True,False,False,False,True,True,False,False,False,True,False,False,True,True,True,No-show
27,20,103,212,1,4,1,0,True,False,True,False,False,True,False,False,False,True,False,True,False,False,False,False,True,True,True,False,False,False,True,True,True,Check-in
21,10,250,66,1,2,1,0,False,False,False,False,False,True,False,True,False,False,False,True,False,False,False,False,True,False,False,False,False,False,True,False,True,Check-in
27,10,136,221,1,2,1,0,False,False,False,False,False,False,False,False,False,False,False,True,False,True,False,False,False,False,False,True,False,True,False,True,True,No-show
36,10,195,197,1,4,1,0,False,False,True,False,True,False,False,False,True,False,False,True,False,False,True,True,False,False,False,True,False,False,True,False,True,No-show
70,10,125,144,1,4,1,0,True,False,False,False,False,False,False,False,True,False,False,True,False,False,False,False,False,False,False,False,False,False,True,True,True,Check-in
23,0,152,221,1,2,1,0,True,False,False,False,False,False,False,False,False,True,False,True,False,True,False,True,False,True,False,True,False,False,True,True,False,Check-in
19,10,205,215,2,2,1,0,True,False,False,True,False,False,False,True,False,False,False,True,False,False,True,False,True,False,False,False,False,False,True,True,True,No-show
47,10,163,19,1,2,1,0,False,False,False,False,False,False,False,False,False,True,False,True,False,True,False,False,True,False,False,False,False,False,True,False,True,Check-in
27,10,135,179,2,5,1,0,False,False,False,True,True,False,False,False,True,False,False,True,False,False,False,False,False,False,False,False,True,True,False,False,True,No-show
43,0,211,61,1,4,1,0,True,True,False,False,False,True,False,False,False,True,False,True,False,False,True,True,False,False,False,False,False,False,False,True,False,No-show
55,10,172,21,1,3,1,0,True,False,False,True,False,False,True,False,False,False,False,False,False,False,False,True,False,True,False,False,False,False,False,True,True,No-show
47,10,195,24,2,3,1,0,True,True,False,False,False,False,False,False,False,True,True,False,False,False,False,False,False,True,False,False,False,False,False,False,True,Check-in
46,0,177,196,3,5,1,0,False,False,False,False,False,False,False,True,False,False,True,False,False,False,True,False,True,False,False,False,True,False,True,True,False,No-show
27,10,177,56,2,2,4,1,False,False,False,True,False,False,True,False,True,False,False,False,False,True,False,False,False,False,False,False,False,False,True,False,True,Cancel
49,30,223,66,1,2,6,0,False,False,True,False,False,False,False,False,False,False,False,True,False,False,False,True,False,True,True,False,True,True,False,True,True,Cancel
35,0,173,12,1,6,1,0,False,False,False,False,False,False,False,False,True,False,False,True,False,False,False,False,True,False,False,False,False,False,True,False,False,Cancel
53,25,162,130,1,4,1,0,False,False,False,True,False,False,False,True,False,False,False,True,False,False,False,True,False,True,False,False,False,False,True,True,True,Cancel
51,10,147,9,1,5,1,0,False,False,False,True,False,False,True,False,False,False,False,True,False,False,True,False,True,False,False,False,False,False,False,True,True,No-show
65,10,249,135,2,7,3,0,False,True,False,False,False,False,False,False,False,False,False,True,False,False,False,False,True,True,False,False,False,False,False,True,True,Check-in
22,0,183,29,2,4,1,0,True,False,True,False,False,False,True,False,False,False,False,False,False,True,False,True,False,True,False,False,True,False,True,True,False,Cancel
25,10,244,89,1,5,1,0,False,True,False,False,True,False,False,False,False,False,False,True,False,False,True,True,False,False,False,False,False,False,True,False,True,Cancel
25,5,135,104,2,3,1,0,False,True,False,False,False,False,False,True,False,False,False,False,False,True,False,False,True,False,False,False,False,True,False,True,True,Cancel
55,0,164,28,3,4,1,0,False,False,False,False,False,True,False,False,False,False,False,False,False,True,False,True,False,False,False,False,True,True,False,False,False,Cancel
29,25,163,115,2,4,1,0,True,False,True,False,False,False,False,True,False,False,False,False,True,True,False,True,False,False,False,False,False,False,True,True,True,Cancel
31,5,220,99,2,7,1,0,False,True,False,False,False,True,False,True,False,False,True,False,False,True,False,False,True,False,False,False,False,True,False,True,True,No-show
37,0,232,206,1,4,1,0,False,False,False,False,False,False,True,False,False,True,False,False,True,True,False,False,True,True,True,False,False,False,True,False,False,No-show
38,40,131,178,1,4,1,0,False,False,False,False,False,True,False,False,False,True,False,True,False,True,False,True,False,True,True,False,False,False,True,True,True,Cancel
46,0,120,14,1,4,1,0,False,False,False,True,True,False,False,True,False,False,False,True,False,False,False,True,False,True,True,False,False,False,True,False,False,Check-in
42,0,218,149,2,6,1,0,True,True,False,False,False,False,False,True,False,False,False,True,False,False,True,True,False,False,False,False,False,False,False,True,False,No-show
66,10,245,51,1,4,1,0,False,False,True,False,True,False,False,False,True,False,False,False,True,False,False,False,True,True,False,False,False,False,True,False,True,Cancel
63,25,175,148,1,7,1,0,False,False,False,True,True,False,False,False,True,False,True,False,False,False,True,True,False,False,False,True,False,False,False,True,True,No-show
58,0,143,217,1,3,1,0,False,False,False,True,False,False,False,False,True,False,False,True,False,False,False,False,False,False,False,False,True,False,True,True,False,Check-in
31,30,143,181,1,3,1,0,True,False,False,False,True,False,False,False,True,False,False,True,False,False,False,False,False,False,False,False,False,False,True,True,True,No-show
38,20,167,5,2,2,1,0,True,False,False,False,False,True,False,False,True,False,False,True,False,True,False,False,False,False,False,False,False,False,True,True,True,No-show
60,20,125,158,1,4,1,0,False,False,False,False,False,False,True,False,True,False,False,False,False,True,False,True,False,False,False,False,False,False,False,True,True,Cancel
29,40,242,166,1,6,1,0,True,False,False,False,False,False,False,False,False,False,False,False,False,False,False,False,True,False,False,False,False,True,False,False,True,No-show
60,0,118,49,2,3,1,0,False,False,False,True,False,False,False,False,True,False,False,True,False,False,True,False,False,True,False,False,False,False,True,True,False,Check-in
27,5,125,141,1,3,1,0,True,True,False,False,False,False,True,False,False,False,True,False,False,False,False,False,True,True,True,False,False,False,True,True,True,No-show
29,10,204,119,1,6,1,0,False,True,False,False,False,False,False,True,False,False,False,False,False,False,False,False,False,False,False,False,True,False,True,False,True,Check-in
31,20,212,186,2,5,1,0,False,False,True,False,False,False,False,False,True,False,True,False,False,False,True,False,True,False,False,False,False,False,True,True,True,Cancel
38,20,231,48,2,7,1,0,False,True,False,False,True,False,False,False,True,False,True,False,False,True,False,False,True,False,False,False,False,False,True,True,True,Cancel
68,0,187,112,1,3,1,0,False,True,False,False,False,False,False,True,False,False,False,True,False,False,True,False,False,False,False,False,True,False,True,True,False,Check-in
25,15,136,5,1,3,1,0,True,False,False,False,False,False,True,True,False,False,False,True,False,False,True,False,True,True,False,False,True,True,False,True,True,No-show
66,5,150,206,1,6,2,0,False,False,True,False,False,True,False,False,False,False,False,False,True,False,True,False,True,False,False,False,False,False,True,True,True,No-show
48,10,165,132,3,6,3,0,True,True,False,False,False,False,True,True,False,False,False,False,False,False,True,False,False,False,False,False,True,False,True,True,True,Cancel
27,30,207,89,3,4,3,0,False,True,False,False,True,False,False,False,False,True,True,False,False,True,False,True,False,True,False,False,False,True,False,False,True,Cancel
24,10,186,81,3,4,3,0,False,False,False,False,False,False,False,True,False,False,False,False,False,False,False,True,False,False,False,False,False,False,False,True,True,No-show
47,0,173,14,1,3,1,0,False,True,False,False,False,False,False,False,False,True,False,False,True,True,False,True,False,True,False,False,False,False,True,True,False,Cancel
56,0,125,85,2,5,1,0,False,False,False,False,False,False,False,False,True,False,False,True,False,False,False,True,False,False,False,False,True,True,False,True,False,Cancel
47,25,228,95,4,7,1,0,False,False,True,False,False,True,False,True,False,False,True,False,False,False,True,False,True,False,False,False,False,True,False,True,True,Check-in
37,0,196,75,2,4,1,0,False,False,True,False,True,False,False,False,False,True,True,False,False,False,False,False,False,False,False,False,False,False,True,True,False,No-show
61,5,232,154,2,3,1,0,True,True,False,False,False,False,True,True,False,False,False,False,False,True,False,True,False,False,False,False,True,True,False,True,True,Cancel
67,30,195,196,1,2,1,0,False,False,False,False,False,False,False,False,True,False,False,False,True,True,False,False,False,True,False,False,True,True,False,True,True,Check-in
39,0,108,58,1,3,1,0,False,False,True,False,False,False,True,False,False,False,False,False,True,False,True,False,False,True,True,False,False,False,True,True,False,No-show
23,40,148,144,3,3,1,0,False,False,True,False,False,False,False,False,False,False,False,False,False,False,False,False,True,True,True,False,False,False,True,False,True,Check-in
63,0,116,44,3,3,1,0,True,True,False,False,False,False,False,True,False,False,True,False,False,False,True,True,False,False,False,False,True,False,True,False,False,Cancel
56,5,168,188,1,2,1,0,True,False,True,False,True,False,False,False,False,True,False,True,False,False,False,False,False,True,False,False,False,False,True,True,True,Check-in
48,0,238,162,2,4,1,0,False,True,False,False,False,False,False,False,False,True,False,False,True,True,False,False,True,False,False,False,False,False,True,True,False,Cancel
67,30,127,139,1,4,1,0,False,False,False,False,True,False,False,False,False,True,False,True,False,False,True,True,False,False,False,False,False,True,False,True,True,No-show
61,20,132,172,2,7,2,0,False,False,True,False,False,False,False,False,False,False,False,False,False,False,False,False,False,True,True,True,False,False,True,True,True,Check-in
42,0,163,63,3,2,1,0,True,False,False,True,False,True,False,True,False,False,False,True,False,False,False,False,True,True,True,False,True,False,True,True,False,Check-in
31,10,118,183,1,3,1,0,False,False,True,False,False,False,False,False,True,False,False,False,False,False,True,False,False,True,True,False,True,False,True,False,True,Check-in
68,15,156,35,1,3,1,0,False,False,False,True,False,False,False,False,False,False,False,True,False,False,False,True,False,True,False,False,False,False,False,True,True,Cancel
57,0,223,40,4,4,1,0,False,True,False,False,False,True,False,False,True,False,False,False,False,False,False,False,False,True,False,False,False,False,True,False,False,Cancel
20,0,217,36,1,5,1,0,True,False,False,True,False,False,False,True,False,False,True,False,False,True,False,False,True,False,False,False,True,False,True,True,False,Check-in
65,5,230,69,4,4,2,0,True,True,False,False,False,True,False,True,False,False,False,True,False,False,True,False,False,False,False,True,False,True,False,True,True,Check-in
20,0,234,219,1,5,3,0,False,False,True,False,True,False,False,False,True,False,False,True,False,False,True,False,False,False,False,False,False,False,True,True,False,Cancel
60,10,178,3,1,7,5,0,False,True,False,False,False,False,True,False,False,False,False,True,False,True,False,False,True,False,False,False,False,False,True,True,True,No-show
47,25,214,206,1,3,6,0,False,False,False,False,False,True,False,False,False,False,True,False,False,True,False,False,False,False,False,False,False,False,False,True,True,Check-in
46,10,136,69,1,3,1,0,False,False,False,False,True,False,False,True,False,False,False,False,False,True,False,False,True,True,True,False,False,False,True,True,True,Check-in
69,10,152,161,3,7,2,0,True,True,False,False,True,False,False,False,False,False,False,True,False,False,True,False,False,True,False,False,True,True,False,True,True,Cancel
65,25,108,69,1,6,8,0,False,True,False,False,False,False,False,False,True,False,False,True,False,True,False,False,True,False,False,False,False,False,True,False,True,Check-in
36,20,150,30,2,3,1,0,False,False,True,False,False,False,True,True,False,False,False,True,False,False,True,False,True,False,False,False,False,False,True,True,True,Check-in
60,15,132,43,1,6,1,0,True,False,False,False,False,False,False,True,False,False,False,True,False,False,False,False,True,False,False,False,False,False,True,True,True,Check-in
23,0,248,84,2,4,5,0,True,False,False,True,True,False,False,True,False,False,False,True,False,False,True,False,True,False,False,False,False,False,True,False,False,Check-in
31,0,115,137,2,6,1,0,False,True,False,False,True,False,False,False,True,False,False,True,False,True,False,False,True,True,False,False,False,False,True,True,False,No-show
19,30,182,157,1,3,1,0,False,False,True,False,True,False,False,False,False,True,False,False,False,False,False,True,False,True,True,False,False,False,True,False,True,Cancel
64,30,106,61,2,2,1,0,True,False,False,True,False,True,False,False,False,False,True,False,False,True,False,False,True,True,False,False,False,False,True,True,True,Cancel
27,15,240,175,1,2,3,0,False,False,False,True,False,True,False,True,False,False,False,False,True,False,False,False,False,True,False,False,False,False,False,True,True,Check-in
36,10,205,191,1,5,4,0,False,False,False,False,False,False,True,False,True,False,False,False,False,True,False,False,False,False,False,False,False,True,False,True,True,Cancel
38,15,176,175,2,5,5,0,True,False,False,True,False,False,False,False,False,True,False,True,False,True,False,False,False,True,False,False,False,True,False,False,True,Check-in
29,20,201,174,2,4,1,0,True,False,True,False,False,False,True,True,False,False,False,True,False,False,False,False,False,False,False,False,False,True,False,False,True,Check-in
69,10,214,214,3,3,1,0,True,False,False,False,False,True,False,False,True,False,False,True,False,False,False,True,False,False,False,False,True,True,False,True,True,Cancel
18,0,223,156,3,4,1,0,False,False,False,True,False,False,False,False,True,False,False,True,False,False,False,False,True,False,False,False,True,False,True,True,False,Cancel
20,10,213,160,2,4,1,0,True,True,False,False,True,False,False,False,True,False,True,False,False,False,True,False,True,False,False,False,True,False,True,True,True,No-show
19,20,124,118,3,5,1,0,False,False,False,False,True,False,False,True,False,False,True,False,False,True,False,True,False,True,False,False,False,True,False,True,True,No-show
47,10,206,190,4,6,1,0,False,False,False,False,False,False,False,False,False,False,False,True,False,False,True,True,False,True,False,False,False,True,False,False,True,Cancel
18,20,242,92,2,3,1,0,False,True,False,False,False,False,True,True,False,False,False,False,False,False,True,True,False,False,False,True,False,False,True,True,True,Cancel
37,10,112,190,4,5,1,0,False,False,False,False,False,False,True,True,False,False,False,False,False,True,False,False,True,False,False,False,False,True,False,True,True,Cancel
32,10,138,23,1,4,1,0,False,False,True,False,False,False,False,True,False,False,True,False,False,True,False,False,True,False,False,False,False,False,True,True,True,Check-in
29,10,121,130,4,4,1,0,True,True,False,False,False,False,False,True,False,False,False,False,False,True,False,False,True,False,False,False,False,False,True,True,True,Cancel
57,20,142,164,1,4,1,0,True,False,True,False,True,False,False,False,True,False,False,True,False,False,True,True,False,False,False,False,False,False,True,False,True,No-show
65,20,187,121,3,7,1,0,False,False,False,False,False,True,False,False,True,False,True,False,False,False,False,False,True,False,False,False,True,True,False,True,True,Cancel
67,20,142,190,1,7,1,0,True,False,True,False,False,False,False,False,True,False,False,False,False,False,True,True,False,False,False,True,False,False,True,False,True,Cancel
70,0,245,74,4,7,1,1,True,True,False,False,False,True,False,False,True,False,False,False,True,False,True,True,False,False,False,False,False,False,True,True,False,Cancel
39,5,161,175,3,4,1,1,True,True,False,False,False,False,False,False,False,False,False,True,False,False,True,False,False,True,False,False,True,False,True,True,True,Check-in
62,20,172,174,1,2,1,1,True,False,False,True,False,True,False,False,False,True,False,True,False,True,False,False,True,False,False,False,False,True,False,False,True,No-show
20,40,177,194,2,5,1,1,True,False,True,False,False,False,False,True,False,False,True,False,False,False,False,True,False,False,False,False,False,False,True,True,True,No-show
35,0,145,73,1,5,1,1,False,False,True,False,False,True,False,True,False,False,False,False,False,False,True,False,False,True,False,False,True,True,False,True,False,Cancel
54,25,229,180,1,4,1,1,True,False,False,True,False,False,False,False,True,False,False,False,False,True,False,False,True,True,False,False,False,False,True,True,True,Cancel
25,30,125,151,1,4,1,1,True,False,False,True,False,False,False,True,False,False,True,False,False,True,False,False,False,True,False,False,True,True,False,True,True,Cancel
33,10,248,82,3,3,1,1,False,True,False,False,True,False,False,False,True,False,False,True,False,False,False,True,False,False,False,False,True,False,True,True,True,Cancel
61,5,160,58,2,2,1,1,True,True,False,False,True,False,False,False,True,False,False,True,False,False,False,False,False,False,False,False,False,True,False,True,True,No-show
28,10,156,83,1,3,1,1,True,False,False,True,False,True,False,True,False,False,True,False,False,True,False,True,False,False,False,False,False,True,False,True,True,Cancel
40,5,119,141,3,3,1,1,True,True,False,False,False,False,True,False,False,False,True,False,False,True,False,False,False,False,False,False,True,True,False,True,True,Cancel
28,0,164,115,1,4,1,1,False,False,False,False,False,False,True,False,True,False,False,False,False,False,False,True,False,False,False,False,True,False,True,True,False,Cancel
35,30,194,90,2,4,1,1,True,True,False,False,False,False,False,True,False,False,True,False,False,False,False,False,True,True,False,False,False,False,True,True,True,Check-in
60,5,209,158,1,2,1,1,False,True,False,False,False,False,False,False,False,False,False,False,False,True,False,True,False,True,True,False,False,False,True,False,True,No-show
37,10,209,103,1,5,1,1,True,False,True,False,False,False,True,False,True,False,True,False,False,False,True,True,False,False,False,False,False,False,True,False,True,No-show
34,0,241,35,1,4,1,1,True,False,True,False,False,False,False,True,False,False,True,False,False,False,True,False,False,False,False,False,False,False,True,True,False,No-show
19,20,236,13,3,5,1,1,False,False,False,False,False,False,False,False,True,False,False,True,False,False,False,False,True,True,False,False,False,False,True,True,True,Cancel
24,10,130,100,1,3,1,1,False,False,False,True,False,False,False,True,False,False,False,True,False,False,True,False,False,False,False,False,False,False,True,True,True,Cancel
59,20,165,14,1,6,1,1,True,True,False,False,True,False,False,False,True,False,False,True,False,True,False,True,False,True,True,False,True,False,True,True,True,Cancel
60,5,223,135,2,7,1,1,False,False,False,True,False,True,False,False,False,False,False,False,True,False,True,False,False,True,False,False,False,False,False,True,True,Check-in
44,0,122,187,2,3,1,1,False,True,False,False,False,False,False,False,False,False,False,False,False,False,False,False,False,False,False,False,False,False,True,True,False,Check-in
36,10,109,2,1,6,1,1,False,False,True,False,False,False,False,False,True,False,True,False,False,False,False,True,False,False,False,False,False,False,True,True,True,Cancel
20,30,195,122,1,4,1,1,False,True,False,False,False,False,False,False,False,True,False,False,False,True,False,False,True,False,False,False,True,True,False,True,True,Cancel
52,5,194,163,2,3,1,1,False,False,False,True,False,True,False,True,False,False,False,False,False,True,False,True,False,True,False,False,False,True,False,True,True,Cancel
32,20,133,169,4,3,1,1,True,True,False,False,False,False,False,False,True,False,False,False,False,False,False,False,True,True,False,False,False,True,False,True,True,No-show
44,0,144,21,2,4,1,1,True,False,True,False,False,False,False,False,True,False,False,True,False,False,True,False,False,False,False,False,False,False,True,True,False,Check-in
64,0,192,190,1,4,1,1,True,False,False,False,False,True,False,False,False,True,False,False,True,True,False,False,False,False,False,False,True,False,True,False,False,Check-in
69,10,235,6,1,4,1,1,True,True,False,False,True,False,False,False,True,False,True,False,False,False,True,False,False,False,False,False,False,False,True,True,True,Check-in
43,20,197,70,2,6,1,1,True,True,False,False,False,False,False,True,False,False,True,False,False,False,True,False,True,True,False,False,False,False,True,True,True,Cancel
43,25,210,67,2,5,1,1,True,False,True,False,False,False,False,False,False,False,False,False,False,True,False,False,False,False,False,False,False,False,True,True,True,Check-in
21,40,157,33,1,4,1,1,False,True,False,False,False,False,False,False,True,False,False,True,False,False,True,False,False,False,False,False,False,False,True,True,True,Cancel
43,0,168,91,1,5,1,1,False,False,False,True,True,False,False,False,False,False,False,True,False,False,True,False,False,False,False,False,False,True,False,True,False,Check-in
56,5,215,197,3,4,1,1,True,False,True,False,False,True,False,True,False,False,False,False,True,False,False,False,True,False,False,False,False,True,False,False,True,No-show
20,25,133,77,1,6,1,1,False,False,False,False,False,False,False,False,True,False,False,False,False,False,False,True,False,True,True,False,False,False,True,True,True,Cancel
58,5,202,76,2,4,1,1,True,False,False,True,False,False,False,False,False,False,False,True,False,True,False,False,True,True,True,False,True,False,True,False,True,No-show
22,0,178,15,1,3,1,1,False,True,False,False,False,False,False,False,False,False,False,True,False,True,False,False,False,False,False,False,True,False,False,True,False,Check-in
31,25,105,184,2,4,1,1,False,False,False,False,False,False,True,False,True,False,False,True,False,False,True,False,False,False,False,False,False,False,False,True,True,Cancel
64,20,243,34,1,5,1,1,True,False,False,False,False,False,False,True,False,False,False,True,False,True,False,True,False,False,False,False,False,True,False,True,True,No-show
23,20,171,185,3,4,1,0,False,False,False,False,False,False,False,False,False,False,False,False,True,False,True,True,False,False,False,False,True,True,False,True,True,Cancel
62,0,155,39,3,4,1,1,False,False,False,False,False,False,True,False,True,False,False,False,True,False,True,True,False,False,False,False,False,False,True,True,False,Cancel
66,20,184,137,1,5,1,1,False,False,True,False,True,False,False,True,False,False,False,False,True,True,False,False,True,True,False,False,True,False,True,False,True,Cancel
39,0,131,216,1,2,1,1,True,False,True,False,False,False,True,False,True,False,True,False,False,False,False,True,False,False,False,True,False,True,False,False,False,No-show
64,0,102,220,1,4,1,1,True,False,False,True,False,False,False,False,True,False,False,False,True,False,True,False,True,False,False,False,True,False,True,False,False,Check-in
27,25,102,102,1,5,1,1,False,True,False,False,False,False,True,True,False,False,False,True,False,False,True,False,True,False,False,False,False,False,True,True,True,Cancel
69,0,198,29,2,3,1,1,False,True,False,False,False,False,False,False,False,False,False,True,False,True,False,False,False,True,True,False,False,False,False,False,False,No-show
62,5,237,104,2,3,1,1,False,False,False,True,False,False,False,True,False,False,False,False,True,False,False,False,True,True,False,False,False,False,True,True,True,Cancel
63,30,178,158,3,3,1,1,True,False,False,False,False,False,False,True,False,False,False,True,False,True,False,True,False,False,False,False,True,False,True,False,True,Cancel
55,10,186,33,2,7,1,1,True,False,False,False,False,False,False,False,False,False,False,True,False,False,True,False,True,False,False,False,False,False,True,True,True,No-show
47,0,229,214,1,4,1,1,True,False,False,True,False,False,True,True,False,False,False,True,False,False,True,False,False,False,False,False,False,False,False,True,False,Check-in
69,0,113,190,1,3,1,1,True,False,False,True,False,False,False,False,True,False,True,False,False,False,True,False,False,False,False,True,False,False,True,True,False,Check-in
69,5,223,27,3,5,1,1,True,False,False,False,False,False,False,False,False,False,False,False,True,False,False,False,True,False,False,False,False,True,False,True,True,Cancel
48,30,153,24,1,4,1,1,True,True,False,False,False,False,False,False,True,False,False,True,False,False,True,False,False,True,True,False,False,False,True,True,True,Check-in
61,10,196,53,3,5,1,1,True,True,False,False,False,False,False,False,False,False,True,False,False,True,False,True,False,False,False,False,True,False,True,True,True,Cancel
28,5,161,1,2,4,1,1,True,False,True,False,False,True,False,True,False,False,False,False,True,True,False,False,False,True,True,False,False,False,True,False,True,Check-in
36,0,213,42,1,6,1,1,True,False,False,False,False,False,False,False,False,True,False,True,False,False,True,False,True,False,False,False,False,False,False,True,False,Check-in
33,25,229,19,1,4,1,1,False,False,False,False,False,False,True,False,False,False,False,True,False,False,True,False,False,False,False,False,False,False,False,True,True,Check-in
64,10,155,138,1,6,1,1,False,False,False,True,False,True,False,False,True,False,True,False,False,False,False,False,False,True,False,False,False,False,True,False,True,Check-in
30,5,236,25,1,2,1,1,True,True,False,False,False,False,False,False,True,False,False,False,True,False,False,False,False,True,True,False,True,False,True,True,True,Check-in
63,10,213,75,1,3,1,1,False,True,False,False,False,False,True,False,True,False,False,False,True,False,False,True,False,True,False,False,False,True,False,True,True,Cancel
67,20,108,22,1,3,1,1,False,False,False,True,True,False,False,False,True,False,False,True,False,False,False,True,False,True,False,False,True,False,True,True,True,Cancel
36,5,187,32,3,6,1,1,True,False,False,False,False,False,True,False,False,False,False,True,False,False,False,True,False,True,False,True,False,False,False,False,True,Check-in
66,30,152,15,3,5,1,1,False,True,False,False,False,False,False,False,False,False,False,False,False,True,False,False,True,True,False,False,False,True,False,False,True,Cancel
24,20,235,187,2,3,1,1,False,False,True,False,False,True,False,False,True,False,False,True,False,False,True,True,False,False,False,False,False,False,True,True,True,Cancel
23,20,223,18,1,3,1,1,True,True,False,False,True,False,False,False,False,False,False,False,False,True,False,False,False,False,False,True,False,False,False,True,True,Cancel
56,0,116,43,3,4,1,1,False,False,True,False,False,False,False,True,False,False,False,False,False,False,True,False,True,False,False,False,True,True,False,False,False,Cancel
29,0,214,185,1,3,1,1,True,False,False,True,False,True,False,False,False,False,False,True,False,True,False,True,False,False,False,False,False,True,False,True,False,No-show
57,0,188,137,1,5,1,1,False,False,False,False,False,False,False,True,False,False,False,False,False,True,False,False,True,False,False,False,False,True,False,False,False,No-show
35,0,226,190,1,7,1,1,False,False,True,False,False,False,False,True,False,False,False,True,False,False,False,False,True,True,False,False,False,True,False,True,False,Cancel
42,0,138,82,1,5,1,0,False,False,False,True,False,True,False,False,True,False,False,True,False,True,False,False,False,True,False,False,False,True,False,True,False,Check-in
39,25,159,11,1,3,1,1,False,True,False,False,False,False,False,True,False,False,False,False,True,True,False,False,False,True,False,False,False,False,True,True,True,Check-in
60,20,170,87,1,2,1,1,True,False,True,False,False,False,False,False,False,False,False,True,False,False,False,True,False,False,False,False,False,True,False,True,True,Cancel
50,20,169,69,1,4,1,1,False,False,False,False,False,True,False,False,True,False,True,False,False,True,False,False,True,False,False,False,False,False,True,False,True,Check-in
23,25,222,83,1,3,1,1,True,False,False,False,False,False,False,False,False,True,False,False,False,False,True,False,True,False,False,False,False,False,False,True,True,Check-in
49,5,103,108,1,4,1,0,True,False,False,True,False,False,False,True,False,False,True,False,False,False,True,True,False,False,False,False,False,False,True,True,True,Cancel
44,10,250,54,3,4,1,1,True,False,False,True,False,True,False,False,False,True,False,True,False,False,False,False,False,True,False,False,True,False,True,False,True,Check-in
58,5,211,76,1,2,1,1,True,False,False,True,False,False,False,False,False,False,False,False,False,True,False,True,False,False,False,False,True,False,True,False,True,Cancel
65,5,155,168,1,5,1,0,True,False,True,False,True,False,False,True,False,False,False,True,False,True,False,False,False,False,False,False,True,False,True,False,True,Cancel
30,25,240,83,1,5,1,1,False,False,False,True,False,False,False,False,False,True,False,False,False,False,False,False,True,False,False,False,True,True,False,True,True,Cancel
67,30,116,80,2,3,1,0,True,False,True,False,False,False,False,False,False,False,False,False,True,True,False,True,False,False,False,False,True,False,False,True,True,Cancel
20,20,224,88,3,6,1,1,False,True,False,False,False,True,False,False,False,True,False,False,True,True,False,True,False,False,False,True,False,False,False,False,True,Cancel
51,0,192,24,4,3,1,1,False,False,False,True,False,True,False,False,True,False,False,False,False,False,True,False,True,False,False,False,False,False,True,True,False,Cancel
43,10,213,114,1,2,1,0,True,True,False,False,False,True,False,False,False,True,False,False,False,False,True,False,False,False,False,False,True,False,True,True,True,Check-in
64,10,161,71,3,4,1,1,False,True,False,False,True,False,False,False,False,False,True,False,False,False,False,False,False,False,False,False,True,False,True,False,True,Cancel
38,40,157,57,4,2,1,1,False,True,False,False,False,False,False,True,False,False,False,True,False,False,True,False,False,True,False,False,False,False,True,True,True,Check-in
40,0,196,16,3,2,1,1,False,False,False,True,False,False,True,False,True,False,False,True,False,False,True,True,False,False,False,False,False,True,False,True,False,Cancel
68,10,182,204,3,6,1,1,False,False,True,False,False,False,False,False,True,False,False,True,False,False,True,False,False,True,False,False,False,False,True,True,True,Cancel
45,0,197,36,1,5,1,1,True,True,False,False,True,False,False,False,True,False,False,False,True,True,False,True,False,True,False,False,False,False,True,False,False,Cancel
29,5,248,171,2,2,1,1,False,False,False,True,False,True,False,False,True,False,False,True,False,True,False,False,False,False,False,False,False,True,False,True,True,Check-in
54,0,194,28,1,4,1,1,False,False,True,False,True,False,False,True,False,False,False,False,False,False,True,False,True,True,False,False,False,False,False,True,False,Cancel
60,10,213,127,1,2,1,1,True,False,False,True,False,False,True,False,True,False,False,True,False,False,False,False,True,False,False,False,False,False,False,True,True,No-show
70,20,156,181,1,4,1,1,True,False,True,False,False,False,False,True,False,False,False,False,True,True,False,False,True,False,False,False,False,False,False,False,True,No-show
37,25,119,77,3,7,1,1,False,False,False,True,False,False,True,False,False,False,False,False,True,True,False,False,False,True,False,False,False,False,True,True,True,Cancel
41,0,116,49,4,6,1,1,False,False,False,True,False,False,True,False,True,False,False,False,False,False,False,False,True,False,False,False,False,False,True,True,False,Cancel
53,10,212,113,2,4,1,1,True,False,False,False,False,True,False,True,False,False,True,False,False,False,True,True,False,False,False,True,False,False,True,True,True,No-show
58,25,195,62,2,4,1,1,True,False,True,False,False,False,True,False,True,False,True,False,False,False,False,False,False,False,False,False,False,False,True,True,True,Check-in
62,5,117,4,2,3,1,1,True,True,False,False,True,False,False,True,False,False,False,True,False,False,False,False,True,True,False,True,False,False,True,True,True,No-show
67,0,104,62,2,3,1,1,False,False,False,True,False,True,False,True,False,False,False,False,False,True,False,False,False,True,False,False,False,False,True,True,False,Check-in
48,0,250,166,2,2,1,0,False,True,False,False,False,False,False,True,False,False,False,True,False,False,False,False,False,False,False,False,False,False,True,False,False,Check-in
44,10,101,117,1,4,1,0,True,True,False,False,False,True,False,False,True,False,False,True,False,False,False,False,True,False,False,False,False,True,False,True,True,Check-in
20,0,222,122,1,4,1,0,True,False,False,False,True,False,False,False,True,False,False,False,True,True,False,False,False,False,False,False,False,False,False,True,False,Check-in
24,30,145,10,1,4,1,0,False,False,False,False,False,True,False,False,True,False,False,False,False,False,True,False,False,False,False,False,False,False,True,True,True,Check-in
63,10,168,166,1,5,1,0,True,False,True,False,False,False,True,True,False,False,False,True,False,False,False,False,True,False,False,False,False,False,True,True,True,No-show
62,10,198,77,1,4,1,0,False,False,False,False,False,False,False,False,True,False,False,True,False,False,False,False,False,True,True,False,False,False,True,True,True,Check-in
41,20,232,214,2,4,1,0,False,False,False,True,True,False,False,False,False,False,False,False,False,False,True,False,True,True,False,False,True,False,False,True,True,Cancel
27,0,111,130,1,5,1,0,False,True,False,False,False,False,False,True,False,False,True,False,False,True,False,True,False,False,False,False,False,True,False,True,False,No-show
65,20,145,127,1,4,1,0,True,True,False,False,False,False,False,True,False,False,True,False,False,True,False,False,False,False,False,False,False,False,True,False,True,Check-in
19,25,188,102,1,4,1,0,False,False,False,False,False,False,False,False,True,False,False,False,False,False,False,False,False,True,False,False,False,False,True,True,True,Check-in
22,5,110,96,4,2,1,0,True,False,False,True,False,True,False,False,False,False,False,False,False,True,False,True,False,True,True,False,False,False,True,True,True,No-show
48,0,250,88,4,3,1,0,False,False,True,False,False,False,False,False,False,False,False,False,False,True,False,True,False,False,False,False,True,False,True,True,False,Cancel
22,25,184,172,2,3,1,0,False,False,False,True,False,False,True,True,False,False,False,False,True,True,False,False,True,True,False,False,False,False,True,False,True,Cancel
63,0,238,29,1,5,1,0,True,True,False,False,False,False,True,False,True,False,False,True,False,False,False,True,False,False,False,False,False,False,False,True,False,Cancel
56,25,146,9,1,5,1,0,False,False,False,True,False,False,False,False,False,False,False,False,False,False,False,False,False,True,False,False,False,False,False,True,True,Check-in
68,25,204,172,1,3,1,0,True,False,False,True,False,True,False,True,False,False,False,False,True,True,False,False,True,True,False,False,True,False,True,False,True,Cancel
54,20,243,112,1,3,1,0,True,True,False,False,True,False,False,True,False,False,False,False,True,False,True,False,False,True,False,False,False,False,False,True,True,Check-in
24,20,250,109,2,6,1,0,False,True,False,False,False,False,False,True,False,False,True,False,False,False,False,False,False,True,True,False,False,False,True,True,True,Check-in
28,40,118,176,1,2,1,0,False,True,False,False,False,False,True,False,False,False,False,False,True,False,False,False,True,False,False,False,True,False,True,True,True,Check-in
66,15,167,176,1,3,1,0,True,False,False,True,False,False,False,True,False,False,True,False,False,True,False,False,False,False,False,False,False,False,True,True,True,Check-in
62,5,152,95,1,4,1,0,False,False,False,False,False,False,True,False,False,False,True,False,False,False,False,False,False,False,False,False,False,False,True,True,True,No-show
45,40,207,207,1,5,1,0,False,True,False,False,False,True,False,True,False,False,True,False,False,False,True,False,True,False,False,True,False,False,True,True,True,No-show
25,0,209,112,3,4,1,0,True,False,False,False,False,False,False,False,False,False,False,False,True,True,False,False,False,True,False,False,True,False,True,True,False,Cancel
54,10,158,55,3,5,1,0,True,False,False,True,True,False,False,False,False,False,False,False,False,False,False,False,True,False,False,False,True,False,True,True,True,Cancel
44,0,216,153,1,3,1,0,False,False,False,True,False,False,False,False,True,False,False,False,False,False,False,False,False,False,False,False,False,False,True,True,False,Check-in
65,0,139,47,2,2,1,0,False,False,False,False,False,False,False,False,True,False,False,False,False,True,False,True,False,True,True,False,True,False,True,True,False,Cancel
54,15,130,205,1,7,1,0,False,False,False,True,False,False,False,False,False,True,True,False,False,False,True,False,True,False,False,False,True,True,False,False,True,Cancel
40,40,187,30,3,3,1,0,True,True,False,False,False,False,False,False,False,True,False,False,False,True,False,False,True,True,False,True,False,False,True,True,True,Cancel
63,10,121,3,1,3,1,0,False,False,True,False,True,False,False,True,False,False,False,False,True,True,False,True,False,False,False,False,False,True,False,True,True,Cancel
61,20,133,155,1,2,1,0,True,False,False,False,False,False,False,False,True,False,False,True,False,False,True,True,False,False,False,False,False,True,False,False,True,No-show
56,20,250,219,1,5,1,0,True,True,False,False,False,True,False,False,False,False,True,False,False,True,False,False,False,True,False,False,False,False,True,False,True,Check-in
43,20,140,126,3,4,2,0,False,False,False,True,False,False,False,True,False,False,False,True,False,False,True,False,False,False,False,False,True,False,True,True,True,Cancel
26,20,233,30,3,5,3,0,False,False,False,False,False,False,True,False,False,False,True,False,False,False,True,False,True,False,False,False,True,True,False,True,True,Cancel
66,0,142,173,2,4,1,0,True,False,False,True,False,False,True,False,False,True,False,False,False,False,True,True,False,False,False,False,False,False,True,True,False,No-show
34,20,170,150,1,2,1,0,False,True,False,False,False,False,False,False,False,True,True,False,False,False,False,False,False,False,False,False,False,False,False,True,True,Check-in
34,0,153,2,2,3,1,0,False,True,False,False,False,False,False,False,False,True,False,False,False,True,False,False,True,True,False,False,False,False,False,True,False,Cancel
39,10,164,137,2,4,1,0,False,False,False,True,False,True,False,True,False,False,False,True,False,False,True,False,False,True,False,False,False,False,True,True,True,Check-in
19,25,247,75,2,4,1,0,True,True,False,False,False,True,False,False,False,False,False,False,False,True,False,False,True,True,False,False,False,False,True,False,True,Check-in
25,40,180,56,1,5,1,0,False,False,False,False,False,False,False,False,True,False,True,False,False,False,False,False,False,False,False,False,True,True,False,True,True,Check-in
23,15,190,110,3,7,2,0,True,False,True,False,False,False,False,True,False,False,True,False,False,False,False,True,False,True,False,False,False,False,False,True,True,Cancel
51,5,169,207,4,8,1,0,True,False,False,False,False,True,False,False,True,False,False,True,False,False,True,True,False,False,False,False,False,False,True,True,True,No-show
23,10,213,90,1,5,1,0,False,False,False,False,False,True,False,False,True,False,False,True,False,True,False,False,False,False,False,False,False,False,True,True,True,Check-in
37,20,246,147,3,3,1,0,False,False,True,False,False,True,False,False,True,False,False,True,False,False,True,False,False,True,False,False,False,False,True,True,True,No-show
54,40,135,68,3,2,1,0,True,False,False,True,False,False,False,False,False,False,False,False,True,False,False,False,False,False,False,False,True,False,True,True,True,Cancel
51,30,155,60,3,5,1,0,True,True,False,False,False,False,True,False,True,False,False,False,True,True,False,True,False,True,False,False,False,True,False,False,True,Cancel
31,15,100,56,1,4,1,0,False,False,True,False,False,False,True,False,False,False,True,False,False,False,True,True,False,False,False,False,False,False,True,True,True,No-show
18,10,150,119,1,5,1,0,True,True,False,False,False,False,False,False,False,False,False,False,True,True,False,False,False,False,False,False,True,False,True,True,True,No-show
37,0,209,112,1,3,1,0,True,False,False,True,False,True,False,False,False,True,False,False,True,True,False,True,False,True,True,False,False,True,False,True,False,Cancel
48,5,242,4,2,3,1,0,False,True,False,False,False,True,False,False,False,True,False,False,True,True,False,False,False,True,True,False,False,False,False,False,True,Check-in
36,20,239,77,1,4,1,0,False,False,True,False,False,False,True,False,False,False,False,False,True,False,False,False,False,True,False,False,False,False,True,False,True,Check-in
55,20,157,29,4,6,1,0,True,False,False,True,True,False,False,False,True,False,True,False,False,False,False,False,False,False,False,False,False,False,False,True,True,Check-in
52,30,115,29,1,7,1,0,True,True,False,False,False,True,False,True,False,False,False,True,False,True,False,False,True,False,False,True,False,False,True,False,True,Check-in
32,30,196,179,1,6,1,0,True,True,False,False,False,True,False,False,False,False,False,False,True,False,True,False,True,True,False,False,False,False,True,True,True,Check-in
42,10,205,123,4,4,1,0,False,False,True,False,False,False,True,False,False,True,False,False,False,True,False,False,False,True,True,False,False,True,False,True,True,Check-in
42,25,217,137,1,7,1,0,False,False,False,False,False,False,False,True,False,False,False,True,False,False,False,False,False,False,False,False,False,False,False,True,True,Check-in
56,30,151,42,1,7,1,0,False,False,False,False,False,False,False,False,False,False,False,True,False,False,True,False,False,True,False,False,False,False,True,True,True,Check-in
63,0,219,148,1,6,1,0,True,False,True,False,False,False,False,False,False,True,False,False,True,False,False,False,True,False,False,False,False,False,True,False,False,Cancel
62,10,109,105,1,6,1,0,True,True,False,False,True,False,False,True,False,False,False,False,True,True,False,True,False,False,False,False,False,False,True,False,True,Cancel
24,10,150,22,4,5,1,0,True,True,False,False,False,False,False,True,False,False,True,False,False,False,True,False,True,False,False,False,False,True,False,True,True,Cancel
49,5,197,107,1,3,1,0,False,False,True,False,False,False,False,False,False,False,True,False,False,False,False,True,False,False,False,False,False,True,False,True,True,Cancel
45,25,148,192,3,2,1,0,False,False,True,False,False,True,False,False,False,True,False,False,True,True,False,True,False,False,False,False,False,False,True,True,True,Cancel
28,20,210,214,1,4,1,0,True,False,True,False,False,True,False,False,False,False,False,False,True,False,True,False,True,False,False,False,False,True,False,True,True,Check-in
28,0,195,213,1,3,1,0,True,False,True,False,True,False,False,False,False,True,True,False,False,False,False,False,True,True,False,False,False,False,True,True,False,No-show
65,5,130,157,2,5,1,0,False,False,False,True,False,False,False,True,False,False,False,False,True,False,False,True,False,False,False,False,True,False,False,True,True,Cancel
49,10,191,49,3,6,1,0,False,False,True,False,True,False,False,False,False,False,False,True,False,True,False,True,False,False,False,False,False,True,False,True,True,Cancel
21,30,238,162,1,4,1,0,False,True,False,False,True,False,False,False,True,False,False,True,False,False,False,True,False,False,False,False,True,False,True,True,True,Cancel
24,30,202,20,3,7,1,0,False,False,True,False,False,False,False,True,False,False,False,True,False,True,False,False,True,False,False,False,True,True,False,False,True,Check-in
50,5,170,41,2,3,1,0,False,False,True,False,False,False,False,False,False,False,False,False,True,True,False,False,True,False,False,True,False,False,True,True,True,Check-in
36,5,243,143,3,3,1,0,True,False,True,False,True,False,False,False,False,True,False,True,False,False,False,False,False,False,False,False,False,True,False,True,True,Check-in
40,5,164,202,1,6,1,0,False,True,False,False,False,False,False,False,False,False,True,False,False,False,True,False,True,True,False,False,True,True,False,True,True,Cancel
48,0,192,82,1,3,1,0,False,False,True,False,False,False,False,True,False,False,True,False,False,False,True,False,True,True,False,False,False,True,False,True,False,Cancel
64,20,222,80,1,4,1,0,True,False,False,False,False,False,False,False,False,False,False,True,False,False,False,False,True,False,False,False,False,False,True,True,True,No-show
37,15,244,16,1,3,1,0,True,False,True,False,True,False,False,False,False,False,False,True,False,True,False,True,False,True,False,False,False,False,True,True,True,Cancel
49,0,239,202,1,2,1,0,False,False,True,False,False,False,False,False,False,True,True,False,False,False,True,True,False,False,False,False,False,False,True,False,False,Check-in
34,10,225,220,2,2,2,0,False,False,True,False,True,False,False,True,False,False,False,False,True,False,False,False,True,False,False,False,False,False,True,True,True,No-show
30,5,166,153,1,5,1,0,False,False,False,True,False,False,False,False,False,True,False,True,False,False,True,False,False,False,False,False,False,False,False,True,True,Check-in
39,0,161,14,1,4,5,0,False,False,False,True,False,False,False,False,False,False,False,False,False,False,True,False,False,True,True,False,True,False,True,False,False,No-show
68,30,228,132,3,5,1,0,True,False,False,False,False,False,True,True,False,False,False,True,False,False,False,False,True,False,False,False,True,False,False,True,True,No-show
31,25,160,105,1,2,1,0,True,False,False,False,False,True,False,False,True,False,True,False,False,False,True,False,False,False,False,False,False,True,False,False,True,Check-in
32,10,147,94,3,3,1,0,False,False,False,False,False,False,True,False,False,False,False,True,False,False,True,True,False,True,True,False,False,True,False,False,True,No-show
70,5,124,57,3,3,1,0,False,False,False,False,False,False,True,False,True,False,False,False,True,True,False,False,True,False,False,False,False,True,False,True,True,Cancel
70,5,155,178,2,4,1,0,False,False,True,False,True,False,False,True,False,False,True,False,False,False,False,False,False,False,False,False,True,False,True,True,True,Cancel
25,10,115,14,1,4,2,0,True,True,False,False,False,False,True,False,True,False,False,False,True,False,False,False,True,False,False,False,False,True,False,False,True,Check-in
29,10,216,133,1,7,2,0,True,False,False,True,True,False,False,False,True,False,False,False,False,False,False,False,True,False,False,False,False,False,True,True,True,No-show
24,10,143,134,1,5,2,0,True,False,False,True,False,False,False,False,False,True,False,False,True,False,False,False,True,True,False,False,False,True,False,False,True,Check-in
56,0,204,35,3,6,2,0,True,True,False,False,False,False,True,False,True,False,False,False,True,False,True,True,False,True,False,False,True,False,True,True,False,Cancel
24,0,242,103,3,3,2,0,True,False,False,False,False,True,False,True,False,False,False,True,False,False,False,False,True,False,False,False,False,False,False,True,False,Check-in
19,25,173,177,1,4,2,0,False,False,False,True,False,False,False,False,False,False,False,False,True,True,False,False,False,False,False,True,False,False,False,True,True,Check-in
53,0,223,88,4,4,2,0,True,False,True,False,True,False,False,False,False,False,False,False,False,False,True,True,False,False,False,False,False,False,False,True,False,Cancel
50,5,172,32,1,6,2,1,False,True,False,False,False,False,True,True,False,False,False,False,False,False,False,False,False,False,False,False,False,False,True,True,True,Cancel
44,30,177,104,3,5,2,0,True,False,True,False,False,False,False,False,False,True,False,False,True,False,False,True,False,False,False,True,False,False,True,True,True,Cancel
55,5,221,71,2,5,2,0,False,False,False,True,True,False,False,True,False,False,False,False,True,False,True,False,False,False,False,False,True,True,False,True,True,Check-in
56,25,106,107,1,3,2,0,False,False,False,False,False,True,False,False,False,False,False,True,False,False,False,True,False,True,False,False,False,False,True,False,True,No-show
44,10,144,16,2,3,2,0,False,False,False,False,False,True,False,False,False,False,False,True,False,False,True,True,False,False,False,True,False,False,True,False,True,Cancel
42,5,127,44,1,4,2,0,False,False,True,False,True,False,False,False,True,False,False,False,False,False,False,False,False,True,True,False,False,True,False,True,True,Check-in
50,20,247,142,1,4,3,0,False,True,False,False,False,False,True,False,True,False,False,False,False,True,False,True,False,True,False,False,True,False,True,True,True,Cancel
59,0,140,25,1,4,2,0,False,False,False,True,False,False,False,False,False,True,True,False,False,False,True,True,False,False,False,False,False,False,True,True,False,Cancel
45,20,124,46,2,5,2,0,False,False,False,True,True,False,False,False,False,False,False,True,False,True,False,True,False,False,False,False,False,False,False,True,True,Cancel
63,40,229,112,2,4,2,0,False,False,False,True,False,False,False,False,True,False,False,False,False,True,False,True,False,True,True,False,True,True,False,True,True,No-show
49,10,209,152,4,3,2,0,True,True,False,False,False,False,False,True,False,False,False,True,False,False,False,False,False,True,False,False,True,False,True,False,True,Cancel
44,0,118,215,4,5,2,0,False,False,True,False,False,False,False,False,False,False,False,True,False,True,False,False,False,False,False,False,True,True,False,True,False,Check-in
70,0,209,92,3,3,2,0,False,False,False,True,False,False,False,True,False,False,False,True,False,False,False,True,False,True,True,False,False,False,False,False,False,Check-in
20,25,148,204,1,5,2,0,True,False,False,False,False,True,False,False,False,False,False,True,False,False,True,False,True,False,False,False,False,False,True,False,True,Check-in
51,0,231,148,1,3,2,0,False,False,False,False,False,False,False,True,False,False,False,False,False,False,True,False,True,False,False,False,False,False,True,False,False,No-show
48,5,215,92,1,3,2,0,True,False,False,False,False,True,False,False,False,False,True,False,False,True,False,True,False,False,False,False,True,False,True,True,True,Check-in
48,20,171,189,1,3,2,0,False,False,False,False,False,True,False,False,False,True,False,True,False,False,False,False,True,False,False,False,False,False,False,True,True,Check-in
21,5,208,51,3,3,2,0,True,False,False,True,False,False,False,False,False,True,False,False,False,False,True,True,False,False,False,False,False,False,True,True,True,Cancel
60,10,174,174,1,4,2,0,False,False,False,True,False,False,True,False,True,False,False,False,True,True,False,False,True,False,False,False,False,False,True,True,True,No-show
55,10,135,69,2,3,2,0,False,False,False,False,False,False,True,False,True,False,False,True,False,False,True,False,True,False,False,False,False,False,True,True,True,No-show
27,0,183,21,4,4,2,0,True,False,True,False,False,True,False,True,False,False,False,True,False,True,False,True,False,True,False,False,True,True,False,True,False,Cancel
59,5,182,177,2,5,2,0,True,False,False,False,True,False,False,True,False,False,False,True,False,True,False,False,True,False,False,True,False,False,False,False,True,Cancel
42,5,215,6,2,7,2,0,False,True,False,False,False,False,True,False,False,False,False,True,False,False,True,True,False,False,False,False,False,False,True,True,True,No-show
39,10,148,103,1,2,2,0,True,False,False,True,False,False,False,False,True,False,False,False,False,False,False,True,False,False,False,True,False,False,True,True,True,Cancel
27,0,186,163,4,5,2,0,False,False,True,False,False,False,True,False,True,False,False,False,False,False,True,False,True,False,False,False,False,True,False,False,False,No-show
50,15,164,25,3,5,2,0,False,False,False,True,False,False,True,True,False,False,False,False,False,False,False,False,True,False,False,False,False,True,False,True,True,Cancel
61,0,109,36,1,4,2,0,False,True,False,False,False,False,False,False,False,False,True,False,False,True,False,False,True,False,False,False,True,False,True,True,False,No-show
35,25,150,126,1,2,2,0,False,False,True,False,True,False,False,True,False,False,False,True,False,True,False,False,True,False,False,False,False,True,False,True,True,No-show
68,5,210,206,2,5,2,0,False,False,False,False,False,False,True,True,False,False,False,False,True,False,False,False,False,False,False,False,True,False,True,False,True,Check-in
42,0,231,169,1,4,2,0,False,False,True,False,False,False,False,False,False,False,False,False,False,False,False,True,False,False,False,False,False,False,False,True,False,Cancel
52,5,242,18,3,4,2,0,True,False,False,False,False,False,True,False,False,True,False,False,False,False,False,False,False,True,True,False,True,True,False,False,True,Check-in
25,0,214,97,2,5,2,0,False,False,False,False,False,False,False,False,True,False,False,False,True,True,False,False,False,False,False,False,False,False,True,True,False,Cancel
47,0,148,180,1,4,2,0,True,False,True,False,True,False,False,False,False,False,True,False,False,True,False,False,False,False,False,False,False,True,False,True,False,Cancel
34,0,165,132,1,6,2,0,True,False,True,False,False,False,False,False,False,False,False,False,False,False,True,True,False,False,False,False,False,True,False,True,False,Cancel
45,10,221,72,1,4,2,0,True,False,True,False,False,True,False,True,False,False,True,False,False,False,True,False,True,False,False,False,False,False,True,True,True,No-show
38,10,245,82,1,6,2,0,True,False,True,False,False,True,False,True,False,False,False,True,False,True,False,False,False,False,False,False,False,True,False,False,True,No-show
43,5,134,104,1,2,3,0,True,True,False,False,False,False,False,False,False,False,True,False,False,True,False,True,False,False,False,False,True,True,False,True,True,Cancel
69,5,231,160,4,5,2,0,False,False,True,False,False,False,False,True,False,False,False,True,False,False,True,True,False,False,False,False,False,False,True,False,True,Check-in
41,20,214,48,1,4,3,0,False,False,False,False,True,False,False,True,False,False,False,True,False,False,True,False,False,False,False,False,False,False,True,True,True,Check-in
70,25,208,92,1,4,3,0,True,True,False,False,False,False,False,False,False,True,False,False,True,True,False,False,False,False,False,False,False,False,True,True,True,Cancel
65,25,237,36,1,5,2,0,False,False,False,False,False,False,True,False,True,False,False,True,False,False,False,False,False,False,False,False,False,True,False,True,True,Check-in
19,20,144,21,1,5,2,0,False,False,False,True,False,False,False,True,False,False,False,False,True,True,False,True,False,True,False,False,False,False,True,True,True,No-show
67,0,142,137,1,4,2,0,False,False,False,False,False,False,False,False,True,False,False,True,False,False,False,False,True,False,False,False,False,False,True,True,False,Cancel
49,5,137,136,3,5,6,0,True,True,False,False,False,False,False,False,True,False,True,False,False,False,True,True,False,True,True,False,False,False,True,True,True,Cancel
57,10,189,64,1,4,2,0,True,False,False,True,False,False,False,False,False,False,False,True,False,False,False,True,False,False,False,False,True,True,False,False,True,Cancel
38,5,167,49,3,7,6,0,False,True,False,False,True,False,False,False,False,True,True,False,False,True,False,False,True,True,False,False,False,False,True,True,True,Cancel
48,25,145,25,1,6,2,0,False,True,False,False,False,True,False,False,False,False,False,True,False,False,True,False,False,False,False,False,False,False,False,False,True,Check-in
70,0,184,56,2,4,2,0,True,False,False,True,False,False,False,True,False,False,False,False,True,True,False,True,False,True,True,False,False,False,True,True,False,Cancel
59,0,121,12,2,4,2,1,True,False,False,True,False,False,False,False,True,False,False,False,True,True,False,False,True,False,False,False,True,True,False,True,False,Cancel
48,0,248,57,1,6,2,0,True,False,True,False,False,False,False,True,False,False,False,False,True,False,False,True,False,False,False,False,False,False,True,False,False,Check-in
45,10,219,117,3,4,2,0,False,False,False,False,False,False,False,False,False,True,False,False,False,True,False,False,True,False,False,False,True,False,True,True,True,Cancel
59,0,224,101,1,4,2,0,True,False,False,True,False,False,False,True,False,False,False,False,False,False,True,False,False,False,False,False,False,False,False,True,False,Check-in
56,0,175,216,1,4,2,0,True,False,False,False,True,False,False,True,False,False,False,True,False,True,False,False,False,True,False,False,False,True,False,True,False,No-show
57,15,150,17,4,3,2,0,False,False,False,False,False,False,False,False,False,False,True,False,False,False,False,False,True,False,False,False,False,False,True,True,True,Cancel
27,15,122,177,1,3,2,0,False,False,True,False,False,False,False,False,False,False,False,True,False,False,True,True,False,False,False,False,True,False,True,False,True,Check-in
70,5,133,38,1,4,2,0,False,False,False,True,False,False,False,True,False,False,False,False,False,False,True,False,False,False,False,False,True,False,True,True,True,Check-in
47,0,159,56,1,3,2,0,True,False,False,True,False,False,True,True,False,False,False,False,True,False,True,True,False,False,False,False,False,False,True,True,False,No-show
50,10,175,155,1,2,2,0,True,False,False,True,False,False,True,False,False,False,False,False,True,True,False,False,True,False,False,False,False,False,False,True,True,No-show
24,25,225,123,3,4,2,0,False,True,False,False,False,True,False,False,False,False,False,True,False,False,False,False,True,True,True,False,True,False,True,True,True,Check-in
18,15,134,124,1,4,6,1,True,True,False,False,True,False,False,False,True,False,False,False,False,False,False,False,True,False,False,False,False,False,False,True,True,Cancel
60,10,107,51,3,3,8,0,True,False,False,True,False,False,False,False,True,False,False,True,False,False,True,False,True,True,True,False,True,False,False,True,True,No-show
36,30,239,147,1,3,2,0,False,True,False,False,True,False,False,True,False,False,False,False,True,True,False,False,False,True,False,False,True,False,True,False,True,Cancel
27,5,195,211,3,6,2,0,True,False,False,True,True,False,False,False,False,True,True,False,False,False,False,False,True,False,False,False,True,False,False,True,True,No-show
31,5,182,219,1,7,2,0,True,False,False,True,False,False,False,True,False,False,True,False,False,False,False,False,False,False,False,False,False,False,True,False,True,Cancel
27,5,249,210,1,4,2,0,False,False,False,False,False,False,False,False,False,False,False,False,True,False,True,False,True,True,False,False,False,False,True,True,True,No-show
21,40,237,214,4,2,2,1,True,False,False,True,False,True,False,False,False,True,False,False,False,False,False,True,False,False,False,False,False,False,True,True,True,No-show
46,15,181,61,1,3,3,0,True,True,False,False,True,False,False,False,True,False,False,False,False,True,False,False,False,True,False,False,False,False,True,True,True,Check-in
48,5,242,137,1,4,2,0,True,False,False,True,False,False,False,False,False,False,False,True,False,True,False,False,False,False,False,False,False,True,False,True,True,Check-in
32,10,110,219,3,3,2,0,True,False,True,False,False,False,True,False,True,False,False,True,False,False,False,False,False,True,True,False,False,False,True,True,True,Check-in
50,5,115,61,1,3,2,0,False,True,False,False,True,False,False,False,False,True,True,False,False,False,True,False,True,False,False,False,False,True,False,True,True,Cancel
23,5,109,205,1,8,2,0,False,False,True,False,False,False,False,True,False,False,False,True,False,False,True,False,True,False,False,False,False,False,True,True,True,No-show
26,30,162,32,1,4,2,0,True,False,True,False,False,False,False,False,False,False,False,False,False,False,True,False,True,False,False,False,True,False,False,False,True,Check-in
50,15,111,170,2,7,2,0,False,True,False,False,True,False,False,False,False,True,False,True,False,False,True,False,False,True,False,False,True,True,False,True,True,Cancel
21,20,171,147,1,4,2,0,True,False,False,False,True,False,False,True,False,False,False,False,False,True,False,True,False,False,False,False,True,False,True,True,True,Cancel
19,15,222,55,1,3,2,0,True,False,False,True,True,False,False,True,False,False,False,False,False,False,False,True,False,False,False,False,False,True,False,False,True,No-show
47,10,108,180,1,7,2,0,True,False,True,False,False,True,False,False,True,False,False,False,False,False,True,False,True,False,False,False,False,True,False,True,True,Cancel
52,0,210,74,1,6,3,0,True,True,False,False,False,False,False,False,False,False,False,False,True,True,False,True,False,False,False,False,False,False,False,True,False,Cancel
63,5,177,131,3,6,5,0,True,False,False,False,False,False,False,True,False,False,True,False,False,True,False,False,False,False,False,False,False,False,False,True,True,Cancel
68,25,203,47,1,6,2,0,False,True,False,False,False,False,True,False,False,False,False,False,False,False,False,True,False,False,False,False,False,True,False,True,True,Cancel
58,10,212,174,3,3,2,0,True,True,False,False,False,False,True,False,False,False,False,True,False,False,False,False,True,True,False,False,False,False,True,True,True,Check-in
48,0,125,63,1,3,2,1,False,False,False,False,False,True,False,False,True,False,False,False,False,False,True,True,False,True,False,False,False,True,False,True,False,Cancel
70,0,235,206,4,5,2,1,True,False,False,False,False,True,False,False,True,False,True,False,False,False,True,True,False,True,False,False,True,False,True,False,False,No-show
33,5,209,208,3,2,2,1,False,False,False,False,False,False,True,False,True,False,True,False,False,True,False,False,True,False,False,True,False,False,False,True,True,Cancel
60,10,134,9,3,5,2,1,True,True,False,False,False,False,False,False,False,False,False,True,False,True,False,False,True,False,False,False,True,False,True,True,True,Cancel
37,40,135,182,1,4,2,1,False,False,False,False,False,False,True,False,False,True,False,True,False,False,True,False,False,True,True,False,False,False,False,True,True,Check-in
70,0,115,175,1,2,2,1,True,False,True,False,False,True,False,False,False,True,False,False,True,False,True,False,True,False,False,False,False,False,True,False,False,Check-in
29,5,145,218,1,4,2,1,True,False,False,False,False,True,False,False,True,False,False,True,False,False,False,False,True,False,False,False,True,False,True,True,True,No-show
42,20,217,49,3,8,2,1,True,False,False,True,False,False,False,False,False,False,False,False,False,False,True,False,False,False,False,False,False,False,False,True,True,No-show
33,25,183,91,1,4,2,1,False,False,False,True,False,True,False,False,False,False,False,True,False,False,False,False,True,False,False,True,False,True,False,True,True,Cancel
52,20,207,61,4,2,2,1,True,False,True,False,False,True,False,True,False,False,True,False,False,True,False,True,False,False,False,False,True,False,True,True,True,Cancel
22,0,199,102,1,4,2,1,True,False,True,False,False,False,False,False,True,False,True,False,False,False,True,False,True,True,True,False,False,False,True,False,False,Check-in
18,10,214,167,3,4,2,1,False,True,False,False,False,False,True,True,False,False,False,True,False,True,False,True,False,False,False,False,False,False,True,True,True,Cancel
30,25,163,0,2,4,2,1,True,False,False,True,False,False,False,True,False,False,False,False,True,True,False,True,False,True,False,False,True,False,True,True,True,Cancel
41,5,207,59,1,6,2,0,True,False,True,False,False,False,False,False,True,False,False,True,False,False,False,False,False,True,True,False,False,False,True,True,True,Cancel
33,15,247,129,2,5,2,1,False,False,False,False,False,False,False,True,False,False,False,True,False,False,False,False,False,False,False,False,False,True,False,False,True,No-show
55,20,214,189,1,3,2,1,True,False,False,False,False,False,False,False,False,False,False,False,False,False,True,False,True,False,False,False,False,False,True,False,True,No-show
43,5,250,4,3,4,3,0,False,False,True,False,False,True,False,False,True,False,True,False,False,False,False,True,False,True,True,False,False,True,False,False,True,Cancel
29,25,169,51,1,5,7,0,True,False,True,False,False,False,True,True,False,False,False,False,False,False,True,False,False,False,False,True,False,True,False,True,True,Cancel
59,0,124,202,1,4,2,1,True,False,False,True,True,False,False,False,False,False,False,False,False,False,False,False,False,False,False,False,False,True,False,True,False,Check-in
53,0,163,12,1,4,2,1,False,True,False,False,False,False,True,False,True,False,False,False,False,False,True,True,False,True,False,False,False,False,True,False,False,Cancel
68,0,186,185,2,3,2,1,False,False,False,False,False,False,False,True,False,False,False,True,False,True,False,False,False,False,False,False,False,False,True,False,False,Check-in
66,0,130,35,1,5,2,1,True,False,True,False,False,False,True,False,True,False,False,True,False,False,True,False,False,False,False,False,True,False,True,True,False,Cancel
61,10,153,204,3,3,2,1,True,False,False,True,False,False,True,False,False,False,False,False,False,False,True,True,False,False,False,False,False,False,True,True,True,No-show
27,5,183,60,2,7,2,1,False,False,True,False,False,False,False,False,False,False,False,False,True,True,False,False,True,True,False,False,True,False,True,True,True,Cancel
28,20,119,186,1,8,2,1,False,False,True,False,False,False,False,True,False,False,True,False,False,True,False,True,False,False,False,True,False,True,False,True,True,Cancel
46,0,110,174,1,2,2,1,True,False,False,True,True,False,False,False,True,False,False,True,False,True,False,True,False,False,False,False,True,False,True,False,False,Cancel
35,10,184,119,1,4,2,1,True,True,False,False,False,False,True,False,False,False,False,True,False,True,False,True,False,False,False,False,False,False,False,True,True,Cancel
18,20,134,72,1,4,2,1,False,True,False,False,False,False,False,False,True,False,False,True,False,True,False,False,True,False,False,False,False,True,False,True,True,No-show
30,10,121,195,1,4,2,1,False,False,False,True,True,False,False,False,False,True,False,False,False,False,True,False,True,False,False,False,False,False,True,True,True,No-show
49,40,101,68,1,2,2,1,False,False,True,False,False,False,False,True,False,False,False,True,False,False,True,False,False,False,False,False,True,False,True,True,True,Check-in
33,20,208,87,3,4,2,1,False,False,False,False,False,False,False,False,False,False,False,False,True,False,False,False,True,False,False,False,False,True,False,False,True,Cancel
65,0,154,28,2,5,2,1,True,False,False,False,False,False,False,False,False,True,True,False,False,False,True,True,False,True,False,False,False,False,True,True,False,Cancel
67,30,237,199,1,6,2,1,False,False,True,False,False,False,False,False,False,False,False,True,False,False,False,False,False,False,False,True,False,False,True,True,True,Check-in
34,0,147,57,3,5,2,1,False,False,False,False,True,False,False,True,False,False,True,False,False,False,False,False,True,False,False,False,False,False,True,True,False,Check-in
42,0,115,28,4,4,2,1,False,False,True,False,False,False,False,False,True,False,True,False,False,False,False,True,False,False,False,False,False,False,False,True,False,Cancel
32,0,250,103,4,7,2,1,True,False,False,True,False,False,False,False,False,False,False,False,False,False,False,False,True,False,False,True,False,False,True,True,False,No-show
18,5,124,152,1,8,2,1,False,False,False,True,False,True,False,False,False,False,False,False,True,False,False,False,False,True,False,False,True,True,False,False,True,No-show
41,0,180,187,4,4,2,1,True,True,False,False,True,False,False,False,False,True,False,False,True,True,False,False,True,False,False,False,False,True,False,False,False,No-show
26,30,177,58,1,3,2,1,False,False,True,False,False,False,True,False,True,False,True,False,False,False,True,False,False,False,False,False,False,False,True,True,True,Cancel
51,0,213,63,1,4,2,1,True,False,False,True,True,False,False,True,False,False,False,True,False,False,True,True,False,False,False,False,False,False,False,True,False,No-show
19,5,168,105,1,3,2,1,False,False,True,False,False,False,False,False,False,False,False,False,True,False,False,True,False,False,False,False,False,True,False,False,True,Cancel
52,10,242,129,3,2,2,1,True,False,False,False,True,False,False,False,False,True,False,False,True,False,True,False,True,False,False,False,False,False,False,True,True,No-show
18,20,236,23,3,5,2,1,False,False,False,True,False,False,True,False,True,False,False,False,True,False,True,False,True,True,False,False,False,False,True,True,True,Check-in
41,5,218,122,1,4,2,1,True,False,False,True,False,True,False,True,False,False,False,False,True,False,True,False,True,False,False,False,False,True,False,True,True,No-show
41,0,204,138,3,6,2,1,False,False,True,False,False,False,False,False,True,False,True,False,False,False,False,False,True,True,False,True,False,True,False,False,False,No-show
61,25,222,78,1,4,2,1,True,False,False,False,True,False,False,True,False,False,True,False,False,True,False,False,False,False,False,False,False,False,False,True,True,Check-in
18,20,234,118,4,3,2,1,True,False,False,True,True,False,False,True,False,False,False,False,True,False,False,False,True,False,False,False,True,True,False,False,True,Cancel
43,5,182,139,2,5,2,1,True,True,False,False,True,False,False,False,False,False,False,False,False,False,True,False,True,False,False,False,False,False,False,True,True,Cancel
33,5,144,121,1,3,2,1,True,False,False,True,True,False,False,True,False,False,False,True,False,False,True,False,False,True,True,False,False,False,False,True,True,Cancel
44,10,119,66,4,2,2,1,True,False,False,True,False,False,False,False,True,False,True,False,False,False,False,False,False,False,False,False,True,False,False,True,True,Check-in
23,0,109,19,1,6,2,1,False,True,False,False,False,False,False,False,True,False,False,True,False,False,False,True,False,False,False,False,False,False,False,True,False,Cancel
45,15,215,16,1,4,2,1,True,False,False,True,False,False,False,True,False,False,False,True,False,False,True,True,False,False,False,False,False,False,True,True,True,No-show
44,0,185,199,1,5,2,1,False,False,False,True,True,False,False,True,False,False,False,False,True,True,False,True,False,True,False,False,False,False,False,True,False,Cancel
23,0,205,153,2,3,2,1,True,False,False,False,False,True,False,False,False,True,False,True,False,False,False,False,False,False,False,False,True,False,True,True,False,Check-in
51,40,125,61,4,4,2,1,False,False,False,False,False,True,False,False,False,False,True,False,False,False,False,True,False,False,False,False,False,False,True,True,True,Cancel
60,0,116,142,1,4,2,1,False,False,False,False,False,False,False,False,True,False,False,True,False,False,True,True,False,False,False,True,False,False,True,True,False,Cancel
37,20,113,7,4,7,2,1,False,True,False,False,False,False,True,False,False,False,True,False,False,True,False,False,True,False,False,False,True,False,True,True,True,Cancel
41,0,157,83,2,5,2,1,False,False,False,True,True,False,False,False,False,True,True,False,False,False,True,True,False,False,False,False,False,True,False,False,False,Cancel
45,25,232,99,1,4,2,1,True,True,False,False,False,True,False,False,True,False,False,False,False,False,True,False,False,False,False,False,False,True,False,True,True,Cancel
69,30,249,141,3,4,2,1,True,False,False,False,False,False,True,False,True,False,False,True,False,False,True,False,True,False,False,False,False,False,True,True,True,No-show
39,10,140,195,2,3,2,1,False,False,False,True,False,False,False,False,False,False,False,True,False,False,False,False,True,False,False,False,False,True,False,False,True,No-show
47,0,136,79,2,3,2,1,False,True,False,False,False,False,False,True,False,False,False,True,False,True,False,False,False,True,False,False,True,False,True,False,False,No-show
48,40,239,49,1,5,2,1,True,False,True,False,False,False,False,True,False,False,False,False,False,False,False,False,True,False,False,False,False,False,True,True,True,No-show
60,0,230,214,1,3,2,1,True,False,False,False,False,False,False,True,False,False,False,True,False,False,False,True,False,False,False,False,False,False,True,True,False,Cancel
55,10,205,35,1,2,2,1,False,False,False,False,False,False,True,False,True,False,True,False,False,False,True,True,False,False,False,False,False,False,True,True,True,Cancel
18,20,164,207,1,5,2,1,False,True,False,False,False,False,False,True,False,False,False,True,False,False,False,False,True,False,False,False,False,False,True,True,True,Cancel
50,20,222,94,4,3,2,1,True,False,True,False,False,False,False,False,False,False,False,False,True,True,False,False,False,True,False,False,True,True,False,True,True,No-show
37,0,212,123,2,6,2,1,True,False,False,True,True,False,False,True,False,False,False,False,False,False,True,True,False,True,False,False,True,False,True,True,False,Cancel
24,20,231,92,3,4,2,1,True,True,False,False,True,False,False,False,True,False,False,True,False,False,True,False,False,False,False,False,False,True,False,True,True,No-show
59,10,154,83,2,6,2,1,True,True,False,False,False,True,False,False,False,False,False,False,True,False,False,False,False,True,False,False,False,True,False,True,True,Cancel
25,40,210,188,1,3,2,1,False,True,False,False,False,False,True,False,True,False,False,False,False,False,False,True,False,True,False,False,False,False,True,True,True,Cancel
67,25,231,157,1,2,2,1,False,False,False,True,False,False,False,False,False,False,False,False,False,False,True,False,False,False,False,False,False,False,False,True,True,Check-in
26,20,234,143,1,7,2,0,False,False,False,False,True,False,False,True,False,False,False,True,False,False,True,False,False,False,False,False,True,False,True,True,True,Check-in
48,20,138,42,2,6,2,0,True,False,False,True,False,False,False,False,True,False,False,True,False,False,False,False,True,False,False,False,False,True,False,True,True,No-show
63,20,129,77,1,4,2,0,False,True,False,False,False,False,False,False,False,True,False,False,False,False,False,False,True,False,False,False,False,False,True,False,True,Check-in
20,0,206,84,3,3,2,0,False,False,False,True,False,False,True,False,False,False,False,True,False,True,False,False,False,True,False,False,True,False,True,False,False,Cancel
25,10,126,41,1,3,2,0,False,True,False,False,False,False,False,False,False,True,False,True,False,False,True,False,False,True,False,True,False,False,True,True,True,No-show
65,0,183,31,4,4,2,0,False,False,False,False,True,False,False,False,False,False,False,False,False,False,True,False,False,False,False,False,False,False,True,False,False,Check-in
54,10,132,41,1,4,2,0,False,False,False,False,False,True,False,True,False,False,True,False,False,True,False,True,False,False,False,False,True,True,False,True,True,Cancel
28,5,133,185,2,5,2,0,False,False,False,False,False,True,False,False,True,False,False,False,True,True,False,False,True,False,False,False,False,True,False,True,True,Check-in
61,25,210,193,4,4,2,0,False,False,False,True,False,False,True,False,True,False,False,False,True,False,False,True,False,False,False,True,False,True,False,True,True,Cancel
64,0,212,36,1,7,2,0,False,False,False,True,False,False,False,True,False,False,False,False,True,True,False,True,False,True,False,False,False,False,True,True,False,Cancel
41,15,190,198,1,3,2,0,True,True,False,False,False,True,False,True,False,False,False,False,False,False,True,False,False,False,False,False,False,False,True,True,True,Check-in
50,30,184,186,3,3,2,0,False,False,False,True,False,True,False,False,False,True,False,False,False,True,False,False,True,False,False,False,False,False,False,True,True,No-show
57,10,200,170,3,3,2,0,False,False,False,True,False,True,False,False,False,False,True,False,False,False,False,False,False,False,False,True,False,False,False,True,True,No-show
20,20,196,124,3,5,2,0,True,False,False,False,False,False,False,True,False,False,False,False,False,True,False,True,False,False,False,True,False,False,True,False,True,No-show
58,25,140,7,1,4,2,0,False,False,True,False,False,True,False,False,False,False,False,True,False,True,False,False,True,False,False,False,False,False,False,True,True,Cancel
31,40,209,159,1,5,2,0,False,False,False,True,False,False,True,False,False,False,True,False,False,True,False,True,False,True,False,False,False,False,False,True,True,No-show
56,15,227,134,1,3,2,0,True,False,False,True,False,True,False,False,False,True,False,False,True,False,True,False,False,False,False,False,False,False,True,True,True,Check-in
60,15,236,12,2,4,2,0,False,True,False,False,False,False,False,True,False,False,False,False,True,True,False,False,False,True,True,False,False,False,True,True,True,Check-in
61,20,216,60,2,4,2,0,False,False,True,False,False,False,True,False,False,True,False,False,True,False,True,False,False,False,False,False,True,True,False,True,True,Cancel
65,15,124,52,2,3,2,0,False,True,False,False,True,False,False,False,False,False,False,True,False,True,False,False,False,False,False,False,False,False,True,False,True,Cancel
62,20,181,127,1,5,2,0,True,False,False,False,False,False,False,False,True,False,False,False,True,False,False,False,False,False,False,False,False,False,True,True,True,Check-in
67,30,238,128,2,6,2,0,False,False,True,False,False,False,False,True,False,False,False,False,True,False,True,False,False,True,True,False,False,False,True,True,True,Check-in
40,0,184,41,1,2,2,0,True,True,False,False,False,False,False,False,False,False,False,False,False,False,True,False,False,False,False,False,True,False,True,True,False,Check-in
65,0,188,19,3,5,2,0,False,False,True,False,True,False,False,False,True,False,False,True,False,False,True,False,False,False,False,False,False,False,True,True,False,Check-in
60,25,167,178,1,3,2,0,False,False,False,True,False,True,False,False,False,True,False,True,False,False,False,False,True,False,False,False,False,False,True,False,True,No-show
55,20,136,207,3,4,2,0,False,False,True,False,False,False,False,False,False,False,False,False,True,False,False,False,False,False,False,False,False,False,False,True,True,Check-in
28,40,193,70,3,4,2,0,False,False,False,False,True,False,False,False,False,True,False,False,True,False,True,False,False,True,False,False,True,True,False,False,True,Cancel
19,10,128,133,4,4,2,0,True,True,False,False,False,False,False,False,True,False,False,True,False,False,True,False,False,False,False,False,False,False,True,True,True,Check-in
63,0,112,53,1,3,2,0,True,False,False,False,False,True,False,False,True,False,False,True,False,False,False,False,True,True,False,False,False,False,True,True,False,Check-in
21,25,195,47,1,8,2,0,True,False,False,True,True,False,False,True,False,False,False,True,False,True,False,False,False,True,False,False,False,False,True,True,True,Check-in
24,15,186,61,1,5,2,0,False,False,False,True,True,False,False,False,False,True,False,False,True,False,False,True,False,False,False,False,False,False,False,False,True,No-show
48,15,140,205,3,4,2,0,False,False,False,False,False,False,False,False,False,False,False,False,False,False,False,True,False,False,False,True,False,False,True,False,True,Cancel
63,5,179,71,1,4,2,0,True,True,False,False,False,False,True,False,False,False,False,True,False,False,False,True,False,False,False,False,False,False,False,True,True,Cancel
65,40,148,173,2,4,2,0,False,False,False,False,False,False,False,False,False,False,False,False,True,True,False,False,True,False,False,False,False,False,True,True,True,Cancel
27,10,147,117,2,7,2,0,False,False,False,False,False,False,False,False,False,True,False,True,False,False,False,False,False,True,False,False,False,True,False,True,True,Check-in
47,20,207,190,2,5,2,0,False,False,False,False,False,True,False,False,True,False,False,True,False,False,False,False,True,False,False,False,False,False,False,True,True,Check-in
35,25,188,35,1,6,2,0,False,False,False,True,True,False,False,True,False,False,False,True,False,False,False,False,False,True,False,False,False,False,True,True,True,Check-in
22,0,106,88,2,5,2,0,True,False,False,True,False,False,True,True,False,False,True,False,False,False,False,True,False,True,True,False,False,False,True,True,False,No-show
32,0,187,96,2,7,2,0,True,False,False,False,False,False,True,True,False,False,False,False,False,False,True,False,True,True,True,True,False,True,False,True,False,Check-in
32,10,156,185,2,4,2,0,False,True,False,False,True,False,False,False,True,False,True,False,False,True,False,True,False,False,False,True,False,True,False,True,True,No-show
39,15,126,88,4,5,2,0,False,False,False,True,False,False,True,False,False,True,False,True,False,True,False,True,False,True,True,True,False,False,True,True,True,No-show
18,0,126,206,2,5,2,0,False,True,False,False,False,False,False,False,False,False,False,False,True,True,False,False,True,True,False,True,False,False,True,True,False,No-show
62,40,206,35,1,3,2,0,False,True,False,False,False,False,True,False,True,False,False,False,True,False,True,False,True,False,False,False,True,True,False,True,True,Cancel
46,5,242,141,4,2,2,0,True,False,False,True,True,False,False,False,False,False,False,True,False,True,False,True,False,False,False,False,False,False,False,True,True,No-show
19,5,164,66,2,4,2,0,True,False,False,True,False,False,True,True,False,False,False,False,False,False,True,False,False,False,False,False,True,False,True,True,True,No-show
24,10,145,156,3,3,2,0,False,True,False,False,False,False,False,True,False,False,False,True,False,False,True,True,False,True,False,True,False,False,True,True,True,No-show
70,20,134,141,1,2,2,0,False,False,True,False,False,False,False,True,False,False,True,False,False,False,True,False,False,False,False,False,False,False,True,True,True,Check-in
22,15,176,14,2,5,2,0,True,False,False,True,False,False,False,False,True,False,False,True,False,False,True,False,True,False,False,False,False,False,True,False,True,Cancel
22,10,100,49,1,2,2,0,True,True,False,False,False,True,False,False,False,True,False,True,False,False,True,False,False,True,False,False,True,False,False,False,True,Check-in
66,0,234,44,1,4,2,0,True,False,False,True,False,False,True,True,False,False,False,False,True,False,False,False,False,False,False,False,False,False,True,True,False,Check-in
33,10,142,121,3,6,2,0,False,False,False,False,False,False,False,False,False,False,False,False,True,True,False,False,False,False,False,False,False,False,False,True,True,Cancel
20,10,238,0,1,3,2,0,True,False,False,True,True,False,False,False,False,False,False,True,False,False,False,True,False,False,False,False,False,False,False,True,True,Cancel
29,0,133,18,1,7,2,0,True,False,False,False,True,False,False,False,True,False,False,False,True,False,False,False,False,True,False,True,False,False,True,True,False,No-show
28,0,202,66,1,4,2,0,True,False,False,False,False,True,False,False,False,True,False,True,False,True,False,True,False,False,False,False,False,False,True,True,False,Cancel
62,10,111,5,1,5,2,0,True,False,False,True,False,False,False,True,False,False,False,True,False,True,False,False,False,True,False,False,False,True,False,True,True,Check-in
61,0,149,8,1,2,2,0,True,True,False,False,False,True,False,False,False,True,False,True,False,False,True,False,True,False,False,False,False,True,False,True,False,Check-in
63,10,137,182,1,7,2,0,False,False,False,False,True,False,False,False,False,False,False,False,True,True,False,True,False,False,False,False,False,False,True,True,True,Cancel
70,0,166,67,1,5,2,0,True,False,True,False,True,False,False,False,False,True,False,False,False,False,False,False,False,False,False,False,False,False,True,True,False,Cancel
54,10,195,93,1,5,2,0,True,False,False,False,False,True,False,False,False,True,False,False,True,True,False,False,False,True,False,False,False,True,False,True,True,No-show
39,0,100,185,2,7,2,0,False,False,False,True,False,True,False,False,True,False,True,False,False,False,False,False,True,False,False,False,True,True,False,True,False,Check-in
40,20,154,21,3,5,2,0,True,True,False,False,False,False,False,False,False,False,True,False,False,False,True,False,False,False,False,True,False,False,True,True,True,No-show
34,25,237,59,1,3,2,0,True,True,False,False,False,False,False,False,False,False,False,False,True,True,False,False,False,False,False,False,True,True,False,False,True,Cancel
47,25,175,59,1,4,2,0,True,False,False,True,False,False,False,False,False,False,False,False,True,False,False,False,True,False,False,False,False,True,False,True,True,No-show
33,30,170,186,1,3,2,0,True,False,False,False,False,False,True,False,True,False,False,True,False,False,False,True,False,False,False,False,True,False,True,True,True,No-show
49,15,116,11,2,3,2,0,True,False,True,False,False,True,False,False,True,False,False,True,False,True,False,False,True,False,False,False,False,False,True,False,True,Cancel
55,0,115,65,1,4,2,0,False,False,False,False,True,False,False,False,False,False,True,False,False,False,False,True,False,False,False,False,False,False,True,False,False,Cancel
28,20,191,93,1,3,2,0,True,False,False,True,False,False,True,False,True,False,False,True,False,False,True,False,True,False,False,False,False,False,True,False,True,Check-in
28,20,176,144,1,4,2,0,False,False,True,False,True,False,False,False,False,True,False,False,False,False,False,False,True,False,False,False,True,False,True,True,True,Cancel
64,0,143,94,1,2,2,0,True,False,False,False,False,False,True,False,False,False,True,False,False,True,False,False,False,True,False,False,False,False,False,False,False,Check-in
67,25,193,13,1,3,2,0,False,True,False,False,False,False,True,False,False,False,False,True,False,False,True,True,False,True,False,False,False,False,True,True,True,No-show
52,0,138,93,3,5,2,0,False,True,False,False,True,False,False,False,True,False,False,False,False,True,False,False,True,True,False,False,False,True,False,True,False,Cancel
45,25,115,134,2,3,2,0,False,False,True,False,False,False,False,False,True,False,True,False,False,True,False,False,True,False,False,True,False,False,True,True,True,Cancel
34,10,122,86,1,5,2,0,False,False,True,False,False,True,False,False,False,False,False,True,False,False,True,False,False,False,False,False,True,False,True,False,True,Check-in
55,10,183,16,1,2,2,0,False,True,False,False,False,False,False,False,True,False,False,True,False,False,True,True,False,False,False,False,True,True,False,True,True,Cancel
22,0,214,47,1,4,2,0,False,True,False,False,False,False,False,False,True,False,False,False,False,True,False,True,False,True,True,False,False,True,False,True,False,No-show
63,0,235,60,1,4,2,0,False,False,False,True,False,True,False,True,False,False,False,False,True,False,False,False,True,True,True,False,True,False,True,True,False,Check-in
51,0,209,149,3,5,2,0,False,False,False,True,False,True,False,False,True,False,False,False,False,True,False,True,False,False,False,False,True,False,True,False,False,Cancel
24,0,141,60,1,3,2,0,True,True,False,False,False,True,False,False,False,False,True,False,False,True,False,False,True,False,False,False,False,False,True,True,False,No-show
66,20,220,93,1,3,2,0,False,False,False,True,False,True,False,False,False,False,False,True,False,False,False,False,False,False,False,False,False,False,True,True,True,Check-in
53,10,178,73,1,5,2,0,True,False,True,False,True,False,False,True,False,False,True,False,False,False,True,False,False,False,False,False,False,True,False,False,True,Cancel
29,20,116,26,3,5,2,0,True,False,False,False,False,False,False,False,False,False,False,False,False,False,True,True,False,False,False,False,False,False,True,True,True,Cancel
44,10,223,11,1,3,2,0,True,False,False,True,False,False,False,False,True,False,True,False,False,False,True,False,True,False,False,False,False,True,False,False,True,No-show
54,0,151,197,1,3,2,0,True,False,False,True,True,False,False,False,True,False,False,False,False,True,False,False,True,False,False,False,True,True,False,False,False,No-show
59,5,164,34,3,5,2,0,True,False,False,True,True,False,False,False,True,False,False,False,False,False,True,True,False,True,True,False,False,True,False,True,True,No-show
68,0,124,85,4,3,2,0,True,True,False,False,False,False,False,False,False,False,False,False,True,False,True,False,False,True,False,False,False,False,True,True,False,No-show
51,30,148,130,3,4,2,0,False,True,False,False,True,False,False,True,False,False,True,False,False,False,True,True,False,True,False,False,True,False,True,True,True,Cancel
61,5,215,154,2,7,2,0,True,False,False,True,False,False,True,True,False,False,True,False,False,True,False,True,False,False,False,False,True,False,True,False,True,Cancel
30,0,186,15,1,5,2,0,True,True,False,False,False,False,False,False,False,False,False,True,False,True,False,False,True,False,False,False,False,False,False,True,False,No-show
60,10,211,128,3,6,2,0,True,False,False,True,False,False,False,True,False,False,False,False,False,True,False,False,True,False,False,False,False,True,False,True,True,No-show
25,0,190,185,2,5,2,0,False,True,False,False,False,False,False,True,False,False,False,True,False,True,False,False,False,False,False,False,False,False,True,True,False,No-show
19,0,228,220,1,2,2,0,True,False,False,False,False,False,True,False,False,False,False,True,False,False,False,False,False,False,False,False,False,False,True,True,False,Check-in
62,5,173,108,4,6,2,0,True,False,False,False,False,True,False,False,True,False,False,True,False,False,True,False,True,False,False,False,True,True,False,True,True,No-show
36,20,173,199,1,4,2,0,True,False,False,True,True,False,False,False,False,True,False,True,False,True,False,False,False,True,True,False,False,False,True,True,True,Check-in
19,10,238,49,1,3,2,0,True,False,False,True,True,False,False,True,False,False,False,True,False,False,True,False,False,True,True,False,False,True,False,True,True,Cancel
40,15,192,168,3,3,2,0,True,True,False,False,True,False,False,False,False,False,False,False,True,False,False,True,False,False,False,False,False,True,False,True,True,Cancel
51,15,150,138,2,3,2,0,False,True,False,False,False,False,False,False,True,False,False,False,False,True,False,False,True,False,False,False,False,True,False,True,True,Cancel
32,30,111,125,2,3,2,0,True,False,True,False,False,True,False,True,False,False,False,True,False,False,False,False,True,True,False,False,False,True,False,False,True,Cancel
50,40,152,37,1,3,2,0,True,False,False,True,False,False,False,True,False,False,False,True,False,False,False,False,False,True,False,False,True,True,False,True,True,Check-in
57,15,129,77,1,4,2,0,True,True,False,False,False,False,False,False,False,True,False,False,True,False,True,False,False,True,False,True,False,False,True,True,True,Check-in
35,40,181,149,1,4,2,0,True,False,False,False,False,False,False,True,False,False,False,True,False,False,False,False,True,False,False,False,False,False,True,False,True,No-show
60,10,117,43,1,3,2,0,True,False,False,True,False,False,False,False,True,False,False,False,False,False,False,False,True,False,False,False,False,False,False,True,True,No-show
23,40,201,56,2,4,2,0,True,True,False,False,False,True,False,False,True,False,False,False,True,True,False,False,False,False,False,False,False,True,False,False,True,Check-in
18,5,228,209,2,4,2,0,False,False,False,False,True,False,False,True,False,False,False,True,False,False,False,True,False,False,False,False,False,False,True,True,True,Cancel
22,5,222,62,2,4,2,0,True,False,True,False,False,False,False,False,True,False,True,False,False,False,True,False,True,False,False,False,False,False,False,True,True,No-show
42,10,195,102,1,5,2,0,False,False,True,False,False,False,False,True,False,False,False,True,False,False,False,False,False,False,False,True,False,False,True,False,True,Cancel
39,10,122,60,3,4,2,0,True,False,False,False,True,False,False,False,True,False,False,True,False,True,False,False,True,False,False,False,False,False,True,True,True,No-show
45,25,246,55,4,3,2,0,False,False,True,False,False,False,False,False,False,False,False,False,False,True,False,True,False,False,False,False,True,False,True,True,True,Check-in
57,20,107,23,1,5,2,0,False,False,False,True,False,False,True,True,False,False,True,False,False,False,False,False,False,True,False,False,True,False,True,True,True,No-show
23,0,208,130,1,5,2,0,True,True,False,False,False,False,True,False,False,False,False,True,False,True,False,False,True,False,False,False,False,False,True,True,False,Check-in
22,20,204,5,1,4,2,0,True,False,True,False,True,False,False,False,True,False,False,True,False,False,True,False,False,False,False,False,False,False,True,True,True,No-show
63,5,175,147,1,5,2,0,True,False,True,False,True,False,False,False,True,False,False,False,True,False,True,False,False,True,False,True,False,False,True,False,True,Check-in
20,20,136,181,1,4,2,0,False,False,True,False,False,True,False,False,True,False,False,True,False,True,False,True,False,False,False,True,False,False,True,True,True,Cancel
60,30,199,4,1,4,2,0,True,False,True,False,False,False,False,False,False,False,False,True,False,True,False,True,False,True,False,False,False,False,True,False,True,Cancel
36,0,153,215,1,4,2,0,False,False,False,False,False,False,False,True,False,False,False,True,False,True,False,False,True,False,False,False,True,True,False,True,False,No-show
31,0,150,102,1,3,2,0,True,False,False,True,True,False,False,True,False,False,True,False,False,False,True,True,False,False,False,False,False,False,True,True,False,Cancel
26,10,221,32,1,5,2,0,False,False,True,False,False,False,False,False,False,False,False,False,True,True,False,True,False,True,False,False,False,False,True,False,True,Cancel
64,0,113,169,1,5,2,0,False,False,True,False,False,False,False,False,False,False,False,False,False,False,False,False,False,True,False,True,False,False,True,False,False,Check-in
46,5,200,117,2,4,2,0,False,True,False,False,False,False,False,True,False,False,False,False,False,False,False,False,True,False,False,False,False,False,True,True,True,Cancel
39,0,201,112,1,4,2,0,False,True,False,False,False,False,False,False,False,False,True,False,False,False,True,True,False,False,False,False,False,True,False,True,False,No-show
63,10,152,173,2,5,2,0,False,True,False,False,False,False,True,False,False,True,False,False,False,True,False,True,False,True,False,False,False,True,False,True,True,Cancel
38,20,133,166,3,5,2,0,True,True,False,False,True,False,False,False,True,False,False,False,False,True,False,False,False,True,False,False,True,True,False,True,True,Cancel
30,10,237,198,3,6,2,0,True,False,False,False,False,False,False,False,False,False,False,False,True,False,False,True,False,False,False,False,True,False,False,True,True,Cancel
33,0,182,82,3,3,2,0,False,False,False,True,False,True,False,False,False,True,False,True,False,False,False,True,False,False,False,False,False,False,True,True,False,Cancel
30,10,189,68,2,5,2,0,True,True,False,False,True,False,False,True,False,False,False,True,False,False,False,False,True,False,False,False,False,False,True,True,True,Cancel
38,15,193,62,3,3,2,0,False,False,True,False,True,False,False,False,False,True,False,True,False,False,True,False,False,True,True,False,True,False,True,True,True,Cancel
70,5,180,88,1,2,5,0,False,False,False,False,False,False,False,False,False,False,True,False,False,True,False,False,True,True,False,False,False,True,False,True,True,No-show
32,0,173,184,1,7,2,0,False,False,False,True,True,False,False,False,False,False,True,False,False,False,True,True,False,False,False,False,False,True,False,True,False,No-show
39,25,194,195,1,4,2,0,False,False,False,True,True,False,False,True,False,False,False,True,False,True,False,True,False,False,False,False,False,False,False,True,True,Cancel
57,25,116,156,2,6,2,0,True,False,False,False,False,False,False,False,False,False,False,False,True,False,True,False,False,True,True,False,True,False,True,True,True,Cancel
67,20,211,154,2,6,2,0,True,False,True,False,False,False,True,False,False,False,False,True,False,False,True,True,False,False,False,False,True,False,True,True,True,No-show
35,25,245,38,2,5,2,0,True,False,False,False,False,False,True,True,False,False,False,False,False,False,False,False,False,True,False,False,False,False,True,True,True,No-show
57,20,178,67,1,4,2,1,False,True,False,False,False,True,False,False,False,False,False,True,False,True,False,False,True,False,False,False,False,False,True,True,True,No-show
48,0,100,37,3,3,2,0,False,False,False,False,False,False,True,False,True,False,False,True,False,True,False,True,False,False,False,False,False,False,True,True,False,Cancel
33,10,107,27,3,5,2,1,False,True,False,False,False,False,False,False,False,False,False,False,False,False,False,False,True,True,True,False,False,False,True,True,True,Cancel
50,5,181,146,1,6,2,0,True,False,False,True,False,False,False,True,False,False,False,False,True,False,False,False,False,False,False,False,True,False,True,True,True,Check-in
44,15,136,56,1,6,2,0,False,True,False,False,False,False,True,True,False,False,False,True,False,False,False,False,True,True,True,True,False,False,True,True,True,Check-in
32,20,162,30,1,4,2,0,True,False,False,False,False,False,False,True,False,False,False,False,True,False,True,True,False,False,False,False,False,False,False,False,True,No-show
58,5,170,59,4,7,2,0,False,False,False,False,False,False,True,True,False,False,False,True,False,True,False,False,False,False,False,False,False,False,True,True,True,Cancel
48,40,106,195,1,3,2,1,False,False,False,True,True,False,False,False,True,False,False,True,False,True,False,False,True,False,False,False,True,True,False,False,True,Cancel
64,5,161,22,1,6,2,0,False,False,True,False,False,False,False,False,True,False,False,False,False,True,False,True,False,True,False,False,False,False,True,True,True,Cancel
33,0,180,12,2,5,3,0,False,False,False,False,False,False,False,False,False,False,False,False,False,False,False,False,True,True,False,False,True,True,False,False,False,Check-in
31,0,121,214,2,5,2,0,False,False,True,False,False,True,False,False,False,False,False,True,False,False,False,False,False,False,False,False,False,False,True,True,False,Check-in
59,10,175,94,3,5,2,0,True,False,False,False,False,False,True,False,True,False,False,True,False,False,False,False,False,True,True,False,True,False,True,True,True,No-show
21,25,245,25,1,3,2,0,False,True,False,False,False,False,False,False,True,False,False,True,False,False,True,False,True,True,False,False,False,False,True,True,True,Cancel
52,10,202,142,1,7,2,0,True,False,True,False,False,False,False,False,False,True,False,False,True,False,True,False,True,False,False,False,True,False,True,False,True,Check-in
68,25,235,90,3,4,2,0,False,False,False,True,False,False,True,True,False,False,False,True,False,True,False,False,True,False,False,False,True,False,False,False,True,Check-in
48,15,237,118,4,4,2,0,False,False,False,False,False,True,False,False,False,False,False,False,False,False,True,False,False,True,False,False,False,False,True,False,True,Check-in
42,0,174,208,1,2,2,0,True,False,False,True,False,False,True,False,False,True,False,False,True,True,False,False,False,True,True,False,False,False,True,True,False,Check-in
29,10,176,97,3,4,2,0,True,False,True,False,False,True,False,False,False,False,True,False,False,True,False,False,False,False,False,False,True,True,False,True,True,Check-in
70,10,224,36,1,3,2,0,True,True,False,False,False,False,True,True,False,False,False,False,False,False,True,True,False,True,True,False,False,False,True,True,True,Cancel
42,30,169,62,1,6,2,1,True,False,False,False,True,False,False,True,False,False,False,False,True,False,False,True,False,False,False,False,False,True,False,True,True,No-show
66,30,212,57,4,6,2,0,True,False,True,False,False,False,True,True,False,False,False,True,False,True,False,False,True,False,False,False,True,False,True,False,True,Cancel
47,5,202,27,1,3,2,1,True,False,False,False,True,False,False,True,False,False,False,False,False,True,False,False,True,False,False,False,False,False,True,True,True,No-show
21,0,116,150,1,3,2,1,False,True,False,False,True,False,False,True,False,False,False,True,False,False,True,True,False,True,False,False,False,False,False,True,False,No-show
51,5,163,1,3,3,2,1,True,False,True,False,False,False,True,True,False,False,False,True,False,False,True,False,True,False,False,False,False,False,True,True,True,Check-in
64,20,132,29,1,2,2,1,True,False,False,True,False,True,False,True,False,False,False,True,False,False,False,False,True,False,False,False,True,True,False,False,True,Cancel
52,20,219,158,1,7,2,1,False,False,False,False,False,False,True,False,True,False,False,False,False,False,True,False,False,False,False,False,True,False,False,True,True,Cancel
39,25,242,105,1,2,2,1,False,False,False,False,True,False,False,False,False,False,True,False,False,False,True,False,False,True,False,False,False,False,True,True,True,Check-in
38,0,247,189,1,3,2,1,False,False,False,False,False,False,True,False,True,False,False,False,False,False,False,True,False,False,False,False,False,False,False,True,False,Cancel
20,40,245,0,1,8,2,1,False,False,False,True,False,False,False,False,False,False,False,True,False,True,False,True,False,False,False,False,False,False,True,True,True,Check-in
35,5,158,54,1,2,2,1,True,False,False,False,False,True,False,True,False,False,False,True,False,True,False,False,True,False,False,False,False,False,True,False,True,No-show
56,20,108,23,1,3,2,1,False,False,False,False,False,False,True,False,False,False,True,False,False,True,False,False,False,False,False,False,False,False,True,False,True,No-show
24,30,223,161,1,4,2,1,False,True,False,False,False,False,False,False,True,False,False,False,True,True,False,False,True,False,False,True,False,True,False,False,True,Cancel
53,20,186,190,3,5,2,1,False,False,False,True,False,False,False,False,True,False,True,False,False,True,False,True,False,False,False,False,False,False,True,False,True,Cancel
63,0,146,163,2,4,2,1,True,False,True,False,True,False,False,False,False,True,False,True,False,False,True,True,False,True,False,False,True,False,False,True,False,Cancel
65,25,247,208,1,3,2,1,True,True,False,False,True,False,False,False,True,False,False,True,False,False,True,False,False,False,False,False,True,False,False,True,True,Check-in
57,5,150,66,2,6,2,1,True,False,True,False,False,True,False,False,False,False,False,True,False,False,False,False,False,False,False,False,True,True,False,True,True,Check-in
52,0,153,66,4,4,2,1,True,False,True,False,False,False,True,True,False,False,False,True,False,False,False,False,False,False,False,False,True,False,True,False,False,Check-in
51,40,247,54,2,7,2,1,True,True,False,False,True,False,False,False,True,False,True,False,False,True,False,True,False,True,False,False,False,False,True,True,True,Cancel
40,10,159,205,3,3,2,1,True,False,True,False,False,False,False,True,False,False,False,True,False,True,False,True,False,True,False,False,False,False,True,True,True,No-show
24,0,198,123,1,4,2,1,False,True,False,False,False,False,True,False,False,True,False,True,False,True,False,True,False,False,False,False,True,True,False,True,False,No-show
55,30,191,98,1,4,2,1,True,False,True,False,False,False,True,False,False,False,False,True,False,True,False,False,False,False,False,True,False,True,False,True,True,Check-in
56,25,196,213,2,5,2,1,False,False,True,False,False,False,True,True,False,False,False,False,True,True,False,False,True,True,True,False,False,False,True,True,True,Check-in
61,0,161,112,3,3,2,1,True,False,False,True,False,False,False,False,False,False,False,False,False,False,True,True,False,False,False,False,True,True,False,True,False,Cancel
66,20,160,189,3,2,2,1,False,False,True,False,False,False,False,True,False,False,False,False,True,True,False,True,False,False,False,False,True,True,False,True,True,Cancel
53,0,101,105,3,5,2,1,True,False,True,False,False,False,False,False,False,False,True,False,False,False,True,True,False,False,False,False,False,False,True,True,False,Cancel
68,40,115,34,1,2,2,1,True,False,False,False,False,False,False,False,False,True,False,True,False,False,False,True,False,False,False,False,True,False,False,False,True,Cancel
69,20,139,58,2,3,2,1,False,True,False,False,False,False,False,True,False,False,False,True,False,True,False,False,True,False,False,False,True,False,True,True,True,Check-in
52,0,239,120,1,3,2,1,True,False,False,False,False,False,False,False,False,True,False,False,False,False,True,False,True,True,True,False,False,False,True,False,False,No-show
33,40,182,72,2,7,2,1,True,False,False,True,False,False,False,False,False,True,False,False,False,False,True,False,False,True,True,True,False,False,True,True,True,No-show
29,5,164,126,1,4,2,1,True,False,False,True,False,False,False,False,True,False,False,True,False,True,False,False,True,False,False,False,False,False,True,True,True,No-show
48,20,154,83,2,4,2,1,True,True,False,False,False,False,False,True,False,False,False,True,False,True,False,False,True,False,False,False,False,True,False,True,True,Cancel
18,0,228,26,1,2,2,0,True,False,True,False,True,False,False,False,False,False,False,True,False,True,False,True,False,False,False,False,False,True,False,False,False,No-show
46,0,171,212,1,8,2,1,True,False,False,True,False,False,False,True,False,False,False,False,False,True,False,False,False,True,False,True,False,False,True,False,False,No-show
31,20,191,33,3,5,2,1,False,False,True,False,False,True,False,False,True,False,False,False,False,False,False,True,False,True,False,False,False,True,False,True,True,Cancel
60,15,221,48,4,6,2,1,True,False,False,False,False,True,False,False,True,False,True,False,False,False,True,False,False,False,False,False,False,False,False,False,True,No-show
54,25,237,210,2,3,2,1,False,False,False,False,True,False,False,True,False,False,True,False,False,True,False,False,False,False,False,False,False,False,False,False,True,Check-in
70,25,182,158,2,3,2,1,True,False,True,False,False,False,True,False,True,False,False,True,False,False,True,False,False,True,True,False,True,False,True,True,True,Cancel
27,20,159,169,3,3,2,1,False,True,False,False,False,False,False,False,False,False,True,False,False,False,True,True,False,False,False,False,False,True,False,True,True,Cancel
50,10,100,32,3,3,2,1,False,False,False,False,False,False,False,False,False,False,False,True,False,False,True,False,True,False,False,False,False,False,True,True,True,Check-in
33,0,217,40,3,4,2,1,True,False,False,False,True,False,False,False,True,False,False,False,True,False,True,False,False,False,False,True,False,True,False,True,False,Check-in
49,10,114,103,3,8,2,1,False,True,False,False,True,False,False,False,True,False,True,False,False,True,False,True,False,False,False,False,False,False,True,True,True,Cancel
54,10,155,151,1,4,2,1,True,False,False,False,True,False,False,True,False,False,True,False,False,True,False,True,False,False,False,False,False,True,False,True,True,Cancel
26,5,238,142,1,3,2,1,False,True,False,False,False,False,False,False,False,True,False,True,False,False,False,True,False,True,True,False,False,True,False,True,True,No-show
42,20,198,44,3,6,2,1,False,False,True,False,False,True,False,False,True,False,False,False,False,False,False,False,True,False,False,False,False,True,False,False,True,Cancel
47,10,106,21,1,3,2,1,True,False,False,True,False,False,False,True,False,False,True,False,False,False,False,True,False,False,False,False,False,False,False,True,True,Cancel
24,20,224,44,1,4,2,1,False,False,False,False,False,False,False,True,False,False,False,True,False,True,False,False,False,True,False,False,False,True,False,True,True,Check-in
64,0,162,160,3,5,2,1,True,False,False,True,False,False,True,False,False,False,True,False,False,False,True,True,False,False,False,False,False,False,True,True,False,Cancel
54,0,172,4,2,4,2,1,True,False,False,False,False,True,False,False,False,False,True,False,False,False,True,True,False,True,False,False,False,True,False,True,False,Cancel
33,5,192,16,1,2,2,1,False,False,False,False,False,True,False,True,False,False,False,True,False,False,True,False,False,True,True,False,False,False,True,True,True,Check-in
33,0,129,151,3,3,2,1,False,False,False,True,False,False,False,True,False,False,False,False,True,True,False,True,False,False,False,True,False,True,False,True,False,Cancel
68,0,145,151,2,4,2,1,False,False,False,False,False,False,False,False,True,False,False,True,False,True,False,False,True,False,False,False,False,True,False,True,False,No-show
38,5,225,133,3,6,2,1,True,False,False,False,False,False,False,False,False,False,False,False,True,True,False,False,False,False,False,False,False,True,False,True,True,No-show
64,15,229,161,2,3,2,1,False,False,False,True,False,False,True,True,False,False,False,True,False,True,False,True,False,False,False,False,False,False,True,False,True,No-show
38,0,209,172,2,3,2,1,True,False,False,False,False,False,True,True,False,False,False,False,False,True,False,True,False,False,False,False,True,True,False,False,False,Cancel
64,15,210,29,1,4,2,1,True,False,False,True,False,False,False,True,False,False,False,True,False,False,True,True,False,True,True,False,False,False,True,True,True,No-show
43,15,121,102,1,4,2,1,False,False,False,False,False,False,True,False,True,False,False,True,False,False,True,True,False,False,False,False,False,True,False,True,True,Cancel
65,5,141,34,3,3,2,1,True,False,False,True,False,True,False,False,False,False,False,False,True,False,False,False,True,False,False,False,False,True,False,True,True,Cancel
52,10,212,78,2,5,2,1,True,False,False,True,False,True,False,False,False,True,False,True,False,False,True,True,False,False,False,True,False,True,False,True,True,No-show
50,10,104,62,1,4,2,1,False,False,False,False,False,False,False,True,False,False,False,False,False,False,False,True,False,False,False,False,True,False,True,True,True,Cancel
46,10,131,29,1,5,2,1,False,False,False,False,False,False,False,True,False,False,False,True,False,True,False,True,False,True,False,False,True,True,False,True,True,Cancel
65,30,163,205,1,7,2,1,True,False,False,True,False,False,False,False,False,True,False,True,False,False,True,False,True,False,False,False,False,False,True,False,True,No-show
45,0,170,12,1,3,2,1,True,False,False,False,False,True,False,True,False,False,False,True,False,False,True,False,True,False,False,False,True,True,False,True,False,Cancel
22,30,241,163,3,4,2,1,False,False,False,True,True,False,False,False,False,False,False,True,False,False,False,False,True,True,False,False,True,True,False,False,True,Cancel
70,0,158,73,4,3,2,1,False,False,False,False,False,True,False,False,False,False,False,False,True,False,True,False,True,False,False,False,False,False,True,False,False,Check-in
49,20,154,6,3,2,2,1,False,False,True,False,True,False,False,False,True,False,False,False,False,False,False,True,False,False,False,True,False,False,True,True,True,Cancel
28,5,166,177,1,2,2,1,True,False,False,False,False,False,True,False,True,False,True,False,False,False,True,False,False,False,False,True,False,False,True,True,True,No-show
34,5,200,137,3,2,2,1,False,True,False,False,False,True,False,False,True,False,False,True,False,True,False,True,False,True,True,False,False,True,False,True,True,No-show
41,15,115,66,1,3,2,1,True,False,False,False,False,True,False,False,False,False,False,False,True,False,True,False,False,False,False,False,False,True,False,True,True,Check-in
28,0,223,182,2,2,2,1,True,False,False,False,False,False,True,False,False,True,False,False,True,True,False,False,True,False,False,False,False,False,True,True,False,Check-in
51,40,136,144,1,2,2,1,True,False,False,False,False,True,False,False,True,False,False,False,True,False,True,False,True,False,False,False,True,False,True,True,True,No-show
53,5,116,59,3,5,2,0,False,False,False,False,False,False,True,False,True,False,False,True,False,False,False,False,False,False,False,False,False,False,True,True,True,Cancel
50,20,118,101,3,5,2,1,False,False,True,False,True,False,False,True,False,False,False,True,False,True,False,True,False,False,False,False,True,False,False,True,True,Cancel
29,10,185,69,2,4,2,1,False,False,False,True,False,True,False,False,False,False,False,False,True,True,False,False,True,False,False,False,False,False,True,False,True,Cancel
27,0,149,31,2,6,2,1,False,False,False,False,False,True,False,False,False,False,False,False,True,False,False,False,True,True,True,False,True,True,False,False,False,Cancel
34,5,241,125,4,2,2,1,True,False,True,False,False,False,False,False,False,False,False,True,False,False,False,False,True,False,False,False,False,True,False,True,True,No-show
48,20,204,19,2,2,2,1,False,False,True,False,False,False,False,False,True,False,False,True,False,True,False,True,False,True,False,True,False,False,True,True,True,Cancel
50,0,188,42,1,3,2,1,False,False,True,False,False,False,False,False,False,True,True,False,False,False,True,False,False,False,False,False,False,False,False,False,False,Cancel
37,10,220,97,3,3,2,1,False,True,False,False,False,True,False,False,False,False,False,True,False,True,False,True,False,False,False,False,False,False,True,False,True,Cancel
55,0,110,219,1,4,2,1,True,False,True,False,True,False,False,False,False,True,False,True,False,False,False,False,False,True,True,False,False,False,True,False,False,Check-in
48,0,203,204,2,4,2,1,True,False,True,False,True,False,False,False,False,False,False,True,False,False,True,False,False,False,False,False,False,False,True,True,False,Cancel
51,0,173,185,1,4,2,1,False,False,True,False,False,False,False,True,False,False,False,True,False,True,False,False,False,False,False,False,False,False,True,True,False,Check-in
22,30,208,93,1,4,2,1,True,False,True,False,True,False,False,False,True,False,True,False,False,False,True,False,True,True,False,False,False,True,False,True,True,No-show
21,30,219,221,1,4,2,1,False,False,False,False,False,False,True,False,False,False,False,False,False,False,False,False,True,False,False,False,False,True,False,True,True,Cancel
62,5,169,138,2,7,2,1,False,False,False,False,True,False,False,True,False,False,False,False,False,False,True,False,True,True,False,False,True,False,False,True,True,Cancel
61,5,166,47,2,6,2,1,True,False,True,False,True,False,False,False,False,False,True,False,False,True,False,False,True,False,False,False,False,True,False,True,True,Cancel
28,0,172,185,4,4,2,1,False,True,False,False,True,False,False,True,False,False,False,False,True,False,True,False,False,False,False,False,False,True,False,False,False,No-show
62,0,237,82,1,4,2,1,True,True,False,False,True,False,False,True,False,False,False,False,False,True,False,True,False,False,False,False,False,True,False,True,False,Cancel
46,20,173,34,2,4,2,1,False,False,False,True,True,False,False,False,False,False,False,False,False,False,False,False,True,False,False,False,False,False,True,True,True,Cancel
53,10,202,69,1,3,2,1,True,False,True,False,False,True,False,True,False,False,False,False,False,False,True,False,True,False,False,False,False,False,False,True,True,No-show
23,40,137,142,2,6,2,1,False,True,False,False,False,False,True,False,False,True,False,False,False,False,True,True,False,False,False,True,False,True,False,True,True,Cancel
60,20,217,21,1,4,2,0,True,False,False,True,False,False,True,False,False,False,False,False,True,True,False,True,False,True,True,False,True,False,False,True,True,No-show
18,5,248,53,1,2,2,0,True,False,True,False,False,True,False,False,True,False,False,True,False,False,False,True,False,True,True,False,False,True,False,True,True,Cancel
38,20,150,160,2,4,2,0,False,False,True,False,True,False,False,False,False,False,True,False,False,True,False,True,False,False,False,False,False,True,False,False,True,Cancel
68,0,113,62,2,2,2,0,True,False,False,False,False,True,False,False,True,False,False,True,False,False,True,True,False,False,False,False,False,True,False,True,False,Check-in
36,0,243,115,1,5,2,0,True,False,False,True,True,False,False,True,False,False,False,True,False,False,False,False,False,False,False,False,False,True,False,True,False,Check-in
48,0,221,163,1,4,2,0,True,False,False,True,True,False,False,False,False,False,False,False,True,True,False,False,True,True,False,False,False,False,False,True,False,Cancel
58,0,147,177,2,4,2,0,True,True,False,False,False,False,False,True,False,False,True,False,False,True,False,False,False,False,False,False,False,True,False,True,False,Cancel
61,10,104,77,2,4,2,0,False,False,True,False,False,False,False,True,False,False,False,True,False,True,False,False,False,True,True,True,False,True,False,False,True,Check-in
58,25,194,127,2,3,2,0,True,False,False,True,False,True,False,False,False,True,False,False,True,False,False,False,False,False,False,False,False,False,True,True,True,Check-in
61,5,211,57,2,3,2,0,False,True,False,False,False,False,False,False,False,False,False,True,False,True,False,False,True,False,False,False,False,False,True,True,True,Check-in
44,0,223,68,1,4,2,0,False,False,True,False,False,False,False,True,False,False,True,False,False,True,False,False,False,False,False,False,False,False,True,True,False,Check-in
23,0,142,72,1,6,2,0,True,False,False,True,False,False,False,True,False,False,False,True,False,False,True,True,False,False,False,False,False,True,False,False,False,No-show
30,10,200,25,3,2,2,0,False,False,True,False,False,False,True,False,False,True,False,False,False,False,True,True,False,False,False,False,True,True,False,True,True,Cancel
51,0,119,35,1,3,2,0,False,True,False,False,False,False,False,False,True,False,False,True,False,False,False,False,True,True,False,False,False,False,True,False,False,Check-in
39,0,207,64,4,5,2,0,False,False,False,True,True,False,False,True,False,False,True,False,False,False,False,False,False,False,False,False,False,False,True,True,False,Check-in
38,5,171,158,1,5,2,0,True,False,False,True,False,False,True,False,False,False,False,False,True,False,False,True,False,False,False,False,False,True,False,False,True,Cancel
31,25,107,122,2,2,2,0,False,False,False,False,False,False,False,False,False,False,False,False,False,False,False,False,False,False,False,False,False,False,True,False,True,No-show
43,15,135,5,1,5,2,0,True,True,False,False,False,False,False,True,False,False,False,True,False,False,False,False,False,False,False,False,False,True,False,True,True,Check-in
57,5,197,213,3,7,2,0,True,True,False,False,True,False,False,True,False,False,False,True,False,False,True,False,True,False,False,False,False,False,True,True,True,Cancel
21,20,246,126,1,3,2,0,True,False,True,False,False,False,False,False,True,False,False,True,False,False,True,False,True,False,False,False,False,False,True,True,True,No-show
56,25,131,73,1,3,2,0,True,False,False,False,False,True,False,False,False,False,False,True,False,True,False,False,False,False,False,False,False,False,True,True,True,Check-in
40,5,190,0,2,7,2,0,True,False,False,False,False,False,False,False,True,False,False,False,False,False,False,True,False,False,False,False,False,True,False,False,True,No-show
43,10,156,192,3,4,2,0,False,False,True,False,False,False,True,True,False,False,False,True,False,True,False,False,True,False,False,False,True,True,False,True,True,Check-in
50,20,163,38,2,5,2,0,True,True,False,False,True,False,False,False,False,True,False,True,False,False,False,True,False,True,True,False,False,False,True,True,True,No-show
64,20,196,15,4,4,2,0,False,False,False,False,False,False,True,False,True,False,False,False,True,False,False,True,False,True,False,False,False,True,False,True,True,Cancel
38,0,242,156,4,4,2,0,True,False,True,False,True,False,False,False,False,False,True,False,False,False,False,False,True,False,False,False,False,False,True,False,False,No-show
32,5,108,179,1,3,2,0,True,False,False,False,False,False,False,False,False,False,False,False,False,False,False,False,True,False,False,False,False,False,True,False,True,No-show
58,25,139,185,1,2,2,0,False,True,False,False,False,False,True,False,True,False,True,False,False,True,False,True,False,False,False,False,False,False,True,False,True,Check-in
51,30,195,21,3,4,2,0,True,False,True,False,False,True,False,True,False,False,True,False,False,False,True,False,False,True,False,False,False,False,False,False,True,Cancel
18,0,111,21,2,6,2,0,False,False,False,True,True,False,False,True,False,False,False,False,False,False,True,True,False,False,False,False,False,False,True,True,False,Cancel
68,20,160,41,3,4,2,0,False,False,True,False,True,False,False,True,False,False,False,False,False,False,False,False,False,True,False,False,False,True,False,True,True,Check-in
46,0,138,105,3,3,2,0,True,False,False,False,True,False,False,True,False,False,False,True,False,False,True,False,True,True,True,False,False,True,False,True,False,Cancel
69,20,119,92,1,4,2,0,False,False,False,True,False,False,False,True,False,False,False,True,False,False,False,True,False,True,False,True,False,True,False,True,True,No-show
54,25,143,63,1,3,2,0,True,True,False,False,False,True,False,True,False,False,False,True,False,False,True,False,True,True,False,False,False,False,False,False,True,Check-in
48,5,143,27,1,3,2,0,False,False,False,True,False,True,False,True,False,False,False,False,True,False,True,False,True,True,False,False,False,True,False,False,True,Cancel
21,40,243,176,3,5,2,0,True,False,True,False,False,True,False,False,False,False,True,False,False,False,True,False,True,False,False,False,False,False,True,True,True,No-show
38,20,134,192,3,6,2,0,False,False,False,False,False,False,False,False,False,True,False,False,True,False,True,False,False,False,False,False,True,True,False,True,True,Check-in
21,5,185,14,2,5,2,0,True,True,False,False,False,False,True,False,False,False,False,False,False,True,False,False,True,False,False,False,False,False,True,False,True,Check-in
41,5,166,71,1,4,2,0,False,False,True,False,True,False,False,False,True,False,True,False,False,True,False,False,True,False,False,False,True,True,False,True,True,Check-in
58,10,115,61,3,4,2,0,True,True,False,False,False,False,False,False,True,False,False,False,True,True,False,True,False,True,False,False,False,True,False,True,True,Cancel
18,5,111,113,2,2,2,0,False,False,False,False,False,False,False,True,False,False,True,False,False,False,True,False,True,True,True,False,True,False,True,False,True,No-show
42,25,188,96,3,2,2,0,False,False,False,False,False,False,True,False,False,True,False,False,False,False,False,True,False,False,False,False,False,True,False,False,True,Cancel
68,20,194,74,2,6,2,0,True,False,False,True,False,False,True,False,True,False,False,False,True,False,False,True,False,True,True,True,False,True,False,True,True,No-show
64,20,190,138,4,2,2,0,False,False,False,False,False,False,True,False,False,True,True,False,False,True,False,True,False,False,False,False,False,False,True,True,True,Cancel
20,0,197,127,2,3,3,0,True,False,True,False,False,False,True,False,True,False,False,False,False,False,True,True,False,True,False,False,False,False,True,False,False,Check-in
42,5,155,34,3,3,2,0,True,True,False,False,False,False,False,False,True,False,False,False,False,False,True,False,False,False,False,False,False,False,True,True,True,Check-in
28,0,196,179,1,5,2,0,True,False,False,False,False,False,False,False,False,True,False,False,True,True,False,False,False,True,False,False,False,False,True,False,False,Check-in
49,10,233,160,1,5,2,0,True,False,False,False,False,True,False,True,False,False,False,True,False,True,False,True,False,False,False,True,False,True,False,False,True,No-show
57,40,135,38,1,6,2,0,True,True,False,False,False,False,True,False,True,False,True,False,False,False,False,True,False,True,False,False,False,False,True,True,True,Cancel
57,0,104,205,2,4,2,0,True,True,False,False,False,False,True,False,True,False,False,True,False,False,True,False,False,True,False,False,False,False,True,True,False,Check-in
67,10,172,42,3,2,2,0,False,False,False,False,False,False,True,False,True,False,False,False,True,True,False,False,True,False,False,False,False,True,False,True,True,No-show
23,0,244,4,1,4,2,0,False,False,True,False,False,False,False,False,False,True,False,False,True,False,True,False,True,False,False,False,False,False,True,False,False,Check-in
63,20,198,140,2,6,2,0,True,False,False,True,True,False,False,False,True,False,True,False,False,False,True,False,True,False,False,False,False,True,False,True,True,Cancel
42,15,126,145,1,3,2,0,True,False,True,False,False,False,True,False,True,False,False,True,False,False,True,False,False,True,True,False,False,False,False,True,True,Check-in
18,5,186,53,1,4,2,0,True,False,False,True,False,True,False,False,False,True,False,False,False,False,False,False,True,True,False,False,False,False,True,True,True,No-show
25,40,240,98,2,3,2,0,True,False,False,True,False,False,True,False,True,False,False,False,False,False,False,False,True,False,False,True,False,False,True,True,True,Check-in
27,0,232,114,1,4,2,0,False,False,False,False,False,False,False,False,True,False,True,False,False,False,True,False,True,False,False,False,True,False,True,True,False,Cancel
64,10,219,54,1,3,2,0,False,False,True,False,False,False,True,True,False,False,True,False,False,False,True,False,False,True,False,False,False,False,True,True,True,No-show
28,5,233,127,1,3,2,0,False,False,False,True,False,True,False,False,False,True,False,True,False,False,False,False,False,False,False,False,False,True,False,False,True,Check-in
62,5,110,14,4,4,2,1,False,True,False,False,False,False,False,False,False,False,True,False,False,False,True,False,False,False,False,False,False,False,True,False,True,Check-in
35,10,174,206,3,2,2,0,True,True,False,False,False,True,False,False,True,False,True,False,False,True,False,True,False,False,False,False,False,True,False,True,True,Cancel
31,25,125,56,4,4,2,0,True,False,False,False,False,False,False,True,False,False,False,True,False,False,True,True,False,False,False,True,False,False,True,True,True,Cancel
45,20,226,181,1,5,2,0,True,False,False,True,False,False,False,False,False,False,False,False,False,True,False,True,False,False,False,False,False,False,True,True,True,Cancel
41,0,119,154,2,3,2,0,False,True,False,False,False,False,False,False,False,False,True,False,False,False,True,False,False,False,False,False,True,False,True,True,False,Check-in
24,20,102,29,1,4,2,0,True,False,False,False,False,False,False,False,True,False,False,True,False,False,True,True,False,True,False,False,False,True,False,False,True,No-show
18,40,122,36,1,3,2,1,True,True,False,False,False,True,False,False,True,False,True,False,False,False,True,False,True,False,False,False,False,False,True,True,True,No-show
55,0,215,192,2,3,2,0,False,False,False,True,False,False,True,False,False,False,False,False,False,True,False,True,False,True,False,False,False,False,False,True,False,Cancel
64,10,203,37,1,2,2,0,True,True,False,False,False,True,False,False,True,False,False,False,True,True,False,False,False,True,False,False,True,True,False,False,True,Check-in
42,40,168,205,1,4,2,0,True,False,False,True,False,False,False,True,False,False,True,False,False,False,True,True,False,False,False,False,False,False,True,True,True,No-show
45,25,112,54,1,4,2,0,True,False,False,False,True,False,False,True,False,False,False,True,False,False,False,False,False,False,False,False,True,True,False,True,True,Check-in
22,10,201,36,2,2,2,0,True,False,False,True,False,False,True,False,False,True,True,False,False,False,False,False,True,False,False,False,True,True,False,True,True,Check-in
32,30,185,87,1,2,2,0,True,True,False,False,True,False,False,True,False,False,True,False,False,False,False,False,True,True,True,False,False,False,False,True,True,Check-in
24,0,221,72,1,4,2,0,False,False,False,True,False,False,False,False,False,False,False,True,False,True,False,False,True,False,False,False,False,True,False,False,False,No-show
18,0,126,164,2,3,2,0,True,False,True,False,False,True,False,True,False,False,False,True,False,True,False,True,False,True,False,False,False,False,True,False,False,No-show
22,10,166,172,1,5,2,0,True,True,False,False,False,False,False,False,False,True,True,False,False,False,False,True,False,True,True,False,False,False,True,True,True,Cancel
60,5,220,129,2,3,2,0,False,False,False,False,True,False,False,False,True,False,False,True,False,False,False,True,False,False,False,False,False,False,True,True,True,Cancel
19,25,222,169,3,5,2,0,True,True,False,False,False,True,False,False,False,True,False,False,False,False,True,False,False,True,False,False,True,False,True,False,True,Check-in
55,25,211,32,1,2,2,0,True,False,False,True,False,False,False,False,False,False,False,False,True,False,True,True,False,False,False,True,False,False,False,True,True,No-show
30,10,122,56,4,6,2,0,True,True,False,False,False,True,False,True,False,False,False,True,False,False,False,False,False,True,False,True,False,True,False,True,True,Check-in
23,0,153,76,2,6,2,0,True,False,True,False,False,True,False,True,False,False,False,False,False,False,False,False,False,False,False,False,False,False,True,False,False,Check-in
64,0,212,27,4,2,2,0,False,False,False,True,False,False,True,False,True,False,False,False,False,True,False,False,False,False,False,False,False,False,False,True,False,Check-in
49,0,212,191,1,5,2,0,False,False,False,False,False,False,False,False,False,False,False,False,True,False,False,True,False,False,False,False,False,False,True,True,False,Cancel
27,30,231,124,3,6,2,0,False,True,False,False,False,False,True,False,True,False,False,False,False,True,False,False,True,False,False,True,False,True,False,True,True,Cancel
58,25,219,38,1,2,3,0,True,False,False,True,False,False,False,False,True,False,False,False,False,True,False,False,True,True,False,False,False,False,True,False,True,Cancel
26,40,140,162,1,2,5,0,False,False,False,False,False,False,True,False,True,False,False,False,False,False,True,False,False,True,True,False,False,False,True,True,True,Check-in
54,10,155,131,2,2,2,0,True,False,True,False,False,False,True,False,False,True,True,False,False,False,False,False,False,False,False,False,False,False,True,True,True,Cancel
38,0,103,121,1,3,2,0,True,False,False,True,False,False,False,False,False,False,False,True,False,False,True,True,False,False,False,False,False,False,True,True,False,Cancel
70,0,122,139,2,2,2,0,False,False,False,False,False,False,True,False,True,False,True,False,False,True,False,False,False,False,False,False,False,True,False,False,False,No-show
53,20,196,133,2,2,2,0,True,True,False,False,True,False,False,True,False,False,True,False,False,False,True,False,False,False,False,False,False,True,False,False,True,Cancel
32,20,235,56,3,5,2,0,True,False,True,False,False,True,False,False,False,False,True,False,False,False,True,True,False,True,True,False,True,True,False,True,True,Cancel
42,10,197,52,4,5,2,0,True,False,False,False,False,False,True,False,False,True,False,False,False,True,False,False,True,True,False,False,False,False,True,True,True,Cancel
67,0,184,180,3,5,2,0,False,False,False,True,False,False,False,False,True,False,False,False,True,False,False,True,False,True,False,False,False,False,True,True,False,Cancel
32,5,125,38,1,2,2,0,False,False,False,False,True,False,False,False,True,False,True,False,False,False,True,False,True,False,False,False,False,False,True,False,True,No-show
66,5,101,135,1,3,2,0,True,True,False,False,False,False,False,False,True,False,False,False,False,True,False,False,True,False,False,False,True,False,True,True,True,Check-in
42,20,119,19,3,5,2,0,True,False,False,True,False,False,True,False,True,False,False,True,False,False,True,False,False,False,False,False,False,True,False,True,True,Cancel
53,0,215,194,3,3,2,0,True,False,True,False,False,True,False,False,False,False,False,True,False,False,True,True,False,False,False,False,True,False,True,True,False,Cancel
26,20,172,101,2,6,2,0,False,True,False,False,False,True,False,False,False,True,True,False,False,False,True,False,False,False,False,False,False,False,False,True,True,Check-in
49,5,169,102,1,2,2,0,True,False,False,True,True,False,False,False,False,False,True,False,False,True,False,False,False,False,False,False,True,False,True,True,True,Check-in
33,30,248,114,1,2,2,0,True,False,True,False,False,True,False,False,True,False,True,False,False,False,True,False,True,False,False,False,True,True,False,False,True,Check-in
46,30,125,25,1,4,2,0,False,False,False,True,False,False,False,False,False,False,False,False,False,True,False,True,False,False,False,False,False,False,True,True,True,No-show
19,5,203,7,1,3,2,0,True,True,False,False,False,True,False,False,True,False,False,False,False,False,True,False,True,False,False,False,True,False,True,True,True,Check-in
31,5,230,35,1,4,2,0,False,True,False,False,False,False,True,False,True,False,False,True,False,False,True,False,True,False,False,False,False,False,True,True,True,No-show
44,40,115,83,1,2,2,0,False,False,True,False,True,False,False,True,False,False,False,True,False,False,False,False,True,False,False,False,False,False,True,True,True,Cancel
20,20,148,46,3,3,2,0,False,False,False,False,False,True,False,False,True,False,False,False,True,True,False,False,True,False,False,False,True,False,True,True,True,Cancel
37,20,174,189,3,5,2,0,False,True,False,False,False,True,False,True,False,False,False,True,False,True,False,False,False,False,False,False,False,True,False,True,True,Cancel
57,10,198,141,3,3,2,0,True,True,False,False,False,True,False,True,False,False,False,False,False,True,False,False,False,True,False,True,False,False,True,True,True,Check-in
43,15,212,117,2,3,2,0,False,False,False,True,False,False,False,False,True,False,True,False,False,False,False,False,True,False,False,False,False,False,False,False,True,No-show
60,0,232,48,1,5,2,0,True,False,False,False,False,False,False,False,True,False,False,True,False,False,False,True,False,True,False,False,True,True,False,False,False,Cancel
58,20,204,174,1,3,2,0,True,True,False,False,False,False,False,False,False,False,False,True,False,False,True,False,False,False,False,False,False,False,True,True,True,Check-in
51,10,247,140,1,4,2,0,True,False,True,False,False,False,True,False,True,False,False,False,False,True,False,False,False,False,False,False,False,False,True,True,True,Check-in
25,25,190,11,3,4,2,0,True,False,False,True,False,False,False,False,False,False,False,False,True,False,False,True,False,False,False,False,True,False,True,True,True,Cancel
64,15,194,198,4,5,2,0,True,False,False,True,False,True,False,False,False,False,False,True,False,False,True,False,False,False,False,False,False,False,True,True,True,No-show
68,0,212,3,1,3,2,0,True,False,True,False,False,False,False,True,False,False,False,False,True,False,True,False,True,True,True,False,False,True,False,True,False,Check-in
45,25,204,148,1,5,2,0,False,True,False,False,False,True,False,False,False,False,False,True,False,False,True,False,False,True,True,False,False,False,False,False,True,Check-in
27,0,234,221,1,5,2,0,False,False,True,False,True,False,False,False,True,False,False,False,False,True,False,False,False,False,False,False,False,True,False,False,False,Cancel
65,10,184,99,2,3,3,1,True,True,False,False,False,False,False,False,False,True,False,False,True,False,True,False,True,False,False,False,False,False,True,True,True,Cancel
20,0,199,158,1,4,2,0,False,False,True,False,False,False,True,False,True,False,False,True,False,False,True,True,False,False,False,False,False,False,True,False,False,Cancel
49,40,207,138,2,5,2,0,False,False,True,False,False,False,False,False,False,False,True,False,False,True,False,True,False,False,False,False,False,True,False,False,True,No-show
30,40,117,181,3,3,2,0,True,False,False,False,False,True,False,True,False,False,False,True,False,False,True,True,False,False,False,False,False,False,True,True,True,Cancel
20,25,137,219,2,4,2,0,False,False,True,False,False,False,False,False,True,False,False,False,True,True,False,False,True,False,False,True,False,False,True,True,True,Check-in
30,5,155,104,3,4,2,0,True,False,True,False,False,False,False,False,False,False,True,False,False,True,False,True,False,False,False,False,False,False,False,True,True,Cancel
59,0,142,147,2,2,2,0,False,False,True,False,False,False,False,False,True,False,False,False,False,False,False,False,False,False,False,False,False,True,False,False,False,Check-in
37,0,111,26,3,3,2,1,False,True,False,False,False,False,False,False,True,False,False,False,False,False,True,True,False,False,False,False,False,True,False,True,False,Cancel
18,25,127,92,3,6,2,0,True,False,False,True,True,False,False,False,False,True,False,False,False,True,False,False,False,True,False,False,False,True,False,True,True,No-show
24,40,178,181,1,5,2,0,False,False,False,False,False,True,False,False,True,False,False,True,False,True,False,True,False,True,False,False,False,False,False,True,True,Cancel
43,5,143,85,3,3,2,0,False,False,False,False,True,False,False,False,False,False,True,False,False,True,False,True,False,False,False,True,False,False,True,True,True,No-show
32,0,200,168,1,3,2,0,False,True,False,False,False,False,False,False,False,True,False,False,True,True,False,False,True,False,False,False,False,False,False,True,False,Check-in
30,30,240,185,1,2,2,0,True,False,True,False,False,False,False,True,False,False,True,False,False,True,False,False,False,False,False,False,False,False,True,True,True,Check-in
67,5,137,119,1,3,2,0,True,False,True,False,False,False,True,False,False,False,False,False,True,True,False,False,True,False,False,False,False,False,True,True,True,No-show
21,10,162,202,2,3,2,0,True,False,False,False,False,False,False,False,False,True,False,False,True,False,True,True,False,False,False,False,False,True,False,True,True,No-show
36,0,142,22,1,6,2,0,False,True,False,False,False,False,True,False,True,False,False,True,False,True,False,False,False,True,True,False,True,False,True,True,False,Check-in
25,10,230,185,2,2,2,0,True,False,False,False,False,True,False,False,False,False,True,False,False,True,False,True,False,True,False,False,True,False,True,True,True,Check-in
32,0,144,129,1,5,2,0,True,False,False,False,False,False,False,False,True,False,False,False,True,False,True,True,False,True,False,False,False,False,False,True,False,No-show
57,10,135,39,1,4,2,0,True,False,False,True,False,True,False,True,False,False,False,False,False,False,True,False,False,False,False,False,False,False,True,False,True,Check-in
26,20,138,214,4,5,2,0,False,False,False,True,False,True,False,False,False,False,False,False,True,False,True,False,False,False,False,True,False,False,True,True,True,No-show
27,10,123,46,1,4,2,0,False,False,True,False,True,False,False,False,False,False,False,True,False,False,True,False,True,True,False,False,False,True,False,True,True,Cancel
41,25,136,29,3,6,2,0,False,False,False,True,False,False,False,True,False,False,False,True,False,True,False,False,False,False,False,False,True,True,False,True,True,Check-in
20,20,148,134,3,6,2,0,False,False,True,False,False,False,False,True,False,False,False,True,False,False,False,False,True,False,False,False,False,True,False,True,True,Cancel
19,5,227,215,3,5,2,0,False,False,False,True,False,True,False,False,False,True,False,True,False,False,False,True,False,True,False,False,False,False,True,True,True,Cancel
26,0,199,177,4,4,2,0,True,False,False,True,False,False,False,False,False,False,True,False,False,True,False,True,False,False,False,False,False,False,False,True,False,Cancel
49,5,145,39,2,4,2,0,True,False,True,False,False,False,False,True,False,False,False,True,False,True,False,False,True,False,False,False,True,False,True,False,True,No-show
45,20,119,53,1,4,2,0,False,False,False,False,False,False,False,True,False,False,True,False,False,False,False,True,False,True,False,False,False,False,True,True,True,No-show
39,10,144,137,2,4,2,0,True,False,True,False,True,False,False,True,False,False,False,False,False,False,False,True,False,True,False,False,False,False,False,True,True,No-show
41,0,122,7,1,5,2,0,True,True,False,False,True,False,False,False,True,False,False,True,False,False,True,False,True,True,False,False,False,False,False,True,False,Check-in
69,10,191,93,3,3,2,0,False,False,False,False,False,False,True,True,False,False,False,True,False,True,False,False,True,False,False,False,False,True,False,True,True,Cancel
62,0,199,44,1,5,2,0,False,False,False,True,False,False,False,False,True,False,False,False,False,True,False,False,True,False,False,False,False,True,False,True,False,No-show
53,0,206,29,4,6,2,0,True,False,False,False,False,False,True,True,False,False,True,False,False,False,False,False,False,False,False,True,False,False,True,True,False,Check-in
38,15,105,25,3,3,2,0,False,False,False,True,False,False,False,False,False,False,False,False,False,False,False,False,True,False,False,False,True,True,False,False,True,Cancel
52,0,239,97,2,4,2,0,False,False,False,True,False,False,True,False,False,False,False,True,False,False,False,False,False,True,False,False,False,True,False,True,False,Check-in
27,10,139,186,2,4,2,0,True,False,False,False,False,False,False,False,False,True,False,True,False,False,True,False,True,False,False,False,False,False,True,False,True,No-show
54,20,159,216,1,4,2,0,False,True,False,False,False,False,True,False,True,False,False,False,True,False,False,True,False,False,False,False,False,False,True,True,True,Check-in
62,0,116,70,3,5,2,0,False,True,False,False,False,True,False,True,False,False,True,False,False,False,True,True,False,True,False,False,True,False,True,True,False,Cancel
40,0,155,141,2,2,2,0,True,False,False,False,False,True,False,False,False,False,False,True,False,False,False,False,False,False,False,False,False,True,False,True,False,Check-in
32,25,148,95,1,5,2,0,True,False,False,False,False,False,True,False,True,False,False,False,False,False,True,False,True,True,True,False,False,False,False,True,True,No-show
68,5,239,105,4,4,2,0,True,False,False,True,True,False,False,False,False,True,False,True,False,True,False,True,False,False,False,False,False,False,True,True,True,Cancel
41,20,102,7,3,5,2,0,False,True,False,False,False,False,True,True,False,False,False,True,False,True,False,False,True,False,False,False,False,False,True,True,True,No-show
55,15,188,98,1,3,2,0,True,False,True,False,True,False,False,False,True,False,True,False,False,True,False,False,True,True,False,False,False,False,True,True,True,Cancel
21,20,100,161,4,6,2,0,True,False,False,True,False,False,False,False,False,False,False,False,False,False,False,False,True,True,False,False,False,False,True,True,True,No-show
53,0,129,116,2,4,2,0,True,False,False,False,False,True,False,True,False,False,False,False,True,True,False,True,False,True,False,False,False,False,True,True,False,Cancel
38,5,226,138,1,4,2,0,False,True,False,False,False,False,False,False,False,False,False,False,True,False,True,False,True,False,False,False,False,True,False,True,True,No-show
51,10,103,192,1,2,2,0,True,False,False,True,False,False,True,False,False,True,False,False,False,False,True,False,True,False,False,False,True,False,True,True,True,No-show
66,25,162,52,1,5,2,0,True,False,False,True,False,False,True,True,False,False,True,False,False,True,False,False,False,True,True,False,False,False,True,True,True,Cancel
30,20,113,51,3,6,2,0,False,False,True,False,False,True,False,False,False,False,False,False,True,False,True,False,False,True,False,False,False,False,True,True,True,Check-in
32,5,209,55,3,4,2,0,False,False,True,False,False,False,False,False,False,False,True,False,False,False,False,False,True,True,True,False,False,False,True,True,True,Cancel
44,30,195,210,4,5,2,0,True,False,True,False,True,False,False,False,False,False,True,False,False,False,True,True,False,False,False,False,True,False,True,False,True,No-show
51,15,235,118,3,4,2,0,False,True,False,False,False,False,False,False,False,False,False,True,False,False,False,False,False,True,True,False,True,True,False,True,True,Check-in
49,5,101,164,1,2,2,0,True,False,False,True,False,False,False,False,False,False,False,False,True,True,False,False,True,False,False,False,False,False,False,True,True,No-show
50,0,144,200,1,6,2,0,True,True,False,False,False,False,False,True,False,False,True,False,False,False,True,False,False,False,False,True,False,True,False,True,False,Check-in
39,5,236,8,1,4,2,0,True,False,False,False,False,False,True,True,False,False,False,False,True,False,True,True,False,True,False,False,False,False,True,True,True,Cancel
58,10,215,137,1,4,2,0,False,False,True,False,True,False,False,False,False,False,False,False,False,True,False,False,False,True,False,False,False,False,True,False,True,Cancel
67,0,109,4,1,3,2,0,True,False,False,True,True,False,False,True,False,False,False,True,False,False,True,False,True,True,True,False,False,False,True,True,False,Check-in
21,5,138,67,1,3,2,0,False,False,True,False,True,False,False,False,False,True,False,True,False,False,False,True,False,False,False,False,True,True,False,True,True,Cancel
38,10,171,148,1,2,2,0,False,False,False,True,True,False,False,False,True,False,False,True,False,False,False,True,False,False,False,False,True,True,False,False,True,Cancel
41,0,207,22,4,5,2,0,True,True,False,False,False,True,False,True,False,False,False,True,False,False,False,False,True,True,False,False,False,False,True,True,False,Cancel
61,25,221,27,3,5,2,0,False,True,False,False,False,True,False,False,False,False,False,True,False,False,True,True,False,False,False,False,False,False,True,True,True,Cancel
20,0,248,38,1,2,2,0,True,False,True,False,True,False,False,False,True,False,True,False,False,False,True,True,False,True,False,False,False,False,True,False,False,Check-in
66,0,166,68,3,5,2,1,True,False,True,False,True,False,False,True,False,False,False,False,False,True,False,False,False,False,False,False,False,False,True,True,False,Cancel
69,0,219,101,2,6,2,1,True,False,False,False,False,False,True,True,False,False,False,False,True,False,False,False,True,False,False,False,True,False,True,True,False,No-show
43,40,240,60,2,4,2,1,False,False,True,False,True,False,False,False,False,False,False,True,False,False,False,False,True,True,False,False,True,False,True,True,True,Cancel
54,0,125,75,4,3,2,1,True,True,False,False,False,False,False,False,False,False,False,True,False,False,True,False,True,False,False,False,False,True,False,True,False,Cancel
60,10,190,76,2,6,2,1,False,False,False,False,False,False,True,False,False,True,False,True,False,True,False,True,False,False,False,False,False,False,False,True,True,Cancel
45,40,137,0,1,3,2,1,False,False,False,True,False,False,True,False,True,False,True,False,False,False,True,False,False,True,False,False,False,False,True,False,True,No-show
22,0,169,107,2,3,2,1,False,False,False,False,False,True,False,False,True,False,False,False,False,True,False,False,True,False,False,False,False,False,True,True,False,Cancel
20,10,159,173,2,5,2,1,False,False,False,True,False,False,False,False,False,True,True,False,False,False,True,False,True,False,False,False,False,False,False,True,True,No-show
70,20,206,128,1,2,2,1,True,True,False,False,False,False,False,True,False,False,False,False,False,False,False,True,False,False,False,False,True,True,False,True,True,Cancel
61,20,125,57,3,4,2,1,True,False,True,False,False,False,False,True,False,False,False,False,True,True,False,True,False,False,False,False,False,True,False,False,True,Cancel
70,30,154,41,3,8,2,1,True,False,True,False,False,False,False,True,False,False,False,True,False,False,True,False,True,False,False,False,False,False,True,False,True,Check-in
45,0,224,104,2,7,2,1,False,False,True,False,False,False,True,False,False,False,False,False,True,False,True,False,True,False,False,False,False,False,True,True,False,Cancel
56,0,203,108,1,2,2,1,False,True,False,False,False,False,True,True,False,False,False,True,False,True,False,False,False,False,False,True,False,True,False,True,False,Check-in
68,0,197,51,2,7,2,1,True,False,False,False,False,True,False,False,False,False,False,False,False,True,False,False,True,True,True,False,False,False,True,True,False,Cancel
33,5,225,52,3,2,2,1,False,False,True,False,False,False,False,False,True,False,False,False,True,False,False,True,False,True,False,False,False,False,True,False,True,Cancel
58,0,157,207,1,5,2,1,True,False,True,False,False,True,False,False,False,True,False,False,False,False,True,True,False,False,False,False,False,True,False,False,False,No-show
59,10,246,117,2,2,2,1,False,True,False,False,False,False,False,False,False,False,False,False,False,False,True,False,True,False,False,False,False,False,True,False,True,Check-in
21,10,164,96,1,6,2,1,True,False,False,True,False,True,False,True,False,False,True,False,False,True,False,False,False,False,False,False,True,False,True,True,True,Check-in
34,40,203,214,4,3,2,1,False,False,False,False,False,True,False,True,False,False,True,False,False,True,False,False,False,False,False,False,False,False,True,True,True,No-show
37,5,147,26,1,4,2,1,True,False,False,True,False,False,True,False,True,False,False,True,False,True,False,False,False,True,False,False,True,True,False,True,True,Check-in
66,10,137,193,1,3,2,1,True,True,False,False,True,False,False,False,False,True,False,False,False,False,True,False,False,False,False,False,False,True,False,True,True,Cancel
31,20,130,44,1,4,2,1,False,False,True,False,False,True,False,False,True,False,True,False,False,False,False,False,True,True,False,False,False,True,False,True,True,Cancel
32,30,212,143,2,5,2,1,True,False,True,False,False,False,False,True,False,False,False,False,False,True,False,False,True,True,False,False,False,False,True,True,True,Check-in
21,5,246,163,1,3,2,1,True,False,False,True,True,False,False,True,False,False,False,True,False,False,False,False,True,False,False,False,False,False,True,True,True,No-show
20,20,247,152,1,2,2,1,False,True,False,False,False,False,False,True,False,False,True,False,False,False,False,False,False,False,False,False,False,False,True,True,True,Check-in
42,5,104,29,1,5,2,0,False,True,False,False,True,False,False,False,False,False,False,True,False,True,False,True,False,True,False,False,False,False,False,False,True,No-show
47,20,133,105,2,2,2,1,False,True,False,False,False,True,False,False,True,False,False,True,False,False,False,False,True,True,False,True,False,False,True,True,True,Cancel
52,25,147,41,1,4,3,1,False,True,False,False,False,False,True,False,False,False,False,False,True,True,False,True,False,False,False,False,True,False,True,True,True,Cancel
57,5,214,194,4,3,3,1,True,True,False,False,False,True,False,False,True,False,False,True,False,False,True,False,False,False,False,False,False,False,True,True,True,Check-in
63,0,145,156,1,5,3,1,False,True,False,False,False,False,True,False,False,True,True,False,False,False,True,False,True,False,False,False,False,False,False,True,False,Cancel
31,25,168,56,2,3,2,1,False,False,True,False,False,False,True,False,False,False,False,True,False,False,False,False,True,False,False,False,False,False,True,True,True,Cancel
53,40,165,9,2,3,2,1,True,False,True,False,False,True,False,False,False,False,False,False,True,False,True,False,False,False,False,False,False,False,True,True,True,Cancel
30,25,146,68,1,7,2,1,False,True,False,False,False,False,True,True,False,False,False,False,True,False,True,True,False,False,False,False,False,True,False,True,True,Cancel
39,0,214,195,3,5,2,1,True,False,False,False,False,True,False,False,False,False,True,False,False,False,False,False,False,True,True,False,False,False,False,False,False,Check-in
63,5,168,76,1,3,2,1,False,False,False,False,True,False,False,True,False,False,False,True,False,False,False,False,True,False,False,False,True,True,False,False,True,Cancel
65,0,163,110,1,5,2,1,True,False,True,False,False,False,False,False,False,False,False,False,False,False,True,True,False,False,False,False,False,False,True,True,False,Cancel
28,10,229,8,1,4,2,1,True,False,True,False,True,False,False,False,False,True,False,True,False,True,False,False,False,True,False,False,False,False,True,False,True,Check-in
65,5,202,203,1,2,2,1,False,False,False,True,False,False,True,False,False,True,False,False,False,True,False,True,False,False,False,False,False,True,False,True,True,Cancel
41,30,189,86,4,3,2,1,False,False,False,True,True,False,False,False,False,True,False,True,False,True,False,False,False,True,False,False,False,False,True,True,True,Cancel
34,5,179,162,1,3,2,1,False,False,True,False,True,False,False,True,False,False,True,False,False,False,True,False,True,False,False,False,True,False,True,True,True,Check-in
27,20,208,146,2,3,2,1,True,True,False,False,True,False,False,False,False,True,False,False,True,False,False,True,False,True,True,False,False,False,True,True,True,No-show
33,10,157,90,1,3,2,1,True,False,True,False,False,False,False,False,False,False,False,False,True,False,True,False,True,False,False,False,False,False,True,False,True,Check-in
33,0,111,24,1,4,2,1,False,False,False,True,False,False,True,True,False,False,False,True,False,False,True,True,False,True,False,False,True,True,False,True,False,No-show
27,0,131,200,1,4,2,1,True,False,True,False,False,False,False,False,True,False,False,True,False,True,False,True,False,True,False,False,False,True,False,True,False,Cancel
42,20,172,162,1,5,2,1,False,False,False,False,False,False,False,False,True,False,False,True,False,False,False,False,True,True,False,False,False,False,True,True,True,Cancel
59,0,149,123,1,3,2,1,True,False,False,False,False,True,False,False,False,True,False,False,False,True,False,False,False,False,False,False,False,True,False,True,False,Cancel
52,25,196,147,3,8,2,1,False,False,False,True,False,False,True,False,True,False,False,False,True,True,False,True,False,False,False,False,True,False,True,True,True,No-show
20,0,104,206,2,3,2,1,False,False,True,False,False,False,True,True,False,False,False,False,True,False,True,True,False,False,False,False,True,False,False,False,False,Cancel
59,30,151,211,1,3,2,1,True,False,False,False,False,False,False,False,False,True,False,False,True,False,True,False,True,False,False,False,False,False,True,True,True,Check-in
48,40,174,43,4,2,2,1,True,True,False,False,False,True,False,False,True,False,False,False,True,False,True,False,False,False,False,False,True,False,True,True,True,Cancel
23,15,159,126,1,5,2,1,True,False,False,False,False,False,True,False,True,False,True,False,False,False,False,False,True,False,False,False,True,False,True,True,True,Cancel
20,0,164,134,1,4,2,1,True,True,False,False,False,True,False,False,False,False,True,False,False,False,True,False,False,True,False,False,False,True,False,True,False,No-show
27,5,185,2,2,3,2,1,False,True,False,False,False,False,False,False,True,False,False,True,False,False,False,False,True,False,False,False,True,False,True,True,True,Cancel
35,0,102,162,1,3,2,1,True,True,False,False,False,True,False,False,False,False,False,False,False,True,False,False,False,False,False,False,False,True,False,True,False,No-show
54,0,154,90,1,5,2,1,False,True,False,False,False,False,False,False,False,False,False,True,False,True,False,False,False,True,False,False,False,False,False,True,False,No-show
63,5,116,177,3,4,2,1,False,False,False,True,False,False,False,True,False,False,False,True,False,False,False,False,False,True,False,True,False,False,True,True,True,Check-in
40,30,105,194,1,4,3,0,False,False,True,False,False,False,False,False,False,True,True,False,False,False,False,True,False,True,False,False,True,False,True,True,True,Cancel
33,0,205,212,3,3,2,1,True,True,False,False,False,False,True,False,False,False,True,False,False,False,False,False,True,True,False,False,True,False,True,True,False,Check-in
42,0,114,218,1,6,2,1,False,False,True,False,False,False,False,False,False,False,False,True,False,False,True,False,True,False,False,False,False,False,True,True,False,Cancel
41,0,216,17,3,3,2,1,True,False,True,False,True,False,False,False,False,False,False,False,True,True,False,True,False,False,False,False,False,False,True,True,False,Cancel
51,20,162,149,4,3,2,1,True,True,False,False,False,False,True,False,True,False,True,False,False,False,False,True,False,False,False,False,False,True,False,False,True,Cancel
70,10,130,207,1,6,2,1,False,False,True,False,True,False,False,False,True,False,True,False,False,False,True,True,False,True,False,False,False,False,True,False,True,Cancel
23,30,215,17,1,4,2,1,True,False,False,False,False,False,False,False,False,False,False,True,False,True,False,True,False,True,False,False,False,False,True,True,True,Cancel
20,25,201,64,1,3,2,1,True,True,False,False,False,False,False,True,False,False,True,False,False,False,True,False,False,False,False,False,False,False,True,True,True,Check-in
42,20,204,190,2,4,2,1,True,False,False,False,False,True,False,False,True,False,False,True,False,True,False,True,False,False,False,False,False,True,False,True,True,Cancel
30,20,169,57,1,2,2,1,False,False,False,True,False,False,True,False,False,False,False,True,False,False,False,False,True,False,False,False,False,True,False,True,True,No-show
62,20,220,119,1,5,2,1,True,False,False,False,True,False,False,False,False,False,False,False,False,True,False,True,False,True,False,False,False,False,True,True,True,No-show
48,20,199,17,2,3,2,1,False,False,False,False,True,False,False,False,True,False,True,False,False,False,True,True,False,False,False,False,False,False,True,True,True,Cancel
44,25,243,41,2,3,2,1,False,False,False,False,False,False,False,False,False,True,True,False,False,False,False,False,False,False,False,False,False,False,False,False,True,Check-in
24,25,190,110,2,3,2,1,True,True,False,False,False,False,False,False,False,True,False,False,False,False,True,False,False,False,False,False,False,True,False,False,True,Check-in
62,40,192,75,1,4,2,1,True,False,True,False,False,False,True,False,False,False,True,False,False,True,False,False,False,False,False,False,False,False,True,True,True,Check-in
44,5,144,25,1,3,2,1,False,True,False,False,False,True,False,False,False,False,False,False,True,False,False,False,False,True,False,False,False,False,False,True,True,Check-in
69,10,148,186,2,2,2,1,False,False,True,False,False,False,True,False,True,False,False,True,False,True,False,False,True,False,False,False,True,False,True,True,True,Check-in
41,0,171,0,4,4,2,1,False,False,False,False,False,True,False,True,False,False,True,False,False,False,True,True,False,True,False,False,True,False,True,True,False,Cancel
60,25,211,17,1,3,2,1,True,False,False,True,False,True,False,False,True,False,True,False,False,False,True,False,True,True,True,False,True,True,False,True,True,Cancel
45,0,165,134,1,3,2,0,True,True,False,False,False,False,False,True,False,False,False,False,True,False,False,True,False,False,False,False,False,False,True,True,False,Cancel
34,10,143,35,2,4,2,0,False,False,False,False,True,False,False,False,True,False,False,False,False,True,False,True,False,True,False,False,False,False,False,False,True,Cancel
55,20,151,97,1,3,2,0,True,False,False,False,True,False,False,False,False,False,False,True,False,False,False,False,False,False,False,False,False,False,True,True,True,Check-in
57,10,206,137,3,3,2,0,False,False,False,False,False,True,False,False,False,False,False,False,True,False,False,True,False,False,False,True,False,False,True,False,True,Cancel
19,10,201,143,1,4,2,0,True,False,False,True,True,False,False,True,False,False,False,False,False,False,False,False,True,True,False,False,False,False,False,False,True,No-show
22,0,160,150,1,4,2,0,True,False,True,False,True,False,False,False,False,False,False,False,False,False,True,True,False,True,True,False,False,False,True,True,False,No-show
58,5,183,192,4,6,2,0,True,False,True,False,False,False,True,False,True,False,False,False,False,False,False,True,False,False,False,True,False,False,True,False,True,No-show
70,5,179,182,1,3,2,0,True,True,False,False,False,True,False,False,True,False,False,False,False,False,False,True,False,True,False,False,False,True,False,False,True,Cancel
45,15,120,61,3,5,2,0,False,False,False,False,False,True,False,False,True,False,False,False,False,False,True,True,False,False,False,False,True,False,False,True,True,Cancel
28,0,165,44,1,3,2,0,False,False,True,False,False,False,True,False,True,False,False,True,False,False,False,True,False,False,False,True,False,False,True,False,False,Cancel
48,0,102,182,3,6,2,0,False,True,False,False,False,False,False,False,True,False,False,True,False,False,False,False,True,False,False,False,False,False,True,True,False,Check-in
65,10,217,64,1,3,2,0,False,False,False,False,False,True,False,False,False,False,False,True,False,True,False,True,False,True,False,False,True,False,True,True,True,Check-in
45,5,226,149,2,3,2,0,True,True,False,False,False,False,False,False,True,False,True,False,False,False,True,False,True,False,False,False,False,False,False,True,True,Check-in
22,20,201,25,1,8,2,0,True,False,False,False,True,False,False,True,False,False,False,True,False,True,False,False,False,False,False,False,False,True,False,True,True,Check-in
45,10,148,41,1,4,2,0,False,False,False,True,True,False,False,False,False,True,True,False,False,False,True,False,False,False,False,False,False,True,False,False,True,Check-in
31,25,104,88,2,5,2,0,True,False,False,True,False,False,False,True,False,False,False,False,False,True,False,False,False,False,False,False,False,False,True,True,True,Check-in
23,0,215,162,2,3,2,0,True,False,False,True,False,True,False,False,True,False,True,False,False,False,False,True,False,True,False,False,False,False,True,True,False,Cancel
62,10,164,208,2,3,2,0,False,False,False,False,False,True,False,True,False,False,True,False,False,False,False,False,False,False,False,False,True,False,False,True,True,Check-in
26,20,134,195,4,5,2,0,True,True,False,False,False,True,False,True,False,False,False,True,False,True,False,True,False,False,False,False,False,False,True,True,True,Cancel
28,0,195,120,2,5,2,0,True,True,False,False,False,False,False,False,True,False,False,False,True,True,False,True,False,False,False,False,False,False,True,True,False,Cancel
21,5,112,51,3,7,2,0,True,False,True,False,False,False,True,False,False,False,False,True,False,False,True,False,False,False,False,False,False,False,False,False,True,Cancel
60,0,112,55,3,2,2,0,True,False,False,False,False,False,False,False,True,False,False,False,False,True,False,False,True,False,False,False,False,True,False,True,False,Cancel
69,5,141,152,1,4,2,0,False,True,False,False,True,False,False,False,False,False,False,False,False,True,False,False,False,True,False,False,False,False,True,True,True,Cancel
58,10,167,117,3,4,2,0,True,False,False,True,False,False,False,False,False,True,False,False,True,False,True,False,True,False,False,False,False,True,False,True,True,Cancel
54,25,166,119,2,6,2,0,False,False,False,True,False,True,False,True,False,False,False,False,False,False,False,False,True,False,False,False,True,False,True,True,True,Cancel
21,20,158,133,2,3,2,0,True,True,False,False,False,False,False,False,True,False,False,False,False,False,False,False,False,True,False,False,True,False,True,True,True,Check-in
55,25,242,201,1,5,2,0,False,False,True,False,False,False,False,False,True,False,False,True,False,False,True,True,False,False,False,False,False,True,False,True,True,No-show
42,10,123,8,1,5,2,0,True,False,True,False,False,False,False,False,True,False,False,False,False,False,False,True,False,False,False,False,False,False,True,False,True,Cancel
47,5,156,211,1,2,2,0,False,False,True,False,False,False,True,True,False,False,True,False,False,True,False,False,True,False,False,False,True,False,False,False,True,No-show
28,0,208,153,1,6,2,0,True,False,False,True,False,True,False,True,False,False,False,True,False,True,False,False,False,True,False,False,True,False,False,False,False,Check-in
24,40,197,86,3,7,2,0,True,False,True,False,False,True,False,False,False,False,False,False,True,False,True,True,False,False,False,False,False,False,False,False,True,Cancel
69,5,178,157,3,3,2,0,True,False,True,False,False,False,False,False,False,False,True,False,False,True,False,False,True,True,False,False,False,True,False,False,True,Check-in
31,5,107,221,1,4,2,0,False,True,False,False,False,False,False,False,False,False,True,False,False,False,False,True,False,False,False,False,False,False,True,False,True,Cancel
30,5,121,188,1,4,2,0,True,False,False,True,True,False,False,True,False,False,False,True,False,False,True,True,False,True,False,False,False,True,False,False,True,No-show
48,5,226,54,1,6,2,0,True,False,False,True,False,True,False,False,False,False,True,False,False,False,True,False,False,False,False,False,False,True,False,True,True,No-show
54,30,218,39,1,2,2,0,False,False,False,False,False,False,False,False,True,False,False,False,False,False,True,False,False,False,False,False,True,True,False,True,True,Check-in
28,5,164,131,1,2,2,0,False,True,False,False,False,False,True,False,True,False,False,True,False,False,False,False,True,False,False,False,False,False,True,True,True,Check-in
20,0,120,184,1,6,2,0,False,False,False,False,False,False,False,False,False,True,False,True,False,False,True,False,True,False,False,False,False,False,True,False,False,Cancel
44,0,170,158,1,4,2,0,False,True,False,False,False,False,False,False,False,False,False,False,True,False,True,False,True,True,False,False,False,True,False,True,False,No-show
56,0,117,30,2,2,2,0,True,False,True,False,False,False,False,False,True,False,False,True,False,False,True,True,False,False,False,False,True,False,False,False,False,Cancel
57,10,100,39,1,4,2,0,False,True,False,False,True,False,False,True,False,False,False,True,False,True,False,True,False,False,False,False,True,False,False,True,True,Cancel
66,10,172,95,1,3,2,0,False,True,False,False,False,False,False,False,True,False,False,True,False,False,False,True,False,False,False,False,True,True,False,False,True,Cancel
46,20,128,218,2,5,2,0,True,False,False,True,False,False,True,False,False,False,False,True,False,False,False,False,False,False,False,False,False,False,True,False,True,No-show
27,0,107,83,1,4,2,0,False,True,False,False,True,False,False,True,False,False,False,True,False,True,False,False,False,False,False,False,False,False,True,True,False,No-show
24,40,127,160,3,7,2,0,True,False,False,True,False,True,False,False,True,False,False,True,False,False,False,True,False,False,False,False,False,False,True,True,True,Cancel
65,10,158,106,1,6,2,0,False,True,False,False,False,False,True,False,False,True,False,False,True,False,True,True,False,False,False,False,False,True,False,True,True,Cancel
65,20,142,199,1,3,2,0,True,True,False,False,False,True,False,False,False,True,False,False,False,False,False,True,False,False,False,False,False,False,True,True,True,Cancel
43,5,203,150,4,6,2,0,False,False,False,True,True,False,False,False,False,False,False,True,False,True,False,False,True,False,False,False,True,False,True,True,True,Cancel
48,0,138,160,1,5,2,0,True,True,False,False,True,False,False,True,False,False,True,False,False,False,True,False,True,True,False,True,False,False,True,False,False,Check-in
23,20,145,25,2,7,2,0,False,False,True,False,False,False,True,False,False,False,False,False,False,False,True,True,False,False,False,False,False,False,True,False,True,Cancel
26,10,127,198,2,4,2,0,False,False,False,False,False,False,False,True,False,False,False,True,False,True,False,False,False,True,True,False,False,True,False,False,True,No-show
36,0,138,44,3,4,2,0,False,True,False,False,False,False,False,False,False,True,False,True,False,False,True,True,False,False,False,False,True,False,True,False,False,Cancel
49,25,215,187,2,4,2,0,False,False,False,True,False,False,False,False,False,True,False,False,True,False,False,True,False,False,False,True,False,False,True,True,True,No-show
50,5,114,211,1,3,2,0,False,False,False,True,True,False,False,True,False,False,False,False,True,False,False,True,False,False,False,False,True,False,False,True,True,No-show
70,40,235,84,2,5,2,0,False,False,True,False,False,False,False,False,True,False,True,False,False,True,False,True,False,False,False,False,True,True,False,True,True,No-show
64,0,186,202,3,6,2,0,True,False,False,True,False,False,False,False,True,False,False,True,False,True,False,False,True,True,False,False,False,True,False,False,False,Cancel
27,0,247,187,2,6,2,0,True,False,False,True,False,False,False,False,False,True,False,True,False,False,False,False,True,False,False,False,False,False,True,True,False,Check-in
48,10,209,20,1,2,2,0,True,False,False,False,False,False,True,False,False,True,False,False,True,True,False,False,True,True,False,True,False,False,True,True,True,Check-in
64,10,129,160,1,3,2,0,False,False,True,False,True,False,False,True,False,False,False,True,False,True,False,True,False,True,True,False,False,False,True,False,True,No-show
64,5,219,48,2,3,2,0,False,False,True,False,False,False,True,False,False,False,False,False,True,True,False,True,False,False,False,False,False,True,False,True,True,Cancel
48,20,231,211,3,6,2,0,False,False,True,False,False,False,True,False,True,False,False,True,False,False,False,True,False,True,False,False,False,False,False,True,True,Cancel
29,0,234,219,1,4,2,0,True,False,False,False,False,True,False,True,False,False,False,False,False,False,True,True,False,False,False,False,False,True,False,True,False,Cancel
64,5,225,153,1,4,2,0,True,True,False,False,True,False,False,False,True,False,False,False,False,False,True,False,False,True,False,False,False,False,False,True,True,No-show
34,20,201,198,1,7,2,0,False,False,False,False,False,False,False,False,False,False,True,False,False,False,False,False,False,False,False,False,True,True,False,False,True,Check-in
55,0,152,67,1,3,2,0,False,False,False,True,False,True,False,False,True,False,False,True,False,False,False,False,True,False,False,False,False,False,True,True,False,Cancel
57,5,204,187,1,2,2,0,False,False,True,False,False,True,False,True,False,False,False,False,True,False,True,False,False,False,False,False,False,False,True,True,True,Check-in
51,15,125,162,1,4,6,0,True,False,True,False,False,False,True,False,False,True,False,False,True,True,False,False,True,False,False,True,False,False,True,True,True,Cancel
62,20,106,153,1,3,2,0,True,True,False,False,False,False,True,False,False,True,False,False,False,True,False,True,False,False,False,False,False,False,True,False,True,Cancel
30,10,123,152,1,5,2,0,False,False,True,False,False,True,False,False,True,False,False,True,False,False,True,False,True,False,False,False,False,False,True,True,True,Cancel
46,25,159,202,3,3,2,0,True,False,True,False,False,False,False,False,False,True,False,False,False,True,False,False,False,False,False,False,False,False,True,True,True,Check-in
43,10,233,176,3,4,2,0,False,False,False,False,True,False,False,False,False,False,False,True,False,True,False,False,True,False,False,True,False,False,True,True,True,Cancel
23,0,240,82,1,5,2,0,True,False,False,False,True,False,False,False,False,False,False,True,False,False,True,False,False,True,False,False,False,False,True,True,False,Check-in
58,0,185,107,1,3,2,0,False,False,False,True,True,False,False,False,True,False,False,True,False,False,False,False,True,False,False,False,False,False,True,True,False,Cancel
39,20,244,212,4,5,2,0,False,False,True,False,False,False,False,True,False,False,False,True,False,False,False,False,False,False,False,False,False,False,True,False,True,Check-in
60,0,201,109,1,4,2,0,True,True,False,False,False,True,False,False,True,False,True,False,False,False,True,False,True,True,True,False,False,False,True,True,False,Cancel
56,5,207,71,1,2,2,0,False,False,False,True,True,False,False,False,False,True,False,True,False,True,False,False,False,False,False,False,False,False,True,True,True,Check-in
35,10,211,70,1,4,2,0,False,False,True,False,False,False,True,True,False,False,False,True,False,False,False,True,False,True,False,False,True,False,True,False,True,Cancel
53,0,212,137,1,4,2,0,True,False,True,False,True,False,False,True,False,False,True,False,False,False,True,False,False,True,False,False,True,True,False,False,False,No-show
39,20,225,75,1,4,2,0,True,False,False,True,False,False,False,False,True,False,False,False,True,False,True,True,False,False,False,False,False,False,False,False,True,No-show
28,20,110,98,1,4,2,0,True,True,False,False,False,False,False,False,False,False,True,False,False,False,False,False,False,True,False,False,True,False,True,False,True,Check-in
25,10,168,175,3,3,2,0,True,False,False,True,False,False,False,False,False,True,False,True,False,True,False,True,False,False,False,False,True,False,True,False,True,Cancel
53,5,160,42,1,7,2,0,True,True,False,False,True,False,False,False,True,False,False,False,False,True,False,True,False,False,False,False,False,False,True,True,True,Cancel
67,5,104,218,3,3,2,0,False,False,False,True,False,False,False,False,False,False,False,False,True,True,False,False,True,True,False,False,False,False,True,True,True,No-show
67,30,149,209,3,4,2,0,True,False,False,False,False,True,False,False,True,False,False,False,True,True,False,True,False,True,False,False,True,False,True,True,True,Cancel
22,0,241,166,1,6,2,0,False,False,False,False,False,False,False,False,True,False,True,False,False,True,False,False,True,False,False,True,False,True,False,True,False,No-show
21,0,205,185,1,5,2,0,False,False,False,True,False,False,False,False,False,False,False,False,False,False,False,False,True,True,False,False,False,False,True,True,False,Cancel
47,0,108,151,4,2,2,0,False,False,False,True,False,False,False,False,True,False,False,True,False,True,False,False,False,True,False,True,False,False,True,False,False,Check-in
25,10,232,141,4,4,2,0,True,False,True,False,True,False,False,False,False,True,False,True,False,False,False,False,False,False,False,False,False,False,True,True,True,No-show
29,10,123,1,3,4,2,0,False,False,False,False,False,False,False,False,False,True,False,True,False,False,False,False,True,True,False,False,True,True,False,False,True,Check-in
18,20,194,98,1,5,2,0,True,True,False,False,False,False,False,False,False,True,False,True,False,False,False,False,True,False,False,False,True,True,False,False,True,Check-in
42,10,184,104,1,5,2,0,True,False,False,False,False,False,True,False,True,False,False,True,False,False,False,True,False,False,False,False,False,False,True,False,True,Check-in
41,20,115,119,1,3,2,0,True,False,False,True,False,True,False,True,False,False,False,False,False,False,False,False,False,False,False,False,False,False,True,True,True,No-show
28,5,247,1,1,4,2,0,True,False,False,False,False,False,False,False,True,False,False,True,False,False,False,True,False,False,False,False,False,False,True,True,True,Cancel
52,0,180,84,1,7,2,0,False,True,False,False,True,False,False,False,True,False,True,False,False,True,False,True,False,True,False,False,False,True,False,True,False,No-show
60,10,187,196,1,5,2,0,True,False,True,False,False,True,False,True,False,False,False,True,False,True,False,True,False,True,False,False,False,False,True,True,True,Cancel
23,40,140,106,1,4,3,0,True,True,False,False,False,False,False,False,True,False,True,False,False,True,False,False,True,True,True,False,False,False,True,True,True,Cancel
30,10,198,153,1,3,3,0,True,False,False,True,False,False,False,False,False,False,False,True,False,False,False,False,True,False,False,False,False,True,False,True,True,No-show
34,20,210,23,2,2,4,0,True,False,False,True,False,True,False,False,True,False,True,False,False,True,False,False,True,False,False,False,False,False,True,True,True,No-show
46,0,169,112,1,3,4,0,True,True,False,False,False,False,True,True,False,False,False,True,False,False,True,False,False,False,False,False,True,False,True,True,False,Cancel
27,20,137,88,1,5,2,0,True,False,False,True,False,False,False,False,True,False,True,False,False,False,True,True,False,False,False,False,False,False,True,True,True,Cancel
55,0,110,151,1,4,2,0,False,False,False,False,False,False,False,False,True,False,False,False,True,False,True,True,False,False,False,False,False,False,True,True,False,Cancel
27,5,113,68,1,3,2,0,True,False,False,True,True,False,False,False,True,False,True,False,False,True,False,False,True,False,False,False,False,False,True,True,True,No-show
41,0,104,173,1,4,2,0,False,True,False,False,False,False,True,True,False,False,True,False,False,True,False,False,False,True,False,False,False,False,True,False,False,Check-in
25,40,103,183,1,7,2,0,False,False,False,False,False,False,True,True,False,False,True,False,False,True,False,True,False,False,False,False,False,False,True,True,True,No-show
57,5,152,197,1,5,2,0,True,False,False,True,False,False,True,True,False,False,False,False,True,False,True,True,False,True,True,False,False,True,False,False,True,Cancel
67,15,125,171,3,5,2,0,False,True,False,False,False,False,False,False,True,False,False,True,False,True,False,True,False,True,False,False,False,True,False,True,True,No-show
33,40,208,196,1,4,2,0,True,False,False,False,False,False,True,False,True,False,False,False,True,True,False,False,True,True,True,False,False,False,True,True,True,Check-in
19,20,218,129,3,2,2,0,False,False,False,True,True,False,False,False,True,False,False,False,False,True,False,False,False,False,False,False,False,False,True,True,True,Check-in
55,0,200,145,3,3,2,0,False,False,True,False,True,False,False,True,False,False,False,True,False,False,False,True,False,False,False,False,False,False,True,True,False,Cancel
18,10,224,136,1,5,2,0,True,False,True,False,False,False,True,False,False,False,False,False,True,True,False,True,False,True,False,False,False,True,False,True,True,Check-in
55,10,197,156,3,4,2,0,False,False,False,False,False,False,False,False,True,False,False,False,False,True,False,False,True,False,False,False,True,True,False,True,True,Check-in
21,30,233,34,4,4,2,0,False,True,False,False,False,True,False,False,False,False,False,False,False,False,True,True,False,True,False,True,False,False,True,False,True,No-show
49,0,110,175,4,4,2,0,True,False,False,False,False,False,True,False,False,True,False,False,True,False,True,False,True,False,False,False,False,False,True,False,False,No-show
63,40,112,149,2,4,4,0,False,False,True,False,False,False,False,False,True,False,False,False,True,True,False,False,True,False,False,False,False,True,False,True,True,Check-in
56,10,113,208,1,5,2,0,True,True,False,False,True,False,False,False,True,False,False,True,False,False,True,False,False,False,False,True,False,False,True,True,True,Cancel
23,40,224,133,1,4,2,0,False,False,False,True,False,False,False,False,False,False,False,True,False,False,True,False,True,True,True,False,False,False,True,True,True,No-show
69,10,149,33,1,6,2,0,False,False,True,False,False,False,True,False,False,False,False,False,True,True,False,True,False,True,True,False,True,False,False,True,True,Check-in
46,5,150,194,1,7,2,0,True,False,True,False,False,False,True,False,False,True,False,False,True,False,True,False,True,False,False,False,True,False,True,True,True,No-show
34,0,228,175,2,3,2,0,False,False,False,False,False,False,False,False,False,False,True,False,False,True,False,False,True,True,False,False,False,False,True,True,False,Cancel
28,0,203,181,1,3,2,0,True,True,False,False,False,False,False,False,False,True,False,True,False,False,True,False,True,True,False,False,False,True,False,False,False,Check-in
18,5,223,79,1,3,2,0,True,True,False,False,True,False,False,True,False,False,False,True,False,False,True,False,False,False,False,False,False,False,False,False,True,Check-in
20,10,102,91,1,3,2,0,False,False,False,True,False,False,True,False,False,False,False,True,False,True,False,False,False,False,False,False,False,True,False,False,True,No-show
68,5,164,42,2,2,2,0,True,False,False,True,False,True,False,False,False,False,True,False,False,True,False,False,True,True,False,False,False,False,True,True,True,Cancel
66,0,224,14,1,3,2,0,True,False,True,False,False,False,False,False,False,False,False,True,False,False,True,True,False,False,False,False,False,False,True,True,False,Cancel
33,40,163,206,4,6,2,0,True,True,False,False,False,False,False,True,False,False,False,False,True,False,True,True,False,True,False,False,False,False,True,True,True,No-show
67,5,162,141,4,3,2,0,True,True,False,False,False,False,False,False,False,False,False,False,False,False,False,False,False,False,False,False,False,False,True,True,True,Check-in
51,5,232,151,3,4,2,0,False,True,False,False,False,True,False,False,False,False,False,True,False,True,False,False,False,False,False,False,False,False,True,True,True,Check-in
46,5,185,6,1,3,2,0,False,False,False,False,True,False,False,False,True,False,True,False,False,False,False,False,True,True,False,False,True,False,True,False,True,Cancel
44,5,152,77,1,3,2,0,True,False,True,False,False,False,False,False,False,False,False,False,True,False,True,False,True,True,True,False,False,False,True,True,True,Cancel
62,5,242,41,1,3,2,0,False,False,True,False,False,False,True,False,False,False,True,False,False,False,True,False,True,False,False,False,False,False,True,True,True,No-show
60,5,149,8,1,2,2,0,False,False,False,True,False,True,False,True,False,False,False,True,False,False,True,False,True,False,False,False,False,False,False,True,True,Cancel
28,40,181,15,4,3,2,0,True,False,False,True,False,True,False,False,True,False,False,False,False,False,False,True,False,False,False,False,False,False,False,True,True,Cancel
60,20,137,187,2,5,2,0,True,False,False,False,False,False,False,False,True,False,False,True,False,False,False,False,False,True,True,False,True,False,True,True,True,Check-in
62,20,102,91,1,5,2,0,False,False,False,True,False,False,True,False,True,False,False,False,True,True,False,False,False,False,False,True,False,True,False,True,True,Check-in
58,10,116,195,1,3,2,0,True,True,False,False,True,False,False,False,False,False,True,False,False,False,True,False,True,False,False,False,False,True,False,False,True,Cancel
29,0,149,142,3,4,2,0,True,False,True,False,False,False,False,False,False,True,False,True,False,False,True,True,False,False,False,False,True,False,True,False,False,No-show
44,25,153,163,1,5,2,0,False,False,False,True,False,False,False,False,False,False,True,False,False,False,False,False,True,False,False,False,False,False,True,True,True,No-show
48,10,103,129,1,4,2,0,False,True,False,False,False,False,False,False,True,False,False,True,False,True,False,False,False,False,False,False,False,False,False,True,True,Check-in
35,30,180,118,2,5,2,0,True,False,False,False,True,False,False,False,True,False,True,False,False,True,False,False,False,True,False,False,True,False,True,True,True,Check-in
57,20,150,192,1,6,2,0,True,True,False,False,False,True,False,True,False,False,False,True,False,True,False,True,False,False,False,False,False,False,True,True,True,Cancel
69,0,207,57,1,4,2,0,False,True,False,False,False,False,False,False,False,True,False,True,False,False,True,False,True,False,False,False,False,False,True,True,False,Cancel
38,10,122,194,1,4,2,0,True,False,False,False,False,False,False,False,False,False,False,False,True,False,True,False,True,True,False,False,True,False,True,True,True,No-show
33,20,157,210,3,5,2,0,True,False,False,False,False,True,False,False,True,False,True,False,False,True,False,True,False,True,False,False,False,True,False,True,True,Cancel
54,0,249,144,1,7,2,0,True,False,False,True,False,False,False,True,False,False,False,False,True,True,False,False,False,False,False,False,True,True,False,True,False,Check-in
27,10,193,44,1,3,2,0,True,False,False,False,False,True,False,False,True,False,False,False,False,True,False,False,False,False,False,False,False,False,True,False,True,Check-in
36,10,156,173,1,7,2,0,True,True,False,False,False,False,False,True,False,False,False,False,True,False,True,False,False,True,False,False,False,True,False,True,True,Cancel
28,20,211,138,2,6,2,0,True,True,False,False,True,False,False,False,False,False,False,False,True,False,False,False,True,False,False,False,False,False,True,True,True,Check-in
34,15,127,81,2,5,2,0,False,False,True,False,False,False,False,False,True,False,False,False,True,False,False,True,False,False,False,False,False,False,False,True,True,Cancel
48,10,138,53,3,3,2,0,False,False,True,False,False,True,False,False,False,False,False,False,True,True,False,True,False,False,False,False,False,False,False,False,True,Cancel
29,20,123,172,1,6,2,0,False,False,False,True,False,False,False,True,False,False,False,True,False,False,True,True,False,False,False,False,True,True,False,False,True,Cancel
50,10,201,202,1,8,2,0,True,False,False,True,False,False,False,False,False,True,True,False,False,False,False,True,False,False,False,False,False,False,True,True,True,Cancel
69,5,179,40,1,5,2,0,True,False,False,False,False,True,False,False,False,True,False,True,False,True,False,False,True,False,False,True,False,True,False,False,True,Cancel
36,0,135,174,1,3,2,0,True,False,False,True,False,False,False,False,True,False,False,True,False,False,False,True,False,False,False,False,False,False,True,True,False,Cancel
52,0,218,6,1,3,2,0,True,False,False,True,False,False,True,False,False,False,False,False,False,True,False,False,False,False,False,True,False,False,True,True,False,No-show
42,10,241,54,2,4,2,0,True,True,False,False,True,False,False,False,False,True,False,True,False,False,False,True,False,False,False,False,False,False,True,False,True,Cancel
59,40,192,83,2,4,2,0,False,True,False,False,False,False,False,False,True,False,False,True,False,False,True,False,True,True,True,False,False,True,False,True,True,Cancel
38,10,154,37,1,3,2,0,True,False,False,True,False,False,False,False,True,False,False,True,False,True,False,False,True,False,False,False,False,False,True,True,True,No-show
48,20,222,148,3,4,2,0,True,True,False,False,False,False,True,True,False,False,False,True,False,True,False,False,True,True,False,False,True,False,False,False,True,Check-in
55,5,228,42,1,5,2,0,True,True,False,False,False,True,False,True,False,False,False,False,False,False,True,True,False,False,False,False,False,True,False,True,True,Cancel
40,0,143,183,1,6,2,0,False,False,False,False,False,True,False,False,False,False,False,True,False,False,False,False,True,True,False,False,True,False,True,False,False,Check-in
25,0,173,65,1,5,2,0,True,False,False,True,False,False,False,True,False,False,False,True,False,True,False,True,False,False,False,False,False,True,False,True,False,No-show
24,25,243,3,2,3,2,0,False,False,False,True,False,True,False,False,True,False,False,False,True,True,False,False,False,False,False,False,False,False,True,False,True,Cancel
70,25,114,56,2,6,2,0,False,True,False,False,False,False,True,False,False,True,True,False,False,False,True,True,False,False,False,False,False,False,True,True,True,Cancel
63,0,147,13,1,3,5,0,False,True,False,False,False,True,False,False,True,False,True,False,False,True,False,True,False,True,False,True,False,True,False,False,False,Check-in
50,20,134,68,3,3,2,0,True,False,False,False,False,False,False,False,False,False,False,False,True,True,False,True,False,False,False,True,False,True,False,True,True,No-show
61,10,179,96,1,3,2,0,False,True,False,False,False,False,False,True,False,False,False,True,False,True,False,True,False,True,False,False,False,False,True,True,True,No-show
54,0,148,193,2,5,2,0,True,True,False,False,False,False,True,False,True,False,False,True,False,False,False,True,False,False,False,False,False,False,True,False,False,Check-in
33,0,203,88,3,7,2,0,True,False,True,False,False,False,False,False,False,False,True,False,False,False,False,False,False,False,False,False,False,False,True,False,False,No-show
28,0,116,108,1,4,2,0,False,False,True,False,False,False,False,False,True,False,False,False,True,False,False,False,True,False,False,False,False,False,True,True,False,No-show
24,20,180,74,1,2,2,0,False,False,False,True,False,False,False,False,False,False,True,False,False,True,False,False,True,False,False,False,False,True,False,True,True,No-show
45,0,107,24,3,4,2,0,True,False,True,False,True,False,False,False,False,False,False,False,True,False,False,False,True,False,False,False,True,False,True,False,False,No-show
31,0,227,49,3,5,2,0,True,True,False,False,False,False,False,False,True,False,False,False,True,True,False,False,False,False,False,False,True,False,False,False,False,Check-in
29,10,208,98,1,4,2,0,True,False,False,False,True,False,False,False,False,False,False,True,False,False,True,False,True,False,False,False,False,False,True,False,True,No-show
68,10,236,207,2,4,2,0,True,False,False,True,False,False,True,True,False,False,False,True,False,False,False,False,False,False,False,False,True,True,False,True,True,No-show
33,5,221,110,2,2,2,0,True,True,False,False,False,False,True,False,False,True,False,False,False,True,False,True,False,False,False,False,True,True,False,True,True,Cancel
42,30,221,220,2,4,2,0,True,False,True,False,False,False,False,False,False,True,False,False,True,False,True,False,False,True,False,False,True,True,False,True,True,Cancel
19,0,201,69,3,2,9,0,False,False,True,False,False,False,False,False,False,True,False,True,False,False,True,False,True,True,False,False,False,False,True,True,False,Check-in
42,20,160,94,1,2,2,0,False,True,False,False,False,False,False,False,False,False,True,False,False,False,True,True,False,False,False,False,False,True,False,True,True,Cancel
35,20,241,193,1,4,2,0,True,True,False,False,False,False,False,True,False,False,False,False,True,False,False,False,False,False,False,False,False,False,True,True,True,Check-in
19,0,154,20,1,3,2,0,True,False,True,False,False,True,False,True,False,False,False,True,False,False,True,False,False,False,False,False,False,True,False,False,False,Check-in
20,20,229,94,3,3,2,0,False,True,False,False,False,False,False,True,False,False,False,True,False,True,False,True,False,False,False,True,False,False,False,True,True,No-show
65,0,241,196,3,3,2,1,True,False,False,False,False,False,False,False,False,False,False,True,False,False,True,False,False,True,False,False,False,False,True,False,False,Check-in
56,30,131,204,1,3,2,1,False,False,False,True,False,False,False,False,False,False,False,False,True,False,True,True,False,False,False,False,False,False,True,False,True,No-show
33,5,188,22,2,6,2,1,True,False,False,True,False,False,False,True,False,False,False,True,False,False,False,False,False,False,False,True,False,False,False,False,True,No-show
30,0,122,66,2,3,2,1,True,False,False,True,False,False,True,False,True,False,True,False,False,True,False,False,True,True,True,True,False,False,True,False,False,No-show
64,10,196,148,1,7,2,1,False,False,False,False,True,False,False,False,False,False,False,False,False,False,True,False,True,False,False,False,False,False,True,True,True,Cancel
25,40,206,71,3,6,2,1,False,True,False,False,False,True,False,False,True,False,False,False,False,False,False,False,False,False,False,False,False,False,True,True,True,Cancel
46,5,164,158,3,8,2,1,False,True,False,False,True,False,False,True,False,False,False,False,True,False,False,False,False,False,False,False,False,True,False,True,True,Cancel
45,0,194,14,1,3,2,1,False,True,False,False,False,False,False,False,True,False,False,True,False,False,True,False,False,False,False,False,False,True,False,True,False,No-show
36,10,219,182,1,4,2,1,False,False,False,False,False,False,False,False,False,True,False,False,False,False,False,False,True,True,True,False,True,False,True,True,True,No-show
70,0,180,198,1,5,2,1,False,False,False,False,False,False,False,False,False,False,False,False,True,False,True,False,True,True,False,False,False,True,False,True,False,Cancel
45,0,107,197,1,4,2,1,False,False,True,False,False,True,False,True,False,False,True,False,False,False,False,False,False,True,False,False,False,False,True,False,False,Check-in
50,30,215,2,1,2,2,1,False,False,True,False,False,False,True,True,False,False,False,True,False,False,True,False,False,False,False,False,True,False,True,True,True,Check-in
54,0,229,192,1,7,2,1,False,False,False,True,False,False,True,False,True,False,False,False,True,False,False,True,False,False,False,False,False,False,False,True,False,No-show
34,5,193,26,1,6,2,1,False,False,False,False,False,False,False,False,False,True,False,True,False,False,False,False,True,True,False,False,True,True,False,False,True,Cancel
36,10,190,91,1,3,2,1,True,False,False,False,False,False,False,False,False,False,False,False,False,False,False,False,True,True,True,False,False,False,True,True,True,No-show
35,10,113,153,3,5,2,1,True,True,False,False,False,False,False,True,False,False,False,False,True,False,False,False,False,False,False,False,True,False,True,True,True,Cancel
44,10,125,65,2,3,2,1,False,True,False,False,False,False,True,False,False,False,False,False,False,False,False,False,False,True,True,False,False,False,True,False,True,No-show
25,0,223,77,3,4,2,1,False,False,True,False,True,False,False,False,False,False,False,True,False,False,False,False,False,False,False,False,False,False,True,False,False,Check-in
40,0,156,108,1,3,2,1,True,False,True,False,False,False,True,False,False,False,False,True,False,False,True,False,False,False,False,True,False,False,True,True,False,Cancel
54,25,151,84,2,3,2,1,False,False,False,False,False,True,False,False,False,False,False,True,False,False,False,False,True,False,False,False,True,False,False,True,True,Cancel
20,5,212,28,1,4,2,1,False,False,True,False,False,False,True,False,True,False,False,True,False,False,True,True,False,True,True,True,False,True,False,True,True,No-show
22,0,171,39,2,3,2,1,False,False,True,False,False,True,False,False,True,False,True,False,False,False,False,True,False,False,False,False,True,False,True,True,False,Cancel
31,25,199,91,1,3,2,1,True,False,False,False,False,False,False,True,False,False,False,False,False,True,False,False,True,True,False,False,False,True,False,False,True,Cancel
67,0,105,68,2,4,2,1,True,False,False,False,False,False,False,True,False,False,False,True,False,False,False,False,False,True,False,False,True,False,True,True,False,Check-in
31,10,182,70,3,6,2,1,False,False,True,False,True,False,False,False,False,True,False,True,False,False,False,False,True,True,False,False,False,False,True,False,True,Check-in
70,10,109,92,3,5,2,1,False,False,False,False,False,False,False,False,False,False,False,False,False,True,False,True,False,False,False,False,False,False,False,True,True,Cancel
20,10,125,153,4,5,2,1,True,True,False,False,False,False,False,False,True,False,False,False,True,False,True,False,True,True,True,False,True,False,True,True,True,Check-in
38,10,111,33,3,3,2,1,False,False,False,False,False,False,False,True,False,False,False,False,False,True,False,True,False,True,True,False,False,False,True,False,True,Cancel
26,0,105,86,1,4,2,1,False,False,True,False,False,False,False,False,False,False,True,False,False,False,True,True,False,True,False,False,False,False,True,False,False,Cancel
69,10,157,181,2,4,2,1,True,False,False,True,False,True,False,False,True,False,False,False,True,False,True,False,True,False,False,False,False,True,False,True,True,No-show
20,5,167,92,3,3,2,1,True,False,True,False,True,False,False,False,False,False,True,False,False,False,False,False,False,False,False,False,False,False,True,True,True,No-show
41,25,176,24,1,4,2,1,True,True,False,False,False,True,False,False,False,True,False,True,False,False,False,False,True,False,False,False,True,False,True,True,True,Check-in
42,5,101,193,1,5,2,1,False,False,False,False,False,False,False,False,False,True,True,False,False,True,False,False,False,True,True,False,True,False,False,False,True,Cancel
68,30,123,122,1,7,2,1,False,False,False,True,False,True,False,False,True,False,False,True,False,True,False,True,False,False,False,False,False,False,True,False,True,Cancel
26,0,121,92,1,3,2,1,True,False,True,False,False,False,True,False,True,False,False,False,True,False,True,False,False,True,True,True,False,False,True,False,False,No-show
23,25,213,146,3,2,2,1,False,False,False,False,False,False,True,True,False,False,False,False,False,True,False,True,False,False,False,False,False,False,True,True,True,Cancel
49,20,162,181,1,4,2,1,True,False,False,True,False,True,False,False,False,False,False,True,False,False,True,True,False,False,False,False,True,False,False,True,True,No-show
61,5,160,98,3,6,2,1,True,False,True,False,False,True,False,False,False,True,False,False,False,False,False,False,True,False,False,True,False,False,False,True,True,Cancel
43,40,124,188,1,5,2,1,False,True,False,False,False,False,True,False,True,False,False,False,False,False,False,True,False,False,False,False,False,False,True,True,True,Cancel
60,40,244,72,1,4,2,1,False,True,False,False,False,False,True,False,True,False,False,False,True,True,False,False,False,True,False,False,False,False,False,False,True,Cancel
49,0,184,146,1,5,2,1,False,True,False,False,False,False,True,False,True,False,False,False,True,False,True,True,False,False,False,False,False,False,False,True,False,No-show
66,5,123,24,1,3,2,1,True,False,True,False,False,False,False,False,False,True,True,False,False,True,False,False,True,False,False,False,True,False,True,True,True,Cancel
42,20,173,22,2,4,2,1,False,True,False,False,False,False,False,False,False,False,False,False,False,False,False,False,True,False,False,False,False,False,True,True,True,Cancel
67,30,240,140,1,7,2,1,False,True,False,False,False,True,False,True,False,False,False,True,False,False,True,False,True,False,False,False,False,False,True,True,True,Cancel
54,10,137,204,1,2,2,1,False,False,True,False,True,False,False,False,True,False,False,True,False,False,False,True,False,False,False,False,True,False,True,True,True,Cancel
26,10,216,106,4,3,2,1,False,False,True,False,False,False,False,False,True,False,True,False,False,False,True,False,True,False,False,False,True,False,True,False,True,No-show
69,15,146,82,1,4,2,1,False,False,False,True,False,False,True,False,True,False,False,False,True,False,True,False,False,False,False,False,False,False,False,True,True,Check-in
30,5,132,219,2,3,2,1,True,True,False,False,False,False,False,False,True,False,False,False,True,False,False,False,False,True,False,False,False,False,True,True,True,Check-in
20,10,181,192,1,4,2,1,False,False,True,False,False,False,False,False,True,False,False,False,True,False,False,False,False,True,False,False,True,False,True,False,True,Check-in
25,40,240,160,1,3,2,1,True,False,False,True,False,False,True,False,False,True,True,False,False,True,False,True,False,False,False,True,False,True,False,False,True,Cancel
30,10,183,41,2,4,2,1,False,True,False,False,True,False,False,False,True,False,False,False,False,False,True,False,True,False,False,False,True,False,True,True,True,Cancel
68,25,225,208,1,6,2,1,False,False,False,True,False,False,False,False,True,False,False,False,False,False,True,False,False,True,True,False,False,False,True,True,True,Cancel
31,10,214,108,1,4,2,1,True,True,False,False,False,False,False,False,True,False,False,True,False,True,False,False,False,False,False,False,False,True,False,False,True,Cancel
41,0,202,53,1,4,2,1,True,False,False,False,False,False,False,True,False,False,False,False,False,False,True,True,False,False,False,False,True,False,True,True,False,No-show
54,20,201,97,3,5,2,1,False,False,False,False,False,False,True,False,True,False,True,False,False,False,False,False,True,True,False,True,False,True,False,True,True,Cancel
45,15,161,83,3,2,2,1,True,False,False,True,False,False,False,False,True,False,False,False,False,True,False,False,False,False,False,False,False,False,True,True,True,No-show
49,20,235,188,1,5,2,1,True,False,False,True,False,False,True,False,False,False,False,False,True,True,False,True,False,False,False,False,False,False,True,True,True,No-show
44,0,168,39,3,5,2,1,True,False,False,False,False,False,False,True,False,False,False,True,False,True,False,False,False,True,True,False,True,False,True,True,False,Check-in
25,30,171,76,1,3,2,1,True,False,True,False,False,False,False,True,False,False,False,True,False,False,False,False,True,True,True,False,False,False,True,True,True,Check-in
67,30,111,102,1,2,2,1,True,False,False,True,False,False,False,False,False,True,True,False,False,True,False,False,True,False,False,True,False,False,True,True,True,Cancel
55,0,208,91,2,6,2,1,False,False,False,False,False,True,False,True,False,False,False,True,False,False,False,False,True,False,False,False,False,False,True,False,False,Check-in
26,20,118,184,1,5,2,1,True,False,True,False,False,False,False,False,False,False,False,False,True,True,False,False,False,False,False,False,False,False,False,False,True,Check-in
45,5,227,161,1,4,2,1,True,True,False,False,False,False,False,False,True,False,True,False,False,True,False,False,True,True,False,True,False,False,True,True,True,Cancel
53,0,110,54,1,3,2,1,True,False,True,False,True,False,False,False,False,True,False,True,False,False,False,False,False,False,False,False,False,False,False,True,False,Check-in
63,10,202,70,2,8,2,1,False,False,False,True,True,False,False,False,False,False,False,False,False,False,True,False,False,True,False,False,False,False,False,True,True,Check-in
51,0,128,27,3,6,2,1,True,False,False,True,False,False,True,False,True,False,True,False,False,False,False,False,True,False,False,False,True,False,True,True,False,Check-in
53,0,225,68,1,8,2,1,True,False,False,True,False,False,False,True,False,False,False,False,True,True,False,False,True,False,False,False,True,False,True,True,False,Cancel
32,5,121,116,1,3,2,1,False,False,False,False,False,False,True,False,False,False,False,True,False,False,False,True,False,False,False,False,False,False,True,True,True,Cancel
49,0,141,8,1,2,2,1,False,False,True,False,False,False,True,False,False,True,False,False,True,False,False,False,True,False,False,False,False,False,False,True,False,Check-in
28,5,245,8,3,7,2,1,False,False,False,False,True,False,False,False,False,True,False,True,False,False,True,False,False,False,False,False,True,False,True,True,True,Cancel
35,0,194,171,1,5,2,1,False,False,True,False,False,False,False,False,False,False,True,False,False,True,False,False,False,False,False,False,False,True,False,True,False,No-show
28,5,157,137,2,8,2,1,True,True,False,False,False,True,False,False,True,False,True,False,False,True,False,False,False,True,False,False,False,False,True,True,True,Cancel
20,5,248,101,1,6,2,1,True,False,True,False,False,False,False,False,False,False,False,False,True,True,False,False,False,False,False,False,True,False,True,True,True,Check-in
47,0,129,138,1,3,2,1,False,False,True,False,False,False,True,True,False,False,False,True,False,False,False,False,True,False,False,True,False,True,False,True,False,Check-in
47,15,132,103,3,4,2,1,False,False,False,True,False,False,True,True,False,False,False,False,False,False,True,False,False,False,False,False,False,False,False,False,True,Cancel
28,10,139,0,1,4,2,1,True,False,False,True,False,True,False,False,True,False,False,True,False,False,False,False,True,False,False,False,False,False,True,True,True,Cancel
66,20,119,140,2,6,2,1,False,False,True,False,False,False,True,True,False,False,False,False,True,False,True,False,False,False,False,False,True,True,False,True,True,Cancel
21,0,200,97,1,5,2,1,True,True,False,False,False,True,False,False,False,True,False,False,True,True,False,True,False,False,False,False,False,False,True,False,False,Check-in
18,30,138,99,1,4,2,1,False,True,False,False,False,False,False,False,False,False,False,False,True,False,True,False,True,False,False,False,False,False,True,True,True,Check-in
59,10,208,27,1,5,2,1,True,False,False,False,False,False,True,True,False,False,False,True,False,True,False,False,False,False,False,True,False,True,False,True,True,Check-in
66,15,118,183,1,6,2,1,False,False,False,False,False,True,False,False,False,False,False,False,True,True,False,True,False,False,False,False,False,False,True,False,True,Cancel
19,5,118,189,1,3,2,1,True,False,False,False,False,False,True,False,True,False,False,True,False,False,False,False,True,True,True,False,False,True,False,True,True,No-show
39,10,243,9,3,6,2,1,False,False,False,True,False,False,False,True,False,False,False,False,False,True,False,True,False,False,False,True,False,True,False,False,True,Cancel
26,0,120,11,2,3,2,1,True,False,True,False,False,True,False,True,False,False,True,False,False,False,False,True,False,False,False,False,False,False,True,True,False,Cancel
33,10,141,9,1,3,2,1,True,False,True,False,False,False,False,False,False,False,False,False,False,False,True,False,True,False,False,False,False,False,False,True,True,No-show
56,5,173,30,1,5,2,1,False,False,False,True,False,False,False,False,True,False,True,False,False,True,False,False,True,False,False,True,False,False,True,False,True,No-show
18,30,147,83,1,4,2,1,True,False,False,False,False,False,True,True,False,False,False,False,True,False,True,True,False,True,False,False,False,True,False,True,True,No-show
32,5,180,144,4,4,2,1,False,False,False,True,False,True,False,False,True,False,False,True,False,False,True,True,False,False,False,False,True,False,True,True,True,Cancel
53,40,126,110,1,7,2,1,True,False,True,False,False,False,False,True,False,False,False,False,True,False,False,True,False,False,False,False,False,False,False,False,True,Cancel
59,20,221,47,1,6,2,1,True,True,False,False,False,True,False,False,True,False,False,False,False,True,False,True,False,False,False,False,False,True,False,False,True,No-show
22,25,175,209,1,2,2,1,False,False,True,False,False,False,False,True,False,False,False,False,True,True,False,True,False,True,False,True,False,False,True,True,True,Cancel
35,20,199,162,1,4,2,0,False,False,False,True,False,True,False,False,False,False,False,False,False,True,False,True,False,False,False,True,False,False,True,True,True,No-show
18,30,122,152,4,7,2,0,False,True,False,False,True,False,False,False,False,True,False,True,False,True,False,True,False,True,False,False,False,False,True,True,True,No-show
63,0,229,73,2,4,2,0,False,False,True,False,True,False,False,False,True,False,True,False,False,False,True,False,True,True,True,False,True,True,False,True,False,Check-in
20,10,202,215,2,6,2,0,True,True,False,False,True,False,False,True,False,False,False,True,False,False,False,False,True,False,False,False,False,False,True,False,True,Check-in
70,0,123,98,2,3,2,0,True,False,False,False,False,False,True,False,False,True,False,False,True,False,False,True,False,True,True,False,False,True,False,True,False,Cancel
66,5,191,11,1,4,2,0,False,False,False,True,False,False,False,False,False,True,False,True,False,False,False,False,False,False,False,False,False,False,True,False,True,Check-in
44,25,209,214,1,3,2,0,True,False,False,True,False,False,True,False,True,False,True,False,False,False,False,True,False,True,False,True,False,True,False,False,True,No-show
19,20,104,53,3,3,2,0,False,False,False,True,False,False,False,False,False,True,False,True,False,False,True,False,True,False,False,True,False,True,False,True,True,Check-in
45,20,206,37,4,7,2,0,False,False,False,False,True,False,False,False,False,True,False,True,False,True,False,False,True,True,True,False,True,False,True,False,True,Cancel
45,25,217,103,1,5,2,0,False,False,False,True,False,True,False,True,False,False,False,False,False,True,False,False,False,False,False,False,False,True,False,False,True,Check-in
30,40,106,54,4,6,2,0,True,False,False,True,True,False,False,False,False,True,True,False,False,False,False,False,True,True,False,False,False,False,True,True,True,No-show
41,0,189,135,3,7,2,0,True,True,False,False,True,False,False,True,False,False,False,True,False,False,True,False,False,False,False,False,True,False,True,False,False,Check-in
30,20,137,58,2,8,2,0,False,False,True,False,False,True,False,False,True,False,False,True,False,False,True,False,True,False,False,False,True,False,True,True,True,Cancel
20,20,192,121,2,6,2,0,False,False,False,False,False,False,False,True,False,False,False,False,True,False,False,False,False,False,False,False,True,True,False,True,True,Cancel
67,40,104,84,2,3,2,0,True,False,False,False,False,False,True,False,False,False,False,False,True,False,True,True,False,False,False,False,True,False,True,False,True,Check-in
40,30,206,201,1,5,2,0,False,True,False,False,False,True,False,False,False,False,False,False,False,False,False,False,False,True,False,False,False,False,True,False,True,Check-in
39,5,140,168,2,7,2,0,False,True,False,False,False,False,True,True,False,False,False,False,False,False,False,True,False,False,False,False,True,False,True,True,True,No-show
24,25,229,21,2,3,2,0,True,False,False,True,False,False,False,False,True,False,False,True,False,False,False,True,False,False,False,False,False,False,True,True,True,Cancel
28,25,131,109,1,4,2,0,False,False,False,True,False,True,False,False,False,False,False,True,False,False,False,False,True,False,False,False,False,False,False,True,True,No-show
58,15,121,213,2,7,2,0,True,False,False,True,False,True,False,True,False,False,False,True,False,False,False,False,True,False,False,False,True,True,False,True,True,No-show
22,20,194,167,1,4,2,0,True,True,False,False,False,True,False,False,True,False,True,False,False,True,False,True,False,False,False,False,False,True,False,True,True,No-show
52,10,209,17,1,5,2,0,True,True,False,False,True,False,False,True,False,False,False,False,True,True,False,True,False,False,False,False,False,False,True,False,True,Cancel
32,15,123,9,4,5,2,0,False,False,False,False,False,True,False,False,False,True,False,True,False,False,True,True,False,False,False,False,False,False,True,False,True,Cancel
26,5,106,46,1,4,2,0,False,False,True,False,False,False,True,True,False,False,False,False,True,True,False,True,False,False,False,False,True,False,True,False,True,Cancel
24,10,216,185,3,3,2,0,False,False,False,False,False,False,False,True,False,False,False,True,False,False,True,True,False,True,False,False,False,False,True,True,True,Cancel
25,0,220,214,2,5,2,0,False,False,False,False,False,False,False,True,False,False,False,False,True,True,False,False,True,False,False,False,False,False,True,True,False,No-show
58,20,245,161,4,2,2,0,False,False,False,True,False,False,False,False,True,False,True,False,False,False,False,False,True,False,False,False,True,False,True,True,True,Cancel
63,15,157,46,1,4,2,0,False,False,False,True,False,False,True,False,False,True,False,False,False,False,True,True,False,False,False,False,False,False,True,True,True,No-show
26,5,145,165,1,3,2,0,True,True,False,False,False,True,False,False,False,True,False,True,False,True,False,True,False,True,True,True,False,True,False,True,True,No-show
31,20,211,57,1,6,2,0,False,False,False,False,False,False,True,False,True,False,False,True,False,False,True,True,False,False,False,False,False,False,False,True,True,No-show
66,10,149,203,1,4,2,0,False,True,False,False,False,False,True,False,True,False,False,False,False,False,True,True,False,True,False,False,True,True,False,True,True,Cancel
56,10,228,66,1,4,2,0,True,False,True,False,True,False,False,False,False,True,False,True,False,True,False,True,False,False,False,False,False,False,True,True,True,Cancel
37,30,249,32,1,6,2,0,False,True,False,False,False,False,False,True,False,False,False,True,False,False,False,False,True,True,False,False,True,True,False,False,True,Cancel
26,5,122,95,2,4,2,0,True,False,False,True,False,False,False,False,True,False,False,True,False,False,True,False,True,True,True,False,False,False,True,True,True,No-show
65,5,201,38,2,5,2,0,False,False,False,True,False,False,False,False,True,False,False,True,False,False,False,True,False,False,False,False,True,False,True,True,True,Cancel
56,5,244,21,2,5,2,0,False,False,False,False,False,False,False,True,False,False,True,False,False,False,True,False,False,True,False,False,True,False,True,False,True,No-show
28,10,175,188,1,5,2,0,False,False,True,False,False,True,False,False,True,False,False,False,False,False,True,False,False,True,True,False,True,False,False,True,True,Check-in
52,20,101,161,1,4,2,0,False,False,False,True,False,True,False,False,False,False,False,True,False,False,True,True,False,False,False,False,False,False,True,True,True,No-show
44,15,202,218,1,5,2,0,False,False,False,False,True,False,False,False,True,False,False,True,False,True,False,True,False,False,False,True,False,False,True,True,True,Cancel
32,5,239,121,2,4,2,0,True,False,True,False,False,False,False,False,False,False,False,False,True,False,False,True,False,False,False,False,True,False,True,True,True,Cancel
68,20,150,70,1,5,2,0,False,False,True,False,False,False,True,False,True,False,False,False,True,False,False,False,False,False,False,False,True,False,True,True,True,Cancel
59,20,174,173,1,5,2,0,True,True,False,False,False,False,True,False,False,True,False,True,False,True,False,True,False,False,False,False,False,False,False,True,True,Cancel
54,10,217,141,3,5,2,0,False,False,False,False,False,True,False,False,False,False,True,False,False,False,False,False,False,False,False,False,False,True,False,True,True,Check-in
28,0,135,7,1,4,2,0,True,False,False,True,False,True,False,False,False,True,False,True,False,True,False,False,False,False,False,False,False,False,True,True,False,Check-in
46,0,172,122,2,3,2,0,True,False,True,False,False,False,False,False,True,False,False,False,False,False,True,False,True,False,False,False,False,False,True,False,False,No-show
48,10,196,19,1,3,2,0,False,False,False,False,False,False,False,False,False,False,False,True,False,False,True,False,False,False,False,False,False,False,False,True,True,Check-in
29,20,133,202,1,6,2,0,False,False,False,False,True,False,False,True,False,False,False,True,False,False,False,True,False,True,False,True,False,False,True,True,True,Cancel
59,10,225,191,1,3,2,0,True,False,True,False,True,False,False,True,False,False,True,False,False,False,True,False,False,True,False,False,False,True,False,True,True,Cancel
23,0,166,175,3,6,2,0,True,True,False,False,True,False,False,False,False,True,False,False,False,False,True,False,True,False,False,False,False,False,True,False,False,No-show
24,10,133,186,1,6,2,0,True,True,False,False,False,True,False,False,True,False,True,False,False,False,False,False,True,True,False,False,False,True,False,True,True,Check-in
40,20,181,70,3,3,2,0,False,False,False,False,False,False,False,False,False,False,False,False,False,True,False,False,True,False,False,False,True,False,True,True,True,No-show
24,0,128,19,2,3,2,0,False,False,False,True,False,True,False,True,False,False,True,False,False,False,True,False,False,True,True,False,False,False,True,False,False,Check-in
39,0,203,211,2,4,2,0,False,False,False,True,False,False,False,False,False,False,False,True,False,False,False,False,False,True,False,False,False,False,True,True,False,Check-in
69,20,112,82,1,6,2,0,False,False,False,False,True,False,False,False,False,False,True,False,False,True,False,True,False,False,False,False,False,True,False,False,True,Cancel
52,10,119,3,1,3,2,0,False,False,False,True,False,False,True,True,False,False,False,False,False,False,True,False,True,False,False,False,True,False,False,True,True,No-show
33,10,153,4,1,4,2,0,True,False,False,False,False,False,True,False,False,False,False,True,False,False,True,False,True,True,False,False,True,False,False,False,True,Check-in
21,5,151,38,2,4,2,0,False,False,True,False,False,True,False,False,True,False,False,True,False,True,False,False,True,False,False,False,False,True,False,True,True,Cancel
68,20,238,184,2,4,2,0,False,False,False,False,False,False,True,False,True,False,True,False,False,False,False,False,True,True,False,False,False,False,False,True,True,Cancel
36,5,100,141,1,3,2,0,False,False,False,True,False,False,False,True,False,False,False,True,False,True,False,True,False,False,False,False,False,False,True,False,True,Cancel
22,0,154,32,4,3,2,0,False,False,False,False,False,True,False,False,False,False,False,True,False,True,False,False,True,False,False,False,True,True,False,True,False,Check-in
44,25,131,94,1,5,2,0,False,False,True,False,False,False,True,False,True,False,True,False,False,False,True,False,False,False,False,False,False,True,False,False,True,Check-in
37,40,168,77,2,3,2,0,False,False,False,True,False,False,False,False,False,False,True,False,False,False,False,True,False,False,False,False,False,True,False,True,True,Cancel
50,5,202,47,1,4,2,0,False,False,False,True,False,True,False,False,False,True,False,False,False,False,True,True,False,True,False,True,False,False,False,False,True,No-show
28,0,190,48,1,3,2,0,False,False,True,False,True,False,False,False,True,False,False,False,True,False,True,True,False,True,True,False,False,False,True,False,False,Check-in
66,0,149,46,3,5,2,0,True,False,False,False,True,False,False,False,False,True,True,False,False,False,True,False,False,True,False,False,True,False,True,True,False,No-show
49,5,152,83,1,4,2,0,True,False,True,False,False,False,True,True,False,False,False,True,False,False,True,True,False,False,False,False,True,False,True,True,True,Cancel
54,0,249,202,3,3,2,0,False,True,False,False,False,False,False,True,False,False,False,False,False,True,False,False,False,False,False,True,False,False,True,False,False,Check-in
19,10,226,200,3,3,3,0,False,False,True,False,False,False,True,True,False,False,False,False,True,False,False,False,True,False,False,False,True,False,True,True,True,Check-in
63,0,130,154,1,2,2,0,True,False,True,False,False,False,True,False,False,False,True,False,False,False,True,True,False,False,False,False,True,False,True,False,False,No-show
66,10,101,207,1,3,2,0,True,False,True,False,False,True,False,False,False,True,False,True,False,False,True,True,False,False,False,False,False,False,True,True,True,Cancel
59,20,205,7,2,3,2,0,False,False,False,False,False,False,True,True,False,False,False,True,False,True,False,True,False,True,False,False,False,True,False,False,True,Cancel
38,20,244,145,3,5,2,0,True,False,False,True,False,False,False,True,False,False,True,False,False,False,True,False,True,True,False,False,False,True,False,True,True,No-show
31,10,227,99,2,4,2,0,True,False,False,True,False,False,False,False,False,False,False,False,False,False,False,False,False,True,False,False,False,False,False,True,True,Check-in
45,0,149,115,2,4,2,0,False,False,True,False,False,True,False,False,False,True,True,False,False,False,False,True,False,False,False,False,False,True,False,True,False,Cancel
51,5,218,103,2,4,2,0,False,False,False,False,False,True,False,False,False,False,False,True,False,False,False,False,False,False,False,False,False,False,True,True,True,Check-in
57,40,243,163,2,2,2,0,False,False,True,False,False,False,False,True,False,False,False,True,False,False,True,False,False,False,False,False,False,True,False,True,True,Check-in
40,20,133,38,1,5,2,0,False,False,True,False,True,False,False,False,False,True,False,False,False,True,False,True,False,True,True,False,False,False,True,True,True,No-show
59,10,141,67,3,3,2,0,False,False,True,False,True,False,False,False,False,True,False,True,False,False,False,True,False,True,False,False,False,True,False,True,True,Cancel
50,0,116,28,1,4,2,0,False,False,False,True,False,False,False,False,False,False,True,False,False,False,True,False,False,False,False,False,False,False,True,True,False,Cancel
35,5,132,140,1,3,2,0,False,False,True,False,True,False,False,True,False,False,False,True,False,False,False,True,False,False,False,False,False,False,True,True,True,Cancel
35,20,144,85,2,2,2,0,False,True,False,False,False,True,False,False,False,False,True,False,False,True,False,False,False,False,False,False,False,True,False,True,True,Cancel
47,5,218,59,2,3,2,0,False,True,False,False,False,False,False,True,False,False,False,True,False,False,True,False,True,True,False,False,False,False,True,True,True,No-show
58,10,177,29,2,3,2,0,False,True,False,False,False,False,False,False,False,False,False,False,True,True,False,False,True,False,False,False,False,False,True,False,True,No-show
70,5,232,105,1,4,2,0,False,False,True,False,False,False,True,False,False,False,False,True,False,False,True,False,True,False,False,False,False,False,True,True,True,Cancel
54,20,155,146,3,5,3,0,False,False,False,True,True,False,False,False,False,False,False,True,False,True,False,False,True,True,False,True,False,True,False,True,True,Cancel
57,10,157,32,2,4,2,0,True,True,False,False,False,False,False,False,False,True,True,False,False,False,True,False,True,False,False,False,False,False,True,True,True,Cancel
63,10,245,64,2,5,2,0,True,False,True,False,False,False,False,False,True,False,False,False,True,True,False,False,False,False,False,False,False,True,False,True,True,Check-in
68,0,249,153,1,5,2,0,False,False,True,False,False,True,False,False,False,False,False,False,True,False,True,False,True,False,False,True,False,True,False,True,False,Check-in
46,5,157,150,1,2,2,0,False,False,False,True,False,True,False,False,True,False,False,False,False,True,False,True,False,False,False,False,False,False,True,False,True,Cancel
30,25,244,206,1,5,2,0,False,False,True,False,False,False,False,True,False,False,False,True,False,False,True,False,True,False,False,False,False,False,True,True,True,Check-in
57,5,118,7,1,3,2,0,True,False,False,True,False,False,False,False,True,False,False,False,True,False,True,False,True,False,False,False,False,False,True,False,True,No-show
20,20,128,16,2,4,2,0,False,False,False,False,False,False,False,False,True,False,False,False,False,False,True,True,False,False,False,False,False,False,True,True,True,Cancel
69,0,220,206,3,4,2,0,False,True,False,False,True,False,False,True,False,False,False,True,False,False,True,False,True,False,False,False,False,True,False,True,False,Cancel
64,40,192,147,3,2,2,0,False,False,False,False,False,False,False,False,True,False,True,False,False,False,False,True,False,False,False,False,False,False,True,True,True,Cancel
47,20,168,50,1,3,2,0,True,False,False,False,True,False,False,False,False,True,True,False,False,False,False,True,False,False,False,False,True,False,True,True,True,Cancel
52,0,234,53,3,5,2,0,True,False,False,False,False,True,False,True,False,False,False,True,False,False,False,True,False,False,False,False,False,False,True,False,False,Cancel
31,10,146,166,4,3,2,0,True,False,False,False,True,False,False,False,True,False,True,False,False,False,False,False,False,False,False,False,True,False,False,True,True,Check-in
18,10,125,127,1,7,2,0,True,False,False,False,True,False,False,True,False,False,False,False,False,True,False,False,True,False,False,False,False,False,True,False,True,Cancel
45,30,223,215,1,3,2,0,False,False,True,False,False,True,False,True,False,False,False,True,False,False,True,False,True,True,True,False,False,False,True,True,True,Check-in
36,25,102,69,4,6,2,0,True,False,False,False,False,False,True,False,False,False,False,True,False,False,False,False,True,False,False,False,False,False,True,True,True,No-show
65,25,118,187,1,5,2,0,True,True,False,False,False,True,False,True,False,False,False,False,False,False,True,False,False,False,False,False,True,False,True,True,True,Check-in
31,25,142,168,3,3,2,0,False,False,False,False,False,False,True,False,False,False,True,False,False,False,False,False,False,True,False,False,False,True,False,True,True,Cancel
27,30,207,33,2,5,2,0,True,False,True,False,False,False,True,False,True,False,False,False,False,False,False,True,False,False,False,False,True,False,True,True,True,No-show
63,25,128,97,1,6,2,0,True,True,False,False,False,True,False,False,False,True,False,True,False,True,False,False,True,True,False,False,False,True,False,True,True,No-show
23,10,132,199,4,3,2,0,True,True,False,False,False,False,False,False,False,False,False,True,False,True,False,False,False,True,True,False,True,False,True,True,True,Check-in
55,0,188,111,1,4,2,0,False,False,True,False,False,False,False,False,False,False,False,False,True,False,False,True,False,False,False,False,False,False,True,True,False,Cancel
26,10,228,107,3,5,2,0,True,False,False,True,True,False,False,False,False,False,True,False,False,True,False,False,True,False,False,False,False,False,True,True,True,No-show
43,0,108,79,1,3,2,0,False,True,False,False,False,False,False,True,False,False,False,False,False,True,False,False,True,False,False,False,False,False,True,False,False,No-show
45,0,172,87,1,3,2,0,False,False,False,False,False,False,False,True,False,False,False,False,False,False,True,True,False,False,False,False,False,False,True,False,False,Cancel
60,15,183,188,3,4,2,0,True,True,False,False,False,True,False,False,False,True,False,True,False,True,False,False,True,True,False,False,False,False,True,True,True,Check-in
51,30,122,198,2,5,2,0,False,False,False,True,False,False,True,False,False,False,True,False,False,False,True,True,False,True,False,False,False,False,False,True,True,Cancel
29,25,166,86,3,5,2,0,False,False,False,False,False,False,False,True,False,False,False,True,False,False,True,False,True,True,False,False,False,True,False,False,True,Cancel
40,0,194,81,1,4,2,0,False,True,False,False,False,False,False,False,False,False,True,False,False,True,False,True,False,True,False,False,False,False,True,True,False,No-show
34,20,182,200,2,2,2,0,True,False,True,False,False,False,False,False,True,False,False,False,True,True,False,False,False,False,False,False,False,False,True,False,True,Check-in
24,5,141,185,1,4,2,0,True,False,False,True,True,False,False,False,False,True,True,False,False,False,True,False,True,True,False,False,False,False,True,True,True,No-show
68,5,169,196,2,4,2,0,True,False,True,False,True,False,False,False,False,False,False,False,True,False,False,False,True,True,False,False,True,True,False,False,True,No-show
61,10,148,44,1,8,2,0,True,False,True,False,False,False,True,True,False,False,False,False,False,False,True,False,False,False,False,False,False,False,True,True,True,Cancel
43,5,169,28,1,5,2,0,True,True,False,False,False,False,True,True,False,False,False,True,False,False,True,True,False,False,False,False,False,False,True,True,True,No-show
37,20,181,33,4,2,2,0,True,True,False,False,False,True,False,True,False,False,False,False,True,True,False,False,False,False,False,False,False,False,True,True,True,Cancel
55,20,193,35,4,5,2,0,True,False,False,False,False,True,False,False,False,True,False,True,False,False,True,False,True,True,False,False,False,True,False,True,True,Cancel
37,10,223,109,1,4,2,0,False,False,False,False,False,True,False,False,False,False,True,False,False,False,False,False,True,False,False,False,False,False,True,True,True,Check-in
33,20,135,109,2,4,3,0,False,False,False,True,False,True,False,False,True,False,False,False,True,False,False,True,False,False,False,False,False,False,True,False,True,Cancel
27,10,166,213,1,4,3,0,True,True,False,False,False,False,False,False,False,False,True,False,False,True,False,False,False,False,False,False,False,False,False,False,True,Check-in
53,10,174,168,2,5,3,0,False,True,False,False,False,False,False,False,False,True,False,False,True,True,False,False,False,True,False,False,False,False,True,True,True,Cancel
36,10,144,21,4,8,3,0,True,False,False,False,False,False,True,False,False,False,True,False,False,False,False,False,True,True,False,False,False,True,False,True,True,Check-in
44,10,219,147,3,6,3,0,False,False,True,False,False,True,False,True,False,False,False,False,False,True,False,False,True,False,False,False,True,False,True,True,True,Check-in
58,10,211,78,2,4,3,0,False,False,False,True,True,False,False,True,False,False,False,False,True,False,False,False,False,False,False,False,True,False,True,False,True,Check-in
48,15,194,121,1,7,3,0,False,False,False,False,False,True,False,False,False,False,True,False,False,False,True,True,False,False,False,False,False,False,True,False,True,No-show
19,10,149,123,1,4,3,0,True,True,False,False,False,True,False,False,False,False,False,True,False,False,True,False,False,False,False,False,False,False,True,True,True,Check-in
61,10,134,24,1,4,3,0,False,False,True,False,False,False,False,False,False,False,False,False,False,False,False,False,True,False,False,False,False,False,True,True,True,Cancel
47,0,211,108,3,3,3,0,False,True,False,False,False,False,False,False,True,False,False,True,False,False,False,False,True,False,False,False,True,False,True,True,False,Cancel
64,5,159,123,2,6,3,0,True,False,False,True,False,False,False,True,False,False,False,False,False,True,False,True,False,True,False,False,False,True,False,True,True,Cancel
49,0,246,210,2,4,3,0,False,False,True,False,False,False,False,False,False,False,False,True,False,True,False,False,True,False,False,False,False,True,False,True,False,No-show
20,0,246,176,1,6,3,0,True,False,True,False,False,False,False,True,False,False,False,False,False,True,False,True,False,False,False,False,True,False,True,True,False,Cancel
41,15,128,54,1,5,3,0,True,False,False,False,False,False,False,False,False,False,False,False,False,False,True,True,False,False,False,False,False,True,False,False,True,No-show
25,30,154,145,2,2,3,0,False,True,False,False,False,False,False,False,False,True,False,True,False,True,False,True,False,True,False,False,False,True,False,True,True,No-show
24,20,220,211,1,4,3,0,False,False,False,False,False,False,True,False,False,True,False,False,True,True,False,False,False,False,False,False,True,True,False,True,True,Check-in
20,20,232,201,2,5,3,0,False,False,True,False,False,True,False,False,False,False,False,False,True,False,False,False,True,False,False,False,False,False,True,True,True,No-show
64,0,171,191,1,5,3,0,True,True,False,False,False,True,False,False,False,True,True,False,False,True,False,False,True,False,False,False,False,False,False,True,False,Cancel
42,15,239,57,2,5,3,0,True,False,False,False,False,False,False,False,True,False,False,False,True,False,False,False,False,False,False,True,False,False,True,False,True,No-show
35,20,179,94,2,4,3,0,False,False,False,False,False,False,True,False,False,True,False,False,False,True,False,False,True,True,False,False,False,True,False,True,True,Cancel
36,30,185,163,1,3,3,0,True,False,True,False,False,True,False,False,True,False,False,True,False,False,True,True,False,False,False,False,False,False,True,True,True,No-show
52,0,247,113,1,5,6,0,False,False,False,True,False,True,False,False,False,False,False,False,False,False,False,False,False,False,False,False,True,False,True,False,False,Check-in
60,20,183,42,2,4,6,0,True,False,False,True,False,False,False,False,True,False,False,True,False,True,False,False,True,False,False,False,False,False,True,True,True,No-show
34,5,174,94,1,3,3,0,False,False,False,True,False,False,False,False,True,False,False,True,False,False,False,True,False,True,False,False,True,True,False,True,True,Cancel
70,15,207,103,1,4,3,0,True,False,False,True,False,True,False,False,False,False,False,True,False,False,True,False,False,False,False,False,False,True,False,True,True,Check-in
33,5,242,80,3,5,3,0,True,False,False,True,False,False,False,True,False,False,False,False,True,True,False,False,True,False,False,False,False,True,False,True,True,Cancel
26,0,166,159,3,3,3,0,False,True,False,False,False,True,False,False,False,False,False,False,True,True,False,True,False,False,False,False,False,True,False,True,False,Cancel
54,5,204,32,2,3,3,0,True,False,False,True,True,False,False,False,False,False,False,False,False,False,False,True,False,False,False,False,True,False,True,True,True,Cancel
20,15,203,161,4,5,3,0,True,False,True,False,False,True,False,False,True,False,False,False,False,False,False,False,False,False,False,False,False,False,False,True,True,Check-in
29,10,213,63,2,3,3,0,True,True,False,False,False,False,True,False,False,False,False,True,False,False,False,True,False,False,False,False,False,True,False,True,True,Cancel
36,0,126,84,1,6,3,0,False,False,False,True,False,False,False,False,False,False,False,True,False,False,True,False,False,False,False,False,False,False,True,False,False,Cancel
25,10,109,80,2,3,3,0,True,False,False,False,False,False,True,False,False,False,False,True,False,False,False,True,False,True,False,False,False,False,False,True,True,No-show
47,10,204,58,2,5,3,0,True,False,False,False,False,False,False,False,False,False,False,True,False,False,True,False,False,False,False,True,False,False,True,True,True,Check-in
37,5,240,177,3,4,3,0,False,False,True,False,False,False,False,False,False,False,False,False,True,False,False,False,True,False,False,False,False,True,False,True,True,Check-in
35,20,226,221,1,5,3,0,True,True,False,False,False,True,False,False,False,False,False,True,False,False,False,False,True,True,False,True,False,True,False,True,True,Check-in
57,5,128,165,1,6,3,0,True,False,False,False,False,False,False,True,False,False,False,False,True,False,True,False,False,False,False,False,True,False,True,True,True,Cancel
37,0,140,109,1,5,3,0,True,False,True,False,False,False,True,False,True,False,False,True,False,False,True,False,True,True,False,False,False,False,True,True,False,No-show
42,25,192,158,1,3,3,0,False,True,False,False,False,True,False,False,False,True,True,False,False,False,True,False,True,False,False,False,False,False,True,True,True,Check-in
29,40,241,124,3,3,3,0,True,True,False,False,False,False,False,False,True,False,True,False,False,False,False,True,False,False,False,False,False,True,False,True,True,Cancel
47,20,123,157,3,4,3,0,True,False,False,True,False,True,False,False,False,False,False,True,False,True,False,False,False,False,False,False,False,False,True,True,True,No-show
43,10,210,185,1,2,3,0,True,False,False,False,True,False,False,False,False,False,False,False,False,True,False,False,False,False,False,False,False,False,False,False,True,Check-in
58,0,128,161,1,5,3,0,True,True,False,False,True,False,False,False,False,False,False,False,True,False,False,True,False,True,False,False,False,False,True,True,False,No-show
38,25,163,113,2,2,3,0,False,False,True,False,False,True,False,True,False,False,True,False,False,False,True,False,True,False,False,False,False,False,True,True,True,Check-in
39,10,147,122,3,3,3,0,False,True,False,False,False,True,False,True,False,False,True,False,False,True,False,False,False,False,False,False,False,True,False,True,True,Check-in
41,25,121,2,1,3,3,0,False,True,False,False,True,False,False,True,False,False,True,False,False,False,False,False,False,False,False,False,True,False,True,False,True,No-show
50,25,132,221,1,7,3,0,True,False,False,True,True,False,False,False,False,False,False,True,False,True,False,True,False,False,False,False,False,False,False,True,True,Cancel
50,10,140,203,3,4,4,0,True,False,False,True,False,False,False,False,True,False,False,False,True,True,False,True,False,False,False,False,False,False,True,True,True,Cancel
28,15,142,22,3,4,3,0,False,False,False,True,False,True,False,False,False,False,False,False,False,True,False,False,False,True,False,False,False,True,False,False,True,Check-in
47,0,209,25,3,6,3,0,False,False,True,False,False,False,True,False,False,True,True,False,False,False,False,False,True,False,False,False,False,False,False,False,False,Check-in
51,0,237,63,2,5,4,0,True,False,False,False,False,False,False,False,False,False,False,True,False,False,False,False,False,False,False,False,False,False,True,True,False,Cancel
60,0,224,157,1,4,3,0,True,True,False,False,False,False,False,True,False,False,False,True,False,True,False,False,True,False,False,True,False,False,True,True,False,Check-in
21,25,111,8,3,6,3,0,True,True,False,False,False,False,False,True,False,False,False,True,False,False,True,True,False,True,True,False,False,False,True,True,True,No-show
58,10,235,68,3,2,3,0,False,False,True,False,False,False,False,False,False,False,False,False,False,False,True,False,False,False,False,False,True,False,True,True,True,Check-in
64,10,161,107,1,5,3,0,False,False,False,False,False,False,True,False,True,False,True,False,False,False,True,True,False,False,False,False,True,False,True,True,True,No-show
66,10,227,9,1,4,3,0,False,True,False,False,False,False,False,True,False,False,False,True,False,False,True,False,False,False,False,False,False,False,True,False,True,Check-in
38,5,178,44,2,3,3,0,False,False,True,False,True,False,False,True,False,False,False,True,False,False,False,True,False,False,False,False,False,True,False,True,True,Cancel
44,20,235,48,2,4,3,0,True,False,True,False,False,False,False,False,True,False,False,True,False,False,False,True,False,False,False,False,False,False,True,True,True,Cancel
62,10,202,75,1,3,3,0,True,True,False,False,False,True,False,False,True,False,True,False,False,False,False,True,False,False,False,False,False,False,False,False,True,Cancel
48,25,246,30,3,3,3,0,True,True,False,False,False,True,False,False,False,False,False,True,False,False,True,False,False,False,False,False,False,False,True,True,True,No-show
30,0,144,108,4,3,3,0,False,True,False,False,False,True,False,False,True,False,True,False,False,False,True,False,False,True,False,False,False,True,False,True,False,Check-in
46,0,156,184,3,4,3,0,True,False,False,False,False,False,False,True,False,False,True,False,False,False,False,True,False,False,False,False,False,False,True,True,False,Check-in
40,30,246,64,1,3,3,0,False,False,False,False,False,False,False,True,False,False,False,False,True,False,False,False,False,False,False,False,False,True,False,True,True,Check-in
34,0,121,108,4,7,3,0,True,True,False,False,False,False,True,False,False,False,False,False,True,False,True,False,True,False,False,False,False,False,True,False,False,No-show
65,20,124,123,2,4,3,0,False,False,False,False,False,False,False,False,False,False,False,False,True,False,True,False,False,False,False,True,False,True,False,False,True,Check-in
69,10,226,185,3,4,3,0,True,False,False,True,False,True,False,True,False,False,False,True,False,True,False,True,False,False,False,False,True,False,True,True,True,Cancel
51,10,183,208,1,3,3,0,False,False,True,False,True,False,False,False,False,False,False,True,False,True,False,False,True,True,False,False,False,False,True,True,True,Cancel
19,5,174,203,3,3,3,0,False,False,False,False,False,True,False,False,True,False,False,True,False,False,True,True,False,False,False,False,True,True,False,True,True,Cancel
69,0,218,163,2,5,3,0,False,False,True,False,False,False,False,True,False,False,False,True,False,False,False,False,False,True,True,False,False,False,True,False,False,Check-in
41,20,162,121,1,5,3,0,True,False,True,False,False,True,False,False,True,False,False,True,False,False,False,False,True,True,True,False,False,False,True,True,True,Cancel
35,10,228,151,2,4,3,0,True,False,False,True,False,False,True,True,False,False,False,False,False,False,True,False,True,True,False,False,False,False,True,True,True,No-show
18,30,115,118,1,4,3,0,True,False,False,True,False,True,False,False,True,False,False,True,False,False,True,False,True,False,False,False,False,True,False,False,True,No-show
57,10,104,162,1,5,3,0,False,False,False,True,False,True,False,True,False,False,False,True,False,False,True,False,False,False,False,False,False,False,False,True,True,Check-in
35,5,190,37,1,4,3,0,False,False,False,True,False,False,False,True,False,False,False,False,False,False,False,True,False,False,False,False,False,True,False,False,True,Cancel
43,15,132,80,3,5,3,0,True,True,False,False,False,True,False,False,True,False,False,True,False,False,False,False,False,True,False,False,False,False,True,False,True,Check-in
47,0,139,76,2,5,3,0,True,False,False,False,True,False,False,False,False,False,False,True,False,False,False,False,False,False,False,False,False,False,True,True,False,Check-in
47,0,141,137,1,6,3,0,False,False,False,False,False,False,False,True,False,False,False,True,False,False,True,False,True,True,False,False,False,True,False,True,False,Check-in
54,10,128,154,2,6,3,0,False,False,False,False,False,False,False,False,False,False,False,False,False,False,True,True,False,False,False,False,False,False,True,True,True,Cancel
37,15,112,12,1,4,3,0,True,False,True,False,True,False,False,False,False,True,False,True,False,True,False,False,True,True,False,False,False,False,True,True,True,Cancel
59,15,192,19,1,5,3,0,True,False,False,True,False,False,True,False,True,False,False,False,True,True,False,False,True,False,False,False,False,False,False,False,True,No-show
26,0,194,22,3,3,3,0,False,False,False,True,True,False,False,True,False,False,False,False,False,False,True,False,True,False,False,False,False,False,True,True,False,No-show
66,0,143,59,1,4,3,0,True,False,True,False,False,False,False,True,False,False,False,False,False,False,True,True,False,True,False,True,False,False,False,True,False,Cancel
20,25,150,132,2,4,3,0,True,False,False,True,False,True,False,True,False,False,False,True,False,True,False,False,False,False,False,False,False,True,False,True,True,No-show
42,20,141,164,1,3,3,0,True,True,False,False,False,False,False,False,False,False,False,False,True,False,True,False,True,False,False,True,False,True,False,True,True,No-show
18,10,126,218,1,5,5,0,True,True,False,False,False,True,False,False,True,False,False,True,False,False,False,False,False,False,False,False,False,False,True,True,True,Check-in
47,10,157,97,2,3,3,0,False,False,True,False,True,False,False,False,True,False,False,False,False,False,False,False,True,False,False,False,False,True,False,True,True,Cancel
56,5,141,179,2,3,3,0,False,False,True,False,True,False,False,True,False,False,True,False,False,True,False,True,False,False,False,False,False,True,False,True,True,Cancel
49,5,188,218,1,2,3,0,False,False,True,False,False,True,False,False,True,False,False,False,False,True,False,True,False,False,False,False,False,False,True,True,True,Cancel
35,20,140,145,3,3,6,0,False,False,False,True,False,False,False,True,False,False,False,True,False,True,False,False,True,False,False,False,True,True,False,False,True,No-show
50,10,168,154,1,2,3,0,False,True,False,False,False,False,True,False,False,False,False,False,True,False,False,True,False,True,False,False,False,False,True,True,True,No-show
36,25,133,116,1,4,3,0,False,True,False,False,False,False,False,True,False,False,False,True,False,False,False,False,True,True,False,False,True,False,True,True,True,No-show
62,5,103,180,2,5,3,0,False,True,False,False,False,False,True,True,False,False,False,False,True,False,False,True,False,False,False,False,False,False,True,True,True,No-show
18,5,238,209,1,4,3,1,False,False,False,False,False,True,False,False,False,True,False,False,True,True,False,False,True,False,False,False,True,False,True,True,True,Check-in
40,0,158,189,2,4,3,1,True,False,False,True,True,False,False,False,True,False,False,True,False,False,True,True,False,False,False,True,False,True,False,False,False,No-show
69,40,154,161,1,2,3,1,False,False,False,False,False,True,False,False,True,False,True,False,False,False,True,True,False,True,True,False,True,True,False,True,True,Cancel
47,5,163,114,1,3,3,1,True,False,True,False,False,False,False,False,False,True,True,False,False,False,False,False,False,False,False,False,False,False,False,True,True,Check-in
28,5,194,72,3,6,3,1,True,False,False,False,False,False,False,False,False,False,False,False,True,False,False,False,True,False,False,False,False,True,False,True,True,No-show
52,10,112,30,2,5,3,1,True,False,False,False,False,False,False,False,False,False,False,True,False,False,False,False,False,False,False,False,False,False,True,True,True,Check-in
20,25,198,28,3,5,3,1,False,False,False,True,False,False,False,False,False,True,False,False,False,True,False,False,False,False,False,False,False,False,True,False,True,Check-in
60,10,231,197,1,3,3,1,False,False,False,True,False,True,False,False,True,False,True,False,False,False,True,False,True,False,False,False,True,False,True,True,True,Cancel
49,20,183,93,3,5,3,1,True,False,False,True,False,True,False,True,False,False,False,True,False,False,True,False,False,True,True,False,False,False,False,True,True,No-show
30,20,148,130,3,4,3,1,True,False,False,False,False,False,False,False,False,False,False,True,False,True,False,False,False,False,False,False,False,False,False,True,True,Check-in
22,40,212,82,1,3,3,1,False,False,False,True,False,False,False,True,False,False,False,False,False,False,True,True,False,False,False,False,True,False,False,True,True,No-show
34,0,232,98,1,4,3,1,True,False,True,False,False,False,False,True,False,False,False,True,False,False,True,True,False,False,False,True,False,True,False,True,False,No-show
68,10,241,188,2,4,3,1,True,False,False,True,False,False,False,False,False,False,False,False,False,False,False,False,False,False,False,False,False,False,True,True,True,Check-in
31,0,168,100,1,4,3,1,False,False,True,False,False,False,True,False,False,False,False,False,False,False,True,True,False,True,False,False,False,False,True,False,False,Cancel
57,10,179,77,1,3,3,1,False,False,False,True,False,True,False,False,False,True,False,False,False,False,True,False,False,False,False,False,False,False,True,False,True,No-show
41,20,112,41,1,5,3,1,False,True,False,False,False,False,False,False,True,False,False,True,False,False,True,True,False,False,False,False,False,False,False,True,True,No-show
58,10,153,9,1,4,3,1,True,False,False,True,False,True,False,True,False,False,False,True,False,True,False,False,False,True,False,False,False,False,True,True,True,Check-in
53,0,111,67,2,3,3,1,False,False,True,False,False,False,True,True,False,False,False,True,False,True,False,False,False,False,False,False,False,False,True,True,False,Check-in
20,30,111,94,1,5,3,1,False,False,False,False,True,False,False,False,False,True,False,False,False,False,False,False,False,False,False,False,False,False,True,False,True,Cancel
41,5,219,102,2,6,3,1,False,True,False,False,False,False,False,True,False,False,False,False,False,False,True,False,False,False,False,False,False,False,True,True,True,No-show
38,20,239,102,1,5,3,1,False,False,False,False,True,False,False,False,False,True,False,True,False,False,True,True,False,True,False,False,True,False,True,True,True,Cancel
67,5,210,191,1,3,3,1,False,False,True,False,False,False,False,False,True,False,False,True,False,False,False,False,True,False,False,False,False,False,True,True,True,Cancel
23,20,129,81,1,6,3,1,False,False,False,False,True,False,False,False,True,False,False,False,False,False,True,True,False,False,False,False,False,False,True,False,True,Cancel
50,20,237,28,2,5,3,1,True,True,False,False,True,False,False,False,False,False,False,True,False,False,False,True,False,False,False,False,False,False,True,True,True,Cancel
34,30,144,57,1,3,3,1,True,False,False,True,False,True,False,False,False,False,False,True,False,True,False,False,False,False,False,False,False,False,True,True,True,No-show
32,20,205,87,1,6,3,1,False,False,False,True,False,True,False,False,False,False,False,True,False,False,False,False,True,True,False,False,True,True,False,True,True,Check-in
22,10,203,197,1,3,3,1,False,False,False,True,False,False,False,False,True,False,True,False,False,False,True,True,False,False,False,False,False,False,True,True,True,Cancel
41,5,112,51,1,3,3,1,False,False,False,True,False,False,False,False,False,False,False,False,False,True,False,True,False,True,False,False,False,False,False,True,True,No-show
41,10,121,23,1,5,3,0,False,False,False,True,True,False,False,False,False,True,False,False,False,True,False,False,True,False,False,False,True,False,True,True,True,Cancel
65,5,235,133,1,3,3,1,False,False,True,False,False,False,True,False,True,False,False,False,True,True,False,False,True,True,False,False,True,False,True,True,True,Cancel
22,5,161,154,3,5,3,1,True,True,False,False,True,False,False,False,True,False,False,True,False,True,False,True,False,False,False,False,False,False,False,True,True,No-show
18,20,236,80,1,4,3,1,False,False,True,False,False,True,False,False,True,False,False,True,False,True,False,False,False,False,False,False,True,False,True,True,True,Cancel
41,10,220,198,1,3,3,1,False,False,True,False,True,False,False,False,False,False,False,True,False,True,False,False,True,False,False,False,False,False,True,True,True,No-show
61,5,180,40,2,3,3,1,False,False,False,True,False,False,False,False,True,False,False,False,True,False,False,True,False,True,False,False,False,False,False,True,True,Cancel
47,0,159,81,1,4,3,1,False,False,True,False,False,True,False,False,False,False,False,True,False,False,True,False,True,True,False,False,False,True,False,True,False,Cancel
22,30,152,151,2,3,3,1,True,False,False,True,False,False,True,False,False,False,False,False,True,False,False,False,True,True,True,False,False,False,True,True,True,No-show
32,5,177,100,4,4,3,1,False,False,True,False,False,False,False,False,True,False,False,True,False,True,False,False,False,True,True,False,False,False,True,True,True,Check-in
21,15,116,99,1,3,3,1,False,True,False,False,False,True,False,False,True,False,True,False,False,False,False,False,True,False,False,False,False,False,True,True,True,Check-in
52,0,175,145,2,4,3,1,True,False,False,False,False,False,False,False,False,False,False,False,True,False,True,False,True,False,False,False,False,False,True,True,False,No-show
60,0,220,23,3,3,3,1,True,False,True,False,True,False,False,False,False,False,False,True,False,False,True,False,False,True,False,True,False,False,False,True,False,Cancel
66,5,111,105,1,4,3,1,False,True,False,False,False,False,True,False,True,False,False,False,False,False,True,False,True,False,False,False,False,False,True,True,True,Cancel
68,0,196,162,2,4,3,1,True,False,False,True,False,False,True,False,False,False,False,False,True,False,False,False,False,False,False,False,True,False,True,True,False,No-show
49,25,169,70,3,4,3,1,True,False,False,True,True,False,False,True,False,False,False,True,False,False,True,False,True,False,False,False,False,False,True,True,True,Cancel
24,20,145,131,2,5,3,1,False,False,False,False,False,False,False,False,False,False,False,True,False,True,False,False,False,False,False,True,False,True,False,False,True,Check-in
57,0,136,137,1,4,3,1,False,False,False,True,False,True,False,False,True,False,False,True,False,True,False,False,True,True,False,False,False,True,False,True,False,No-show
24,0,157,187,2,2,3,1,True,False,True,False,False,False,True,False,True,False,True,False,False,False,False,True,False,True,False,False,True,False,True,True,False,No-show
28,25,184,125,1,4,3,1,True,False,True,False,False,False,True,False,False,False,False,True,False,False,True,False,False,False,False,False,False,False,False,True,True,Check-in
48,0,240,37,2,4,3,1,True,False,False,False,False,True,False,False,False,False,False,True,False,True,False,False,True,True,False,False,False,False,True,True,False,No-show
42,0,170,213,4,5,3,1,True,False,True,False,False,True,False,False,True,False,False,False,False,True,False,False,False,False,False,False,False,True,False,False,False,No-show
52,20,112,28,4,3,3,1,False,False,False,False,False,True,False,True,False,False,False,True,False,False,False,True,False,False,False,False,False,True,False,True,True,Cancel
52,0,166,170,1,4,3,1,True,False,False,False,False,False,True,False,True,False,False,False,False,True,False,False,False,True,False,False,True,True,False,True,False,Cancel
51,5,111,39,2,5,3,1,False,False,True,False,False,False,False,False,False,False,True,False,False,True,False,False,False,False,False,False,True,False,True,True,True,Cancel
67,15,123,219,2,4,3,1,True,True,False,False,False,True,False,False,False,False,False,False,False,False,False,False,False,False,False,False,False,False,True,True,True,Check-in
20,10,162,50,1,3,3,1,True,False,True,False,False,False,False,False,False,False,False,False,False,True,False,False,True,False,False,False,False,False,False,False,True,No-show
40,30,178,68,1,3,3,1,True,False,True,False,False,False,True,False,False,True,False,True,False,True,False,False,False,True,True,False,False,False,False,False,True,Check-in
63,0,143,73,3,2,3,1,True,False,True,False,False,False,False,False,False,False,False,True,False,True,False,False,False,False,False,False,False,False,True,True,False,Check-in
24,0,232,97,2,4,3,1,True,False,False,False,False,True,False,False,False,True,False,False,True,False,False,False,False,False,False,False,False,False,True,True,False,Check-in
21,10,105,138,3,4,3,1,True,False,True,False,False,False,True,False,True,False,False,True,False,False,False,False,False,True,False,False,False,False,True,True,True,Check-in
47,0,192,104,1,5,3,1,False,True,False,False,False,True,False,True,False,False,False,True,False,False,False,False,True,False,False,False,False,False,True,False,False,Check-in
43,10,138,21,1,2,6,0,True,True,False,False,True,False,False,False,True,False,False,False,True,True,False,False,True,False,False,False,False,False,True,True,True,Check-in
29,10,180,127,3,5,3,1,True,False,True,False,False,False,True,True,False,False,False,True,False,False,False,False,True,False,False,True,False,False,True,True,True,Check-in
24,25,143,126,3,2,3,1,True,False,False,True,False,True,False,True,False,False,False,True,False,False,True,False,True,True,True,False,False,False,True,True,True,Check-in
19,5,154,19,2,7,3,1,False,True,False,False,False,False,False,False,True,False,False,False,True,False,False,False,False,False,False,False,True,False,False,True,True,No-show
58,20,135,62,3,7,3,1,False,True,False,False,False,False,False,False,True,False,False,False,True,False,False,True,False,True,False,False,False,False,True,True,True,No-show
53,0,109,161,1,4,3,1,True,False,True,False,True,False,False,False,False,False,False,True,False,True,False,False,False,True,False,False,False,False,True,False,False,Check-in
70,0,110,25,1,4,3,0,False,True,False,False,False,True,False,True,False,False,False,True,False,False,False,True,False,True,False,False,False,False,True,True,False,Check-in
62,20,194,3,2,3,3,0,True,False,False,True,False,False,True,False,True,False,False,False,False,False,False,False,True,True,False,False,True,False,False,True,True,No-show
31,15,100,177,1,3,3,0,True,True,False,False,False,False,True,False,False,False,False,True,False,True,False,False,True,False,False,False,False,False,True,True,True,No-show
26,0,223,88,3,3,3,0,False,False,False,True,False,False,False,False,False,False,False,True,False,False,True,True,False,False,False,False,False,True,False,False,False,Cancel
31,10,248,94,1,3,3,0,True,False,True,False,True,False,False,False,False,False,False,True,False,False,True,False,True,False,False,False,True,False,True,False,True,No-show
30,0,243,144,2,5,3,0,True,False,False,True,False,False,True,True,False,False,False,False,True,True,False,True,False,False,False,False,False,False,True,True,False,Cancel
67,20,130,206,1,4,3,0,True,True,False,False,True,False,False,True,False,False,False,True,False,False,False,False,True,False,False,False,True,False,True,False,True,Check-in
38,0,208,104,3,2,3,0,False,True,False,False,False,False,True,True,False,False,True,False,False,False,True,False,True,False,False,False,True,False,True,True,False,Cancel
27,40,114,165,1,6,3,0,True,False,False,True,False,True,False,True,False,False,False,True,False,False,True,False,True,True,False,False,False,False,True,False,True,Cancel
28,0,115,85,3,2,3,0,False,True,False,False,True,False,False,True,False,False,False,False,False,False,True,False,False,True,False,False,False,True,False,True,False,Cancel
39,0,137,125,1,3,3,0,True,False,False,True,False,True,False,False,False,False,True,False,False,False,True,True,False,False,False,False,False,False,True,False,False,Cancel
49,20,217,216,3,6,3,0,True,False,True,False,False,False,True,True,False,False,False,True,False,True,False,False,False,False,False,False,True,False,True,False,True,No-show
47,25,222,70,1,7,3,0,False,True,False,False,False,False,True,False,False,False,False,True,False,False,False,True,False,False,False,False,True,False,True,False,True,No-show
56,5,227,49,2,3,3,0,False,False,True,False,False,False,False,False,True,False,False,False,False,False,True,True,False,False,False,True,False,False,True,True,True,Cancel
28,40,243,35,2,3,3,0,False,False,True,False,False,True,False,True,False,False,False,True,False,False,False,True,False,True,False,False,True,True,False,False,True,Cancel
69,10,200,191,1,4,3,0,False,False,False,True,False,False,True,False,False,False,False,False,True,False,False,False,True,True,False,False,False,False,True,True,True,No-show
19,0,247,145,3,5,3,0,False,False,False,True,False,False,False,False,True,False,False,False,False,False,True,True,False,False,False,False,False,False,True,True,False,Cancel
41,20,132,89,3,7,3,0,False,False,False,False,False,False,False,False,False,True,False,True,False,True,False,False,True,False,False,False,False,False,True,True,True,Cancel
66,5,140,208,2,4,3,0,True,False,False,True,False,False,True,False,False,True,True,False,False,False,True,False,True,False,False,False,False,False,False,True,True,Cancel
24,20,248,82,1,5,3,0,False,True,False,False,True,False,False,False,True,False,True,False,False,False,True,True,False,False,False,False,False,True,False,True,True,No-show
70,5,214,58,1,4,3,0,True,True,False,False,False,True,False,False,True,False,True,False,False,False,False,False,True,False,False,False,False,False,True,True,True,Check-in
18,20,128,58,1,5,3,0,False,True,False,False,True,False,False,False,False,True,False,False,False,True,False,False,False,False,False,False,False,True,False,True,True,No-show
21,20,213,161,4,4,3,0,False,False,True,False,False,True,False,False,True,False,False,False,True,False,True,False,True,False,False,False,False,False,True,True,True,Cancel
34,10,132,105,2,2,3,0,False,False,False,False,True,False,False,False,False,False,False,True,False,True,False,False,True,True,False,False,False,False,True,False,True,Cancel
32,5,173,63,3,5,3,0,False,False,False,True,False,False,True,False,True,False,False,False,False,False,False,False,True,False,False,False,False,True,False,True,True,No-show
59,25,139,117,2,4,3,0,True,False,True,False,False,False,True,False,False,True,False,True,False,True,False,False,False,False,False,False,True,False,True,True,True,Cancel
25,10,140,138,1,3,3,0,True,False,True,False,False,False,True,False,False,True,False,True,False,True,False,False,False,False,False,False,True,False,True,True,True,Check-in
22,0,239,62,3,4,3,0,False,False,True,False,True,False,False,False,False,False,False,False,False,False,True,False,False,False,False,False,True,True,False,False,False,Check-in
50,0,161,27,2,6,3,0,False,False,False,False,False,True,False,False,False,False,False,False,True,False,False,False,False,True,False,False,True,False,True,False,False,No-show
31,5,124,77,1,4,3,0,False,True,False,False,False,False,False,False,False,False,False,False,False,False,False,False,False,False,False,False,False,False,True,True,True,Check-in
58,20,247,106,1,2,3,0,False,False,True,False,False,False,False,True,False,False,False,True,False,False,False,True,False,False,False,False,False,False,True,True,True,Cancel
41,10,172,127,2,4,3,0,False,False,False,True,True,False,False,False,False,True,True,False,False,False,False,False,False,False,False,False,False,False,False,False,True,Check-in
54,0,127,60,2,5,3,0,False,False,False,True,False,False,True,False,True,False,False,False,False,False,False,True,False,True,True,False,True,False,True,True,False,No-show
70,0,169,6,1,4,3,0,False,False,True,False,False,True,False,True,False,False,False,False,True,True,False,False,True,False,False,False,False,False,True,True,False,Cancel
31,10,166,152,4,7,3,0,True,False,False,False,False,False,False,False,False,False,False,False,False,False,True,True,False,True,False,False,False,False,True,True,True,No-show
62,15,226,66,4,3,3,0,False,True,False,False,True,False,False,True,False,False,False,True,False,True,False,False,True,True,False,False,False,False,False,True,True,Cancel
47,25,208,7,2,5,3,0,False,False,True,False,False,False,False,False,False,False,False,False,False,False,False,False,True,True,False,False,False,False,True,True,True,Cancel
36,30,208,111,2,3,3,0,True,True,False,False,False,True,False,False,True,False,True,False,False,False,True,True,False,True,False,False,False,False,True,True,True,Cancel
30,0,188,113,1,3,3,0,True,True,False,False,False,False,True,False,False,True,False,True,False,False,False,False,False,False,False,False,False,False,True,True,False,Check-in
68,15,224,99,2,4,3,0,False,False,False,False,False,False,True,True,False,False,True,False,False,False,False,True,False,False,False,False,True,True,False,True,True,Cancel
36,5,117,209,1,2,3,0,False,False,True,False,False,False,False,False,False,False,False,True,False,True,False,True,False,False,False,False,False,False,True,True,True,Cancel
52,10,186,218,1,4,3,0,True,False,False,False,False,False,False,False,False,False,False,True,False,False,True,True,False,False,False,False,True,True,False,True,True,Cancel
44,0,177,142,1,4,3,0,False,False,False,False,False,False,True,False,False,False,False,True,False,False,True,False,True,False,False,False,True,False,True,True,False,Cancel
41,5,190,24,4,2,3,0,True,True,False,False,False,False,True,False,True,False,False,False,False,True,False,False,True,False,False,False,False,True,False,False,True,Check-in
54,0,120,217,2,4,3,0,False,True,False,False,True,False,False,False,True,False,False,True,False,True,False,True,False,False,False,False,True,True,False,True,False,Cancel
55,10,145,69,2,3,3,0,False,False,False,True,True,False,False,False,True,False,True,False,False,False,False,True,False,False,False,False,True,False,True,True,True,Cancel
20,0,205,217,3,2,3,0,True,False,False,True,False,False,True,False,False,True,False,True,False,False,False,False,True,False,False,False,False,True,False,True,False,Check-in
39,10,171,72,4,5,3,0,False,False,False,True,True,False,False,False,True,False,False,False,True,True,False,False,True,True,False,False,False,False,False,True,True,Cancel
40,15,228,28,1,4,3,0,True,True,False,False,False,False,False,False,False,False,False,False,False,True,False,False,True,True,False,True,False,False,False,False,True,Check-in
23,20,119,188,2,7,3,0,True,True,False,False,False,False,True,False,False,True,True,False,False,False,False,False,True,True,False,False,False,False,True,True,True,No-show
50,0,184,152,2,3,3,0,True,False,False,True,False,False,True,False,True,False,False,True,False,False,True,True,False,False,False,False,False,True,False,True,False,Cancel
35,10,109,12,4,4,3,0,False,False,False,True,False,False,False,False,False,False,False,True,False,True,False,False,False,False,False,False,False,False,True,True,True,Check-in
38,0,149,26,1,4,3,0,True,True,False,False,False,False,True,False,False,False,False,True,False,True,False,True,False,False,False,False,False,False,True,True,False,No-show
46,25,116,11,4,5,3,0,False,False,False,False,False,False,False,True,False,False,False,False,True,True,False,False,False,False,False,False,False,True,False,True,True,Check-in
65,40,134,42,2,4,3,0,False,False,False,False,False,False,True,False,True,False,False,False,False,False,False,False,True,False,False,False,True,False,True,True,True,Cancel
21,10,115,10,1,4,3,0,False,False,False,True,True,False,False,True,False,False,False,True,False,True,False,True,False,False,False,False,False,False,False,True,True,Check-in
24,0,223,77,3,4,3,0,True,False,False,True,False,False,False,True,False,False,False,False,True,True,False,True,False,True,True,False,False,False,True,True,False,Check-in
47,20,245,212,1,5,3,0,False,False,True,False,True,False,False,False,False,False,False,False,True,True,False,True,False,True,True,False,False,False,True,True,True,Check-in
66,0,168,30,2,3,3,0,False,True,False,False,False,False,False,False,False,False,False,True,False,True,False,False,True,False,False,False,False,False,True,True,False,Cancel
61,25,158,8,1,3,3,0,True,False,False,True,True,False,False,False,False,False,False,False,False,False,False,False,True,True,False,False,False,False,True,True,True,Check-in
69,10,241,90,1,4,3,0,False,False,False,True,True,False,False,False,False,True,True,False,False,False,False,False,False,False,False,False,False,False,True,True,True,Check-in
32,25,232,41,3,3,3,0,False,True,False,False,False,False,False,False,True,False,False,True,False,False,True,False,False,False,False,False,False,False,True,True,True,No-show
44,40,199,157,1,4,3,0,True,True,False,False,True,False,False,True,False,False,False,True,False,True,False,True,False,False,False,False,True,True,False,True,True,Cancel
22,10,239,32,3,6,3,0,True,False,True,False,False,False,False,False,True,False,False,False,True,True,False,False,False,False,False,False,True,False,True,True,True,Cancel
25,20,157,197,4,6,3,0,False,True,False,False,True,False,False,False,True,False,False,False,False,False,True,False,True,True,False,False,False,False,True,True,True,Check-in
20,5,130,50,1,3,3,0,False,True,False,False,True,False,False,False,False,True,False,True,False,False,False,False,False,False,False,False,False,False,True,True,True,Check-in
54,10,160,100,1,3,3,0,True,False,False,True,False,False,True,True,False,False,True,False,False,False,False,False,False,False,False,False,False,True,False,True,True,Check-in
51,5,248,154,1,6,3,0,False,True,False,False,False,False,False,False,True,False,True,False,False,False,False,False,True,False,False,False,False,True,False,False,True,Check-in
32,25,232,108,2,5,3,0,False,False,True,False,False,False,True,True,False,False,True,False,False,False,False,True,False,False,False,False,False,False,True,True,True,Cancel
45,0,166,62,2,2,3,0,False,False,True,False,False,True,False,False,False,False,True,False,False,True,False,False,False,False,False,False,False,True,False,True,False,No-show
20,10,152,148,3,4,3,0,True,False,False,True,False,False,False,True,False,False,False,False,True,True,False,False,True,False,False,False,True,False,True,False,True,Cancel
38,10,183,9,3,8,3,0,True,False,True,False,True,False,False,True,False,False,False,False,True,False,False,True,False,False,False,False,False,True,False,True,True,No-show
32,10,188,52,2,4,3,0,False,False,True,False,False,True,False,False,True,False,True,False,False,False,False,False,False,True,False,False,False,False,True,True,True,Check-in
65,30,111,42,1,4,3,0,False,True,False,False,True,False,False,False,False,False,True,False,False,False,False,False,False,False,False,False,False,False,True,False,True,No-show
54,10,224,200,4,5,3,0,True,False,True,False,True,False,False,False,True,False,False,True,False,False,True,False,False,True,True,False,True,False,True,True,True,Cancel
36,30,106,75,1,4,3,0,False,True,False,False,False,False,False,True,False,False,False,False,False,True,False,False,False,False,False,False,False,True,False,True,True,No-show
25,5,195,72,1,4,3,0,True,False,True,False,False,False,False,False,True,False,False,False,True,False,True,False,False,False,False,False,False,False,True,True,True,Check-in
64,15,241,96,1,4,3,0,True,True,False,False,False,False,False,True,False,False,False,True,False,True,False,False,False,True,False,False,False,True,False,True,True,No-show
52,0,140,86,2,2,3,0,False,True,False,False,False,False,True,False,False,False,False,False,True,True,False,True,False,True,False,False,False,False,False,True,False,Cancel
68,25,237,40,1,4,3,0,False,False,True,False,False,False,False,False,False,False,False,True,False,False,True,False,False,False,False,False,False,False,True,False,True,Check-in
19,10,143,88,4,3,3,0,True,False,True,False,False,False,False,False,False,False,False,False,True,False,False,True,False,True,True,False,False,False,True,True,True,No-show
49,5,155,135,1,4,3,0,False,False,False,False,False,False,True,False,True,False,True,False,False,True,False,False,False,False,False,False,False,False,True,False,True,Check-in
55,20,236,175,2,4,3,0,False,False,False,True,True,False,False,False,False,False,True,False,False,False,False,False,True,False,False,False,False,False,True,False,True,Check-in
30,0,167,106,3,2,3,0,True,False,True,False,False,True,False,False,True,False,False,True,False,False,False,False,True,True,False,False,True,True,False,True,False,Check-in
28,0,207,216,1,2,4,0,True,False,False,True,False,False,False,True,False,False,False,True,False,False,False,False,True,False,False,True,False,False,True,True,False,No-show
49,25,201,180,1,5,3,0,False,False,False,True,False,True,False,False,False,False,False,False,False,False,True,True,False,False,False,False,False,False,True,True,True,No-show
52,0,239,1,2,3,3,0,False,False,False,False,False,True,False,False,False,True,False,False,True,True,False,True,False,True,False,False,False,False,True,False,False,Cancel
52,25,186,169,2,4,3,0,True,False,False,False,False,False,True,False,True,False,False,True,False,True,False,False,True,False,False,False,False,False,True,True,True,No-show
20,30,110,128,2,5,3,0,True,False,False,True,False,True,False,False,True,False,False,False,True,False,False,True,False,True,True,False,False,False,False,True,True,No-show
57,10,119,33,1,3,3,0,True,False,True,False,False,False,True,False,False,True,False,True,False,False,True,False,True,True,False,False,False,False,True,True,True,Cancel
30,30,111,89,1,4,3,0,True,False,False,True,False,True,False,True,False,False,False,False,True,False,False,False,False,False,False,True,False,True,False,True,True,No-show
18,20,245,10,1,2,3,0,False,False,True,False,False,False,False,False,False,True,False,True,False,True,False,False,True,True,False,False,False,False,True,False,True,Cancel
22,5,215,120,2,3,3,0,True,True,False,False,False,True,False,False,True,False,False,True,False,False,True,False,False,False,False,False,False,True,False,False,True,Check-in
57,5,241,100,2,2,4,0,False,False,False,False,False,False,False,False,False,False,True,False,False,True,False,False,True,False,False,False,False,False,False,True,True,Check-in
60,10,196,38,4,5,3,0,True,False,True,False,False,False,False,False,False,False,True,False,False,False,True,False,True,False,False,False,False,True,False,False,True,Cancel
67,5,189,73,1,6,3,0,False,False,False,False,True,False,False,False,True,False,False,False,True,True,False,False,True,True,True,False,True,True,False,False,True,Check-in
66,5,136,137,1,4,3,0,True,True,False,False,False,True,False,True,False,False,True,False,False,True,False,False,False,False,False,False,False,True,False,True,True,Check-in
33,10,114,163,1,2,3,0,True,False,True,False,True,False,False,True,False,False,True,False,False,True,False,True,False,False,False,False,False,False,True,False,True,No-show
33,30,184,161,3,6,3,0,False,True,False,False,False,False,False,False,True,False,False,True,False,True,False,True,False,True,True,False,True,False,False,True,True,Cancel
34,0,237,75,1,3,3,0,False,False,False,False,True,False,False,False,True,False,True,False,False,False,True,True,False,False,False,False,False,False,True,True,False,Cancel
43,30,210,181,1,6,3,0,True,False,False,False,False,True,False,False,False,False,False,True,False,False,True,False,True,True,False,False,False,True,False,True,True,Check-in
18,20,184,200,1,3,3,0,False,False,True,False,False,False,True,False,False,False,False,False,True,False,False,False,True,False,False,False,False,True,False,True,True,Check-in
51,25,239,156,3,5,3,0,False,False,False,True,False,True,False,False,False,False,True,False,False,False,False,False,True,True,False,False,False,False,True,False,True,No-show
34,10,152,96,1,6,3,0,True,False,False,False,True,False,False,False,False,False,False,False,False,True,False,False,False,False,False,False,True,False,True,True,True,Check-in
20,30,179,166,1,2,3,0,True,True,False,False,False,False,False,False,False,True,False,True,False,True,False,True,False,False,False,False,False,False,True,True,True,No-show
33,30,234,112,3,2,3,0,False,True,False,False,False,False,True,True,False,False,True,False,False,False,True,True,False,True,False,False,False,False,True,False,True,Check-in
52,0,154,206,1,3,3,0,False,False,True,False,False,False,False,False,True,False,False,True,False,False,False,True,False,True,False,False,False,False,True,True,False,Cancel
19,10,238,57,1,5,3,0,False,True,False,False,True,False,False,False,False,False,False,False,False,False,False,False,True,True,True,False,False,False,False,True,True,Cancel
55,5,164,126,1,3,3,0,False,False,True,False,False,False,True,True,False,False,False,False,False,False,True,False,False,False,False,False,False,False,False,True,True,Cancel
63,0,139,43,1,5,3,0,True,False,False,False,False,False,False,False,True,False,False,True,False,False,False,True,False,False,False,False,False,False,True,False,False,Cancel
51,25,144,167,2,6,3,0,True,False,False,True,False,False,True,False,False,True,False,False,False,False,False,False,False,False,False,False,False,False,True,False,True,Check-in
54,10,177,106,1,6,3,0,True,False,True,False,False,False,False,False,True,False,False,False,True,True,False,False,False,True,False,False,False,False,True,True,True,Cancel
63,5,113,111,3,4,3,0,False,False,False,False,True,False,False,False,False,False,True,False,False,True,False,False,False,False,False,False,False,False,False,True,True,Cancel
64,5,108,14,1,5,3,0,True,True,False,False,True,False,False,False,True,False,False,False,False,True,False,False,True,False,False,False,False,False,True,True,True,No-show
43,15,136,47,1,3,3,0,False,True,False,False,False,False,False,False,False,False,False,True,False,True,False,False,False,False,False,False,False,True,False,True,True,Check-in
52,0,117,171,3,4,3,0,False,False,False,False,True,False,False,False,False,False,True,False,False,True,False,False,True,False,False,False,False,True,False,True,False,Cancel
39,10,191,115,1,4,3,0,False,False,False,True,True,False,False,False,False,True,False,True,False,True,False,True,False,True,False,False,True,False,True,True,True,Cancel
62,5,130,47,3,4,3,0,False,False,False,False,False,False,False,False,True,False,False,False,True,False,False,False,False,True,True,False,False,False,True,True,True,Check-in
41,15,236,58,1,5,3,0,True,False,False,True,True,False,False,False,False,False,False,False,False,True,False,True,False,False,False,False,False,True,False,True,True,No-show
57,20,196,147,1,4,3,0,True,True,False,False,False,False,False,False,False,False,False,True,False,False,True,False,True,False,False,False,False,False,True,True,True,Check-in
49,10,245,16,2,2,3,0,False,False,False,False,False,True,False,False,False,False,False,False,False,True,False,False,False,False,False,False,False,False,True,True,True,Check-in
43,10,229,58,1,7,3,0,True,False,True,False,False,False,True,False,True,False,False,True,False,False,True,True,False,False,False,True,False,True,False,True,True,Cancel
47,5,155,43,1,6,3,0,False,False,False,False,False,False,True,False,False,True,False,False,False,False,True,True,False,False,False,False,False,True,False,True,True,No-show
56,20,107,211,1,3,3,0,False,False,False,True,False,False,True,False,False,True,True,False,False,True,False,False,False,True,False,False,False,False,True,True,True,Cancel
44,10,116,134,2,4,3,0,False,False,False,True,False,False,False,False,False,False,False,True,False,False,False,False,False,False,False,False,False,False,True,True,True,Cancel
37,0,173,111,3,3,3,0,False,True,False,False,False,False,True,False,False,False,False,True,False,False,True,False,False,True,True,False,False,False,True,True,False,Check-in
37,5,173,151,1,3,3,0,False,False,False,True,False,False,True,False,True,False,False,True,False,True,False,False,False,False,False,False,False,True,False,True,True,Check-in
63,20,203,188,1,3,3,0,False,True,False,False,False,False,True,False,False,False,False,False,False,False,True,False,True,False,False,False,True,False,True,True,True,Check-in
18,5,221,48,3,6,3,0,True,True,False,False,False,False,False,False,False,False,True,False,False,False,False,False,False,True,True,False,False,False,True,False,True,No-show
51,5,221,121,3,4,3,0,False,False,True,False,False,False,False,False,False,False,False,True,False,False,False,False,False,False,False,False,False,False,True,True,True,Cancel
29,0,240,28,1,4,3,0,False,True,False,False,False,False,True,False,True,False,False,True,False,False,False,False,True,True,False,False,False,False,True,True,False,Check-in
26,0,201,168,4,5,3,0,True,False,True,False,False,False,True,False,False,False,False,False,True,False,True,True,False,True,True,False,False,False,True,True,False,No-show
68,5,120,114,1,5,3,0,True,False,True,False,True,False,False,False,False,False,False,True,False,False,False,False,True,False,False,False,False,False,True,True,True,Cancel
65,10,147,26,3,4,3,0,True,True,False,False,False,True,False,False,False,False,False,True,False,True,False,False,False,True,True,False,False,False,False,True,True,Cancel
47,30,198,130,1,4,3,0,False,False,False,True,False,False,False,False,False,False,False,True,False,False,False,False,True,True,False,False,False,False,True,False,True,Check-in
48,40,145,116,2,3,3,0,True,True,False,False,True,False,False,False,False,True,True,False,False,True,False,True,False,True,True,False,False,True,False,True,True,Cancel
51,20,165,212,2,5,3,0,True,False,False,True,False,True,False,False,False,False,False,False,True,True,False,False,False,False,False,False,False,False,True,True,True,Check-in
50,40,173,70,2,2,3,0,False,True,False,False,False,False,False,False,False,False,False,False,False,False,False,False,True,False,False,False,False,False,True,True,True,Cancel
40,0,209,117,1,2,3,0,False,False,False,True,False,True,False,True,False,False,True,False,False,False,True,False,False,True,True,False,True,False,True,True,False,Check-in
48,30,153,78,1,4,3,0,False,False,False,False,False,True,False,True,False,False,False,False,True,True,False,False,True,False,False,False,False,False,True,False,True,Check-in
59,10,221,135,2,5,3,0,True,False,True,False,False,False,True,False,False,True,True,False,False,False,True,False,False,False,False,False,False,False,True,True,True,No-show
35,20,207,81,1,4,3,0,False,False,True,False,False,False,True,True,False,False,False,True,False,False,False,True,False,True,True,False,False,False,True,False,True,No-show
40,20,197,209,3,5,3,0,True,False,True,False,True,False,False,False,False,True,False,False,False,True,False,False,True,False,False,False,True,True,False,True,True,Cancel
43,0,102,220,1,3,3,1,True,False,True,False,False,False,False,False,True,False,True,False,False,False,True,False,True,False,False,True,False,False,True,True,False,Cancel
42,5,119,192,2,5,3,0,False,True,False,False,False,True,False,False,True,False,False,True,False,False,True,True,False,False,False,False,True,False,True,True,True,Cancel
46,25,193,44,1,6,3,0,True,False,False,False,True,False,False,True,False,False,False,True,False,True,False,True,False,True,True,False,False,False,True,True,True,Cancel
26,20,111,62,1,4,3,0,True,True,False,False,False,False,False,True,False,False,False,True,False,False,False,False,True,False,False,False,True,False,True,True,True,No-show
29,25,198,35,2,5,3,0,True,False,True,False,False,False,False,False,False,True,False,True,False,False,False,False,True,False,False,False,False,False,True,True,True,Cancel
27,20,144,28,3,5,3,0,False,True,False,False,False,False,True,True,False,False,False,False,False,True,False,True,False,False,False,False,False,False,True,True,True,Cancel
34,15,204,66,2,4,3,0,True,True,False,False,False,False,False,False,False,False,False,False,True,True,False,True,False,False,False,True,False,True,False,True,True,No-show
65,10,179,120,3,5,3,0,False,True,False,False,True,False,False,False,False,False,False,False,True,False,True,True,False,False,False,False,True,False,True,True,True,Cancel
27,20,118,170,2,7,3,0,True,False,False,False,False,False,False,False,True,False,False,False,True,False,False,False,True,False,False,False,False,True,False,True,True,Cancel
63,0,198,85,1,4,3,1,False,False,True,False,True,False,False,True,False,False,False,True,False,False,True,False,False,False,False,False,False,False,True,True,False,Check-in
43,5,111,187,1,3,3,1,False,True,False,False,False,False,False,False,False,True,True,False,False,False,False,False,True,False,False,False,False,False,False,True,True,Check-in
32,25,224,171,1,4,3,1,True,False,False,True,False,True,False,False,False,True,True,False,False,False,True,False,False,False,False,False,True,False,True,True,True,No-show
54,10,128,53,1,4,3,1,False,False,False,True,False,False,True,False,True,False,False,False,True,True,False,False,False,False,False,False,False,False,True,False,True,Check-in
63,0,213,68,3,3,3,1,False,False,False,False,True,False,False,False,False,False,False,True,False,False,True,False,True,False,False,False,True,False,True,True,False,Cancel
41,10,249,7,1,8,3,1,True,True,False,False,False,False,False,False,True,False,False,True,False,False,False,False,True,True,False,False,True,True,False,True,True,Cancel
48,25,221,1,3,4,3,1,False,False,True,False,True,False,False,True,False,False,False,False,False,False,False,True,False,True,True,False,False,True,False,True,True,Cancel
34,0,201,117,1,7,3,1,False,False,True,False,False,True,False,True,False,False,False,False,True,False,True,False,False,True,False,False,False,False,True,True,False,Check-in
35,25,218,176,2,4,3,1,False,True,False,False,False,False,True,False,True,False,False,False,True,True,False,True,False,False,False,False,True,False,True,True,True,Check-in
68,5,152,59,1,4,3,1,True,False,False,True,False,False,True,False,False,False,False,False,True,False,True,True,False,False,False,False,False,False,False,False,True,Cancel
48,5,114,162,2,3,3,1,True,False,True,False,False,False,True,False,True,False,False,True,False,False,True,False,True,False,False,False,True,False,False,False,True,No-show
55,10,198,15,1,2,3,1,False,False,False,True,False,False,False,False,False,True,False,True,False,False,False,True,False,False,False,False,False,False,True,True,True,Cancel
33,10,135,57,3,4,3,1,True,False,True,False,False,False,False,False,False,False,False,True,False,False,True,False,False,True,True,False,False,True,False,False,True,Check-in
45,5,137,24,1,8,3,1,False,True,False,False,True,False,False,False,True,False,False,True,False,False,False,True,False,False,False,False,False,False,True,True,True,No-show
18,10,228,148,3,5,3,1,True,False,False,True,False,True,False,False,False,False,True,False,False,True,False,False,True,False,False,False,False,True,False,True,True,No-show
38,30,185,164,1,3,3,1,False,False,True,False,False,True,False,False,False,False,False,True,False,True,False,True,False,True,False,True,False,True,False,True,True,Cancel
38,0,140,94,3,4,3,1,False,False,True,False,False,False,False,False,True,False,True,False,False,False,False,False,True,False,False,False,False,False,True,True,False,Cancel
50,20,141,121,1,7,3,1,False,False,False,True,False,False,False,False,False,False,False,True,False,False,True,False,True,True,True,False,False,True,False,True,True,Cancel
53,5,198,148,1,2,3,1,False,False,False,True,True,False,False,False,False,False,True,False,False,True,False,False,True,False,False,False,False,False,True,True,True,No-show
46,10,124,207,3,2,3,1,True,True,False,False,False,False,False,True,False,False,False,True,False,False,False,False,True,False,False,False,False,False,False,True,True,Check-in
36,5,105,157,1,5,3,1,True,True,False,False,False,False,True,False,False,False,False,False,False,False,False,True,False,False,False,False,False,False,True,True,True,Cancel
19,0,232,22,1,3,3,1,False,False,False,False,False,False,False,False,False,False,False,False,False,True,False,True,False,True,True,False,True,False,False,False,False,Cancel
51,10,101,201,3,3,3,1,False,False,True,False,False,False,False,False,False,False,False,True,False,False,False,False,False,True,True,False,False,False,True,True,True,Check-in
39,0,229,6,1,3,3,1,False,False,False,True,False,False,True,False,True,False,True,False,False,False,False,False,False,True,True,False,True,False,True,True,False,No-show
32,20,102,42,1,4,3,1,True,True,False,False,False,False,False,True,False,False,False,False,False,True,False,False,False,False,False,False,True,False,True,True,True,Check-in
54,5,199,89,1,3,3,1,True,False,True,False,False,False,False,False,False,True,False,False,True,False,True,True,False,False,False,False,True,False,False,True,True,Cancel
29,20,167,46,1,4,3,1,False,False,False,False,False,False,False,False,True,False,False,False,True,False,False,False,True,False,False,False,False,False,True,False,True,Cancel
55,20,120,116,1,2,3,1,False,False,False,False,False,True,False,False,False,True,False,False,True,True,False,False,True,False,False,False,True,False,True,True,True,Cancel
56,20,157,180,1,5,3,1,True,False,False,True,False,False,True,False,False,False,True,False,False,False,False,True,False,False,False,False,False,False,True,True,True,Cancel
58,20,211,54,4,7,3,1,False,False,True,False,True,False,False,False,False,False,False,True,False,False,True,True,False,False,False,True,False,False,True,True,True,Cancel
21,10,162,195,2,4,3,1,True,False,False,False,False,False,False,True,False,False,False,True,False,False,False,False,True,True,False,False,False,True,False,False,True,No-show
56,10,244,38,2,6,3,1,True,False,False,True,False,False,True,True,False,False,False,False,True,False,False,False,True,False,False,False,False,False,False,False,True,Cancel
61,20,165,77,1,3,3,1,True,False,False,False,False,False,False,False,True,False,False,True,False,False,False,False,True,False,False,False,True,False,False,False,True,No-show
31,0,217,26,3,4,3,1,False,False,True,False,False,True,False,False,True,False,False,True,False,True,False,True,False,True,True,False,False,True,False,False,False,No-show
56,20,223,22,2,4,3,1,True,False,False,True,False,False,False,False,True,False,False,False,False,False,True,False,True,False,False,False,False,False,True,False,True,No-show
45,10,163,24,2,4,3,1,True,True,False,False,False,False,True,False,False,False,True,False,False,False,False,True,False,False,False,False,True,True,False,True,True,Cancel
62,20,184,191,4,3,3,1,True,False,True,False,True,False,False,False,True,False,True,False,False,False,False,True,False,False,False,True,False,False,False,True,True,Cancel
45,20,193,100,2,4,3,1,False,True,False,False,False,False,False,True,False,False,False,True,False,False,True,True,False,False,False,False,False,False,True,True,True,Cancel
54,30,209,211,1,6,3,1,True,False,False,False,False,False,False,False,True,False,False,True,False,False,False,False,True,False,False,False,False,False,False,True,True,No-show
52,10,102,77,1,4,3,1,True,False,False,True,False,False,False,False,True,False,False,False,False,True,False,False,False,True,False,False,False,True,False,False,True,No-show
39,10,126,187,1,3,3,1,False,False,True,False,True,False,False,False,True,False,False,False,True,False,False,True,False,True,False,False,True,True,False,True,True,Cancel
47,20,224,58,1,6,3,1,False,False,True,False,False,True,False,False,False,False,True,False,False,False,False,False,True,False,False,False,False,False,True,True,True,Cancel
60,10,204,102,2,5,3,1,True,True,False,False,True,False,False,False,True,False,False,False,False,True,False,False,False,False,False,False,True,False,True,False,True,Cancel
28,0,149,39,1,5,3,1,False,False,True,False,False,False,False,False,False,False,True,False,False,False,False,True,False,False,False,False,False,False,True,True,False,Cancel
47,5,226,64,4,3,3,1,True,False,True,False,False,False,False,True,False,False,False,True,False,False,True,False,True,False,False,False,False,False,False,True,True,No-show
54,20,102,160,1,3,3,1,True,False,True,False,False,False,False,False,True,False,False,True,False,False,True,False,False,False,False,False,True,False,True,False,True,Check-in
29,0,233,193,2,5,3,1,True,False,False,True,False,False,True,True,False,False,True,False,False,True,False,True,False,True,False,False,False,True,False,True,False,Cancel
39,40,103,169,1,6,3,1,False,False,False,False,False,False,True,False,False,True,True,False,False,False,True,False,False,True,False,False,False,False,True,False,True,Cancel
67,5,122,152,1,4,3,1,True,False,False,True,True,False,False,False,True,False,False,True,False,False,True,False,True,True,False,False,False,False,True,False,True,No-show
18,20,153,189,4,6,3,1,False,False,False,False,False,False,True,False,False,False,False,False,True,True,False,False,False,False,False,False,True,False,True,True,True,No-show
57,20,208,30,1,4,3,1,False,True,False,False,False,False,True,True,False,False,False,False,True,False,False,True,False,False,False,False,False,False,False,True,True,Cancel
28,15,236,121,3,3,3,1,False,False,False,True,False,True,False,False,False,False,False,True,False,False,True,False,True,False,False,False,False,False,True,False,True,No-show
44,0,166,37,1,3,3,1,True,True,False,False,False,False,False,False,True,False,False,False,True,False,True,True,False,True,False,False,False,False,True,True,False,Cancel
67,0,109,132,4,4,3,1,True,False,False,True,False,True,False,False,False,True,False,True,False,False,True,False,True,False,False,False,True,False,True,False,False,Cancel
70,10,226,187,2,2,3,1,False,True,False,False,False,True,False,False,False,False,True,False,False,True,False,True,False,False,False,False,False,True,False,True,True,Cancel
52,0,205,34,1,4,3,1,False,False,False,False,False,True,False,False,False,True,False,False,False,True,False,False,True,False,False,False,False,False,True,False,False,No-show
19,15,193,20,1,4,3,1,True,True,False,False,True,False,False,False,False,True,True,False,False,False,True,False,True,True,False,False,False,False,True,True,True,No-show
22,20,106,200,2,5,3,1,False,False,True,False,True,False,False,True,False,False,False,True,False,False,True,True,False,False,False,False,False,False,True,False,True,Cancel
45,20,123,40,1,5,3,1,True,False,False,False,False,True,False,False,True,False,False,False,True,False,True,True,False,True,False,False,True,True,False,False,True,No-show
35,20,200,143,1,3,3,1,True,False,False,True,False,True,False,False,False,False,True,False,False,False,True,True,False,True,True,False,False,True,False,True,True,No-show
37,5,160,110,3,6,3,1,False,False,False,False,False,True,False,False,False,True,False,True,False,False,False,False,True,True,False,True,False,False,True,True,True,No-show
62,5,206,39,2,3,3,1,False,False,False,True,True,False,False,False,False,False,False,False,True,True,False,False,True,False,False,False,False,False,True,False,True,Check-in
55,5,147,78,2,4,3,1,True,False,False,False,False,False,False,False,False,False,True,False,False,False,True,False,True,False,False,False,True,False,True,False,True,Cancel
67,15,186,144,1,4,3,1,False,True,False,False,False,False,True,True,False,False,False,True,False,True,False,False,False,False,False,False,False,True,False,True,True,Check-in
36,5,221,1,1,3,3,1,False,False,True,False,False,False,True,False,False,False,False,False,False,False,True,True,False,True,False,False,False,False,False,True,True,Cancel
46,25,216,199,3,5,3,1,False,True,False,False,False,False,False,False,False,True,True,False,False,False,True,True,False,False,False,False,True,False,True,True,True,Cancel
44,20,232,101,1,4,3,1,False,False,False,True,False,False,True,False,True,False,False,False,False,True,False,False,False,True,True,False,False,False,True,True,True,No-show
66,40,218,85,1,4,3,1,True,False,False,True,False,False,False,False,False,False,False,False,True,True,False,False,False,False,False,False,True,False,True,False,True,No-show
35,30,137,8,3,6,3,1,False,False,False,True,True,False,False,True,False,False,False,True,False,True,False,False,False,True,False,False,False,True,False,False,True,Cancel
58,0,190,209,3,4,3,1,True,False,False,True,False,True,False,True,False,False,True,False,False,False,False,False,True,False,False,False,True,True,False,False,False,Cancel
38,30,147,68,1,2,3,1,False,False,False,False,False,False,False,False,True,False,False,True,False,True,False,False,False,False,False,False,False,True,False,True,True,No-show
46,25,230,9,3,2,3,1,True,False,False,False,False,False,False,True,False,False,False,True,False,False,False,False,True,False,False,False,False,False,False,True,True,Cancel
43,40,143,108,2,2,3,1,False,False,True,False,False,True,False,False,True,False,False,True,False,False,False,False,False,True,False,False,True,False,True,True,True,Cancel
54,0,203,127,1,7,3,1,True,False,True,False,True,False,False,True,False,False,True,False,False,False,False,False,False,False,False,False,False,True,False,True,False,Cancel
53,10,146,102,1,4,3,1,False,False,False,True,False,True,False,False,True,False,False,True,False,False,True,False,False,False,False,False,False,True,False,True,True,No-show
43,20,179,145,1,5,3,1,True,False,False,False,False,False,False,False,True,False,True,False,False,False,True,False,False,True,True,False,True,False,True,True,True,Check-in
54,25,104,141,3,4,3,1,False,False,True,False,False,False,False,True,False,False,False,True,False,False,True,True,False,False,False,False,True,True,False,True,True,Cancel
56,5,146,48,2,4,3,1,True,False,False,True,False,False,False,False,False,False,False,False,False,False,False,True,False,False,False,False,False,False,True,True,True,Cancel
33,25,117,131,2,3,3,1,True,False,False,False,False,False,False,True,False,False,False,False,True,False,False,True,False,False,False,False,False,False,True,False,True,Cancel
65,25,186,85,4,4,3,1,True,False,False,False,True,False,False,True,False,False,False,False,False,False,True,False,True,False,False,False,False,False,True,True,True,Check-in
39,10,190,130,1,3,3,1,True,False,False,False,True,False,False,False,True,False,False,True,False,False,True,False,False,False,False,False,False,True,False,True,True,Check-in
65,5,176,60,2,5,3,1,False,False,True,False,False,False,False,True,False,False,False,True,False,False,False,False,True,False,False,False,False,False,True,False,True,Check-in
47,0,163,75,1,5,3,1,True,False,False,True,True,False,False,False,True,False,True,False,False,False,False,False,False,True,False,False,False,False,True,False,False,Check-in
38,10,224,88,2,3,3,1,False,False,False,True,False,False,False,True,False,False,False,True,False,False,False,False,False,True,False,False,False,False,True,False,True,Cancel
57,10,140,85,3,3,3,1,True,False,False,True,False,False,True,False,False,False,False,True,False,True,False,True,False,False,False,False,True,False,True,True,True,Cancel
32,20,198,158,1,4,3,1,False,True,False,False,False,False,True,False,False,False,False,False,True,True,False,False,True,False,False,False,False,False,True,True,True,Check-in
36,5,127,189,3,4,3,1,True,False,True,False,False,False,False,False,False,True,True,False,False,True,False,False,True,False,False,False,False,False,True,False,True,No-show
66,5,235,29,2,4,3,1,True,False,False,True,False,True,False,True,False,False,False,False,False,False,False,False,False,True,False,False,False,False,False,True,True,Cancel
39,0,194,168,1,7,3,1,False,False,False,True,False,False,False,False,True,False,False,True,False,True,False,True,False,False,False,False,False,True,False,False,False,Cancel
21,25,125,21,1,4,3,1,False,False,False,True,False,False,False,True,False,False,False,False,True,False,False,False,False,False,False,False,False,False,True,True,True,No-show
42,5,123,146,1,4,3,1,True,True,False,False,False,False,False,True,False,False,True,False,False,False,False,False,False,False,False,False,False,False,True,True,True,Check-in
38,10,177,70,1,3,3,1,False,True,False,False,False,True,False,True,False,False,False,True,False,False,True,False,True,False,False,False,False,False,True,False,True,Check-in
50,10,243,37,4,3,3,1,True,False,False,False,False,True,False,False,False,False,False,True,False,True,False,False,False,True,False,False,False,False,True,True,True,No-show
31,15,143,46,1,4,3,1,True,True,False,False,True,False,False,False,True,False,False,False,False,False,True,False,True,False,False,False,False,True,False,False,True,Cancel
27,5,150,111,1,7,3,1,False,False,False,True,False,False,False,False,False,False,False,True,False,False,False,False,True,False,False,False,False,True,False,True,True,No-show
22,20,173,63,1,3,3,1,False,False,False,False,False,False,False,False,False,False,True,False,False,False,True,True,False,True,True,False,False,False,True,True,True,Cancel
48,5,224,182,1,4,3,1,False,False,False,True,False,False,False,False,True,False,True,False,False,False,False,False,False,False,False,False,False,False,True,True,True,Check-in
59,10,109,177,1,4,3,1,True,False,False,True,False,False,False,True,False,False,True,False,False,True,False,True,False,True,False,False,False,True,False,True,True,Cancel
33,10,154,187,1,5,3,1,True,True,False,False,False,True,False,False,False,False,False,False,True,False,False,False,False,False,False,False,False,False,False,True,True,Check-in
59,20,219,19,3,3,3,1,False,False,True,False,False,False,False,False,False,True,False,False,False,True,False,False,True,True,False,False,True,False,False,True,True,Cancel
21,20,177,130,3,4,3,1,True,False,False,True,False,False,False,True,False,False,False,True,False,False,True,True,False,True,False,False,False,False,True,True,True,Cancel
21,5,145,158,3,3,3,1,True,False,False,True,False,False,False,False,True,False,False,False,True,False,False,False,False,False,False,False,False,False,True,True,True,Cancel
18,10,146,101,1,3,3,1,True,False,True,False,False,True,False,False,True,False,False,True,False,False,True,True,False,True,True,True,False,True,False,True,True,No-show
57,5,138,217,2,3,3,1,False,False,False,True,False,False,False,True,False,False,False,False,False,False,False,False,False,True,False,False,True,True,False,True,True,Cancel
61,0,233,53,1,2,6,1,False,False,False,False,False,False,False,True,False,False,False,False,True,True,False,False,True,False,False,False,False,False,True,True,False,No-show
34,5,126,214,1,4,3,1,False,False,True,False,False,False,True,False,False,False,False,False,False,True,False,False,False,False,False,False,True,False,True,True,True,Check-in
18,0,214,166,3,3,3,0,True,False,False,True,False,False,True,True,False,False,True,False,False,False,False,False,True,False,False,False,False,True,False,True,False,Check-in
66,0,168,34,3,3,3,0,True,True,False,False,False,True,False,False,False,True,False,True,False,False,True,True,False,False,False,False,False,False,True,True,False,Check-in
60,20,241,209,2,5,3,0,True,True,False,False,False,False,False,False,True,False,False,False,False,False,False,True,False,True,False,False,True,False,True,True,True,Cancel
70,40,213,184,3,3,3,0,True,True,False,False,True,False,False,False,False,True,False,True,False,True,False,False,True,True,False,False,False,False,True,False,True,Cancel
41,30,163,165,4,4,3,0,False,False,False,False,False,False,False,True,False,False,False,True,False,False,True,False,False,True,False,False,True,False,True,False,True,Check-in
32,40,156,177,1,3,3,0,True,False,False,False,False,True,False,False,False,True,True,False,False,False,True,False,True,False,False,False,False,True,False,False,True,No-show
30,30,124,98,3,7,3,0,True,False,False,True,False,False,False,True,False,False,False,False,True,False,False,False,False,False,False,False,False,False,True,True,True,No-show
43,40,161,64,1,5,3,0,False,False,False,True,True,False,False,False,True,False,False,False,True,True,False,False,False,True,False,False,True,False,True,False,True,Cancel
31,0,125,7,3,3,3,0,False,True,False,False,False,False,False,False,False,False,False,False,False,False,True,True,False,False,False,False,False,True,False,True,False,No-show
21,25,111,204,2,4,3,0,False,True,False,False,True,False,False,False,False,False,False,False,False,False,False,False,False,True,False,False,False,True,False,True,True,Cancel
31,0,194,215,1,4,3,0,False,True,False,False,True,False,False,False,False,False,False,True,False,False,True,False,False,False,False,False,True,False,True,True,False,Check-in
33,20,148,46,3,4,3,0,True,False,True,False,False,False,True,False,False,True,False,True,False,False,True,False,True,False,False,False,True,False,True,True,True,Cancel
26,0,198,176,2,3,3,0,True,False,True,False,False,False,False,False,False,False,False,True,False,False,True,False,True,True,True,False,False,False,False,True,False,Check-in
20,5,123,23,4,5,3,0,True,True,False,False,False,True,False,False,False,True,False,True,False,False,False,False,True,False,False,False,False,True,False,False,True,Check-in
57,10,104,168,1,3,3,0,True,False,True,False,False,False,True,False,True,False,False,False,True,True,False,True,False,True,False,False,False,True,False,True,True,Cancel
66,15,225,101,1,3,3,0,False,False,False,False,False,False,True,False,False,True,True,False,False,False,False,False,False,True,True,False,True,False,False,True,True,Cancel
56,20,197,103,1,7,3,0,True,True,False,False,True,False,False,True,False,False,False,False,True,False,False,False,False,False,False,False,False,True,False,False,True,Check-in
32,5,221,205,1,3,3,0,False,False,True,False,False,False,False,False,True,False,False,True,False,True,False,False,True,False,False,False,False,False,True,False,True,Check-in
56,0,237,173,1,7,3,0,False,False,False,True,True,False,False,False,False,True,False,False,True,False,False,False,True,False,False,False,False,False,True,True,False,No-show
27,0,234,130,1,4,3,0,False,False,False,True,True,False,False,False,False,False,False,True,False,True,False,False,False,False,False,False,False,False,True,False,False,Cancel
26,0,226,9,1,5,3,0,False,False,False,False,False,False,True,False,False,False,False,False,False,False,False,False,False,False,False,False,True,False,True,False,False,No-show
36,5,191,5,1,5,3,0,False,False,True,False,False,False,False,False,False,True,False,False,True,False,False,False,True,False,False,False,True,False,False,False,True,Cancel
34,0,199,161,1,3,3,0,False,True,False,False,False,False,False,False,False,True,False,True,False,False,False,False,True,False,False,False,False,False,True,True,False,Check-in
55,0,128,33,2,2,3,0,False,False,False,False,False,False,False,True,False,False,False,False,True,False,True,False,False,False,False,True,False,False,True,False,False,Check-in
43,15,201,170,4,6,3,0,False,True,False,False,False,False,False,False,False,True,False,False,False,False,False,True,False,False,False,False,False,False,False,False,True,Cancel
60,30,239,98,1,3,3,0,False,False,False,True,True,False,False,True,False,False,False,False,False,False,True,True,False,True,False,False,False,False,True,True,True,No-show
57,5,119,95,1,2,3,0,True,False,False,True,False,True,False,False,False,True,False,False,True,True,False,True,False,True,True,False,True,False,True,False,True,Cancel
47,15,174,179,2,3,3,0,True,False,False,False,False,False,True,False,False,False,False,True,False,False,True,False,True,True,True,False,False,True,False,False,True,Check-in
52,10,239,131,1,3,3,0,False,False,True,False,True,False,False,False,False,False,False,True,False,True,False,False,True,True,False,False,False,True,False,True,True,Cancel
39,25,224,60,1,4,3,0,False,False,False,True,False,False,False,True,False,False,False,False,True,True,False,False,False,True,True,False,False,False,True,True,True,Check-in
52,5,244,131,1,2,3,0,True,True,False,False,False,False,False,False,True,False,False,False,False,False,False,True,False,True,False,False,False,False,True,True,True,Cancel
47,10,120,14,1,5,3,0,True,False,False,True,False,False,False,True,False,False,False,False,False,False,True,False,False,False,False,False,True,False,True,True,True,Check-in
51,25,248,13,1,6,3,0,True,False,False,True,False,False,True,False,False,True,False,False,False,True,False,False,True,True,False,False,False,False,True,True,True,Cancel
59,5,187,175,4,2,3,0,False,False,False,False,False,False,True,False,False,True,False,False,False,True,False,True,False,False,False,False,False,False,False,True,True,Cancel
27,5,145,146,1,6,3,0,False,False,False,False,False,True,False,False,True,False,False,False,False,False,True,False,False,False,False,False,False,False,False,False,True,Check-in
34,0,114,72,1,4,3,0,False,False,False,False,False,False,False,False,False,False,False,False,False,False,True,True,False,False,False,False,False,False,True,True,False,No-show
40,20,146,169,1,4,3,0,True,False,False,True,False,False,True,True,False,False,False,True,False,False,True,False,False,True,False,False,True,True,False,False,True,Cancel
69,10,228,163,2,5,3,0,True,False,True,False,True,False,False,False,True,False,False,True,False,False,True,False,True,False,False,True,False,False,False,True,True,Cancel
29,0,119,173,1,5,3,0,False,False,True,False,False,False,True,True,False,False,False,False,True,False,True,False,False,False,False,False,False,True,False,True,False,Cancel
24,5,143,152,1,6,3,0,True,False,True,False,False,False,False,True,False,False,True,False,False,False,False,False,True,False,False,False,False,True,False,True,True,Cancel
38,0,152,33,2,5,3,0,True,True,False,False,False,False,False,True,False,False,False,True,False,False,False,False,True,True,True,False,True,False,True,True,False,Check-in
46,10,216,48,1,3,3,0,True,False,True,False,False,True,False,False,True,False,True,False,False,False,True,False,False,True,True,False,False,False,True,True,True,Check-in
20,0,230,72,2,4,3,0,False,False,False,True,True,False,False,False,True,False,True,False,False,False,True,False,True,False,False,False,False,True,False,True,False,No-show
57,0,178,111,1,6,3,0,True,True,False,False,False,False,False,True,False,False,True,False,False,False,False,False,True,False,False,False,False,False,True,True,False,Check-in
39,20,135,71,1,5,3,0,False,False,False,False,False,False,False,False,False,True,False,False,False,False,True,False,True,True,True,False,False,False,True,True,True,Cancel
56,10,187,31,2,4,3,0,False,True,False,False,True,False,False,False,True,False,False,True,False,True,False,True,False,True,False,False,False,True,False,True,True,No-show
45,15,110,64,2,4,3,0,True,False,True,False,False,False,True,False,True,False,True,False,False,True,False,True,False,False,False,False,True,True,False,False,True,No-show
47,0,122,168,1,2,3,0,False,True,False,False,False,False,True,True,False,False,False,True,False,False,False,True,False,True,False,False,False,False,True,True,False,No-show
23,25,151,188,4,5,3,0,False,False,False,True,False,False,False,False,False,True,False,True,False,False,True,False,False,False,False,False,False,False,True,False,True,Check-in
27,5,200,206,1,3,3,0,False,True,False,False,False,False,True,False,True,False,False,True,False,True,False,True,False,True,False,False,False,False,True,True,True,No-show
23,20,184,55,3,5,3,0,True,False,False,False,False,False,False,False,False,False,False,True,False,False,False,True,False,False,False,False,False,True,False,True,True,No-show
45,25,210,125,1,7,3,0,False,False,True,False,True,False,False,True,False,False,False,True,False,False,False,False,True,True,False,False,True,False,False,True,True,Cancel
38,10,205,112,2,2,3,0,False,False,False,True,False,False,True,False,False,False,False,True,False,False,True,True,False,True,False,False,False,False,True,True,True,Cancel
33,15,170,122,1,5,3,0,True,True,False,False,False,False,False,False,False,True,False,True,False,True,False,False,False,False,False,False,False,True,False,True,True,Check-in
29,0,234,210,1,3,3,0,True,False,False,True,False,True,False,False,False,True,False,False,True,False,True,False,True,True,False,False,True,False,True,True,False,Check-in
26,0,221,109,1,6,3,0,True,False,False,True,False,False,False,True,False,False,False,True,False,False,True,False,True,False,False,False,False,False,True,False,False,No-show
35,5,127,192,3,2,7,0,True,True,False,False,True,False,False,True,False,False,False,True,False,False,False,False,True,False,False,False,False,False,True,False,True,Check-in
18,0,170,219,2,5,3,0,True,False,True,False,True,False,False,True,False,False,False,True,False,True,False,True,False,False,False,False,True,False,False,False,False,Cancel
68,0,188,155,3,4,3,0,True,False,True,False,False,False,False,False,True,False,False,False,True,False,True,False,True,True,False,True,False,False,True,False,False,No-show
37,0,109,130,2,5,3,0,True,False,False,False,False,False,True,False,True,False,True,False,False,False,False,False,True,False,False,False,False,False,True,False,False,Check-in
46,10,232,11,3,2,3,0,True,False,False,True,False,False,False,False,True,False,False,True,False,False,False,False,False,False,False,False,True,False,True,True,True,Check-in
21,25,205,218,1,2,3,0,False,False,True,False,False,False,False,False,True,False,False,True,False,False,True,False,True,True,False,False,False,False,True,True,True,Check-in
22,10,238,21,1,2,3,0,True,False,False,True,True,False,False,True,False,False,False,False,False,True,False,False,False,True,False,False,False,True,False,True,True,Check-in
35,10,158,182,2,5,3,0,False,False,True,False,False,False,False,True,False,False,False,True,False,False,True,True,False,True,True,False,True,False,False,False,True,Check-in
22,40,131,92,3,5,3,0,False,False,True,False,False,False,True,True,False,False,False,True,False,False,True,True,False,False,False,False,False,True,False,False,True,Cancel
22,10,227,85,4,5,3,0,True,False,False,True,False,False,True,False,True,False,False,True,False,False,False,False,True,False,False,False,True,True,False,True,True,Check-in
61,5,150,14,1,5,3,0,False,False,False,False,False,False,False,False,False,True,True,False,False,False,True,True,False,False,False,True,False,False,True,True,True,No-show
40,10,240,0,4,4,3,0,False,False,False,False,True,False,False,False,True,False,False,True,False,False,False,True,False,False,False,False,False,True,False,False,True,Cancel
31,25,228,71,2,5,3,0,True,False,False,True,False,False,False,True,False,False,False,True,False,True,False,False,True,False,False,False,False,False,True,True,True,Cancel
57,10,101,183,3,5,3,0,True,True,False,False,True,False,False,False,False,False,False,False,False,False,True,False,True,False,False,False,True,False,True,True,True,Cancel
60,0,124,192,4,4,3,0,False,False,False,False,False,False,False,False,True,False,False,True,False,False,True,True,False,False,False,False,False,False,True,True,False,Cancel
65,40,216,30,3,4,3,0,False,False,False,True,False,False,False,False,True,False,False,True,False,False,True,False,False,False,False,False,False,True,False,True,True,Check-in
22,40,180,41,3,4,3,0,False,False,False,False,False,True,False,True,False,False,False,True,False,True,False,False,False,True,True,False,False,False,True,True,True,Check-in
42,10,168,103,1,6,3,0,False,False,False,True,True,False,False,False,False,False,False,False,False,False,False,True,False,False,False,False,False,True,False,True,True,No-show
57,5,196,142,2,4,3,0,True,False,True,False,False,True,False,False,False,False,False,True,False,False,False,False,True,True,True,False,False,False,True,True,True,Cancel
55,40,221,160,1,3,3,0,False,False,False,True,True,False,False,False,True,False,True,False,False,True,False,False,True,False,False,False,False,False,True,True,True,Cancel
40,0,108,127,1,6,3,0,True,True,False,False,False,False,True,False,False,False,True,False,False,False,True,True,False,False,False,False,False,False,False,True,False,Cancel
70,5,126,7,1,4,3,0,False,False,True,False,False,True,False,False,True,False,False,False,False,False,True,False,True,True,True,False,False,False,True,True,True,Check-in
39,0,166,49,2,6,3,0,True,False,False,False,True,False,False,True,False,False,False,False,True,False,True,True,False,False,False,False,False,False,True,True,False,No-show
52,5,228,161,2,5,3,0,True,False,False,False,False,False,False,False,False,False,False,False,True,True,False,False,True,False,False,False,False,True,False,True,True,Cancel
54,5,238,57,4,5,3,0,False,False,False,False,True,False,False,True,False,False,False,False,True,True,False,False,False,False,False,False,False,False,True,False,True,Check-in
19,0,243,62,3,5,3,0,True,False,True,False,False,False,True,False,False,True,False,False,False,True,False,True,False,False,False,False,False,True,False,True,False,Check-in
47,5,185,145,2,3,3,0,False,False,True,False,False,False,True,False,False,True,False,True,False,True,False,False,False,False,False,False,False,False,True,False,True,Check-in
44,10,117,191,1,4,3,0,False,False,False,False,False,True,False,False,True,False,False,False,True,True,False,True,False,False,False,False,False,True,False,True,True,Cancel
54,15,110,192,2,5,3,0,True,True,False,False,False,False,True,False,True,False,True,False,False,False,True,False,False,True,False,False,True,False,True,False,True,No-show
34,25,133,101,1,6,3,0,False,False,True,False,False,True,False,True,False,False,True,False,False,False,True,True,False,False,False,False,False,False,True,True,True,Cancel
60,20,165,100,2,3,3,0,False,False,True,False,False,False,True,True,False,False,False,False,True,True,False,True,False,False,False,False,True,False,True,False,True,Check-in
39,20,198,217,3,5,4,0,False,False,True,False,False,True,False,False,False,True,False,True,False,False,False,True,False,False,False,False,False,False,False,True,True,Cancel
60,0,145,167,3,7,3,0,True,False,True,False,False,False,False,False,False,False,False,False,False,False,False,True,False,False,False,False,False,True,False,False,False,Cancel
26,10,132,90,1,2,3,0,True,True,False,False,False,True,False,False,False,False,False,False,True,True,False,True,False,False,False,False,False,True,False,True,True,No-show
51,25,238,133,1,6,3,0,True,False,False,False,False,False,False,False,True,False,True,False,False,True,False,False,False,False,False,False,True,False,False,True,True,Check-in
41,0,192,128,4,3,3,0,True,False,True,False,False,True,False,False,True,False,False,True,False,False,False,True,False,True,True,False,False,True,False,True,False,Cancel
61,20,151,123,2,7,3,0,False,False,True,False,False,False,False,False,True,False,False,False,False,True,False,False,True,True,True,False,False,True,False,True,True,Cancel
19,10,106,6,4,4,3,0,True,True,False,False,True,False,False,True,False,False,False,False,False,True,False,False,True,False,False,True,False,True,False,True,True,No-show
54,20,120,176,1,4,3,0,True,False,True,False,False,False,False,True,False,False,False,False,True,False,True,False,True,False,False,False,False,True,False,False,True,No-show
24,5,134,40,1,3,3,0,True,False,False,True,False,False,False,False,True,False,True,False,False,False,True,False,False,False,False,False,True,True,False,True,True,Check-in
31,10,182,11,3,5,3,0,True,True,False,False,False,False,False,True,False,False,False,False,False,False,False,False,True,False,False,False,False,False,True,True,True,Cancel
28,10,246,152,4,6,3,0,False,False,False,False,False,False,True,False,True,False,False,True,False,False,True,False,False,False,False,True,False,False,True,False,True,No-show
23,0,173,203,4,3,3,0,True,False,True,False,True,False,False,True,False,False,False,False,True,False,True,False,True,False,False,False,True,False,True,True,False,Check-in
63,10,195,217,3,3,3,0,False,True,False,False,False,False,False,False,False,False,False,True,False,False,True,False,False,False,False,False,False,False,True,True,True,Check-in
60,20,118,213,2,4,3,0,False,False,False,True,False,True,False,False,True,False,True,False,False,False,True,False,False,False,False,False,True,True,False,True,True,No-show
32,0,207,203,1,4,3,0,True,True,False,False,False,False,False,False,False,False,False,False,True,False,True,False,False,True,False,False,False,False,True,True,False,Check-in
61,25,145,30,1,4,3,0,False,False,False,True,False,True,False,False,False,False,True,False,False,False,True,False,True,False,False,False,False,True,False,True,True,No-show
30,15,249,117,1,3,3,0,True,False,True,False,False,False,False,True,False,False,True,False,False,False,False,True,False,False,False,False,False,False,False,True,True,No-show
37,0,120,212,2,3,3,0,True,False,True,False,False,False,False,True,False,False,False,True,False,False,True,False,True,False,False,False,False,False,True,True,False,Check-in
62,0,245,128,1,3,3,0,True,False,True,False,False,True,False,True,False,False,False,False,True,False,False,False,True,False,False,False,False,False,True,False,False,Cancel
36,20,242,132,1,4,3,0,False,False,True,False,False,False,False,False,False,True,False,True,False,False,False,False,True,False,False,False,True,False,True,True,True,Cancel
52,10,177,41,1,6,3,0,False,True,False,False,False,False,False,False,True,False,False,True,False,False,False,False,False,True,False,False,False,True,False,True,True,No-show
57,0,116,32,1,5,3,0,False,False,False,True,False,True,False,False,False,False,True,False,False,False,True,True,False,True,False,False,False,False,True,False,False,Cancel
48,0,221,32,2,4,3,0,False,False,True,False,True,False,False,True,False,False,False,True,False,False,False,False,False,False,False,False,False,False,False,False,False,Check-in
31,10,246,140,1,3,3,0,False,False,True,False,False,False,False,False,False,False,True,False,False,True,False,False,False,True,False,False,False,False,True,False,True,Cancel
48,40,205,156,1,7,3,0,False,False,True,False,False,False,True,True,False,False,False,False,True,True,False,False,True,False,False,False,True,False,True,False,True,Check-in
43,0,219,210,1,2,3,0,True,False,False,True,False,False,True,False,False,False,False,True,False,False,True,True,False,False,False,False,False,True,False,True,False,Cancel
60,40,241,188,1,3,3,0,True,True,False,False,False,True,False,True,False,False,False,True,False,False,True,False,False,False,False,False,False,False,True,True,True,Check-in
46,0,227,66,4,4,3,0,True,True,False,False,False,False,False,True,False,False,True,False,False,False,True,False,False,True,False,False,False,False,True,False,False,Check-in
56,25,221,93,3,2,3,0,True,True,False,False,False,False,True,True,False,False,True,False,False,False,False,False,True,False,False,False,False,True,False,False,True,Check-in
40,5,165,27,2,5,3,1,True,True,False,False,False,False,False,False,False,False,True,False,False,True,False,False,False,False,False,False,False,False,True,False,True,Check-in
21,40,168,119,2,5,3,1,False,False,True,False,False,False,False,True,False,False,False,True,False,False,True,False,True,False,False,False,False,True,False,True,True,Check-in
66,15,190,10,3,4,3,1,False,False,False,False,False,True,False,True,False,False,True,False,False,True,False,True,False,False,False,False,False,False,True,True,True,No-show
46,0,213,198,1,4,3,1,True,False,False,False,False,False,True,True,False,False,False,False,False,False,False,True,False,False,False,False,True,False,True,True,False,No-show
54,0,234,195,2,6,3,1,True,True,False,False,False,False,False,True,False,False,False,True,False,True,False,False,False,False,False,False,False,False,True,True,False,Check-in
18,5,233,140,2,3,3,1,False,False,True,False,False,False,False,False,False,False,True,False,False,False,True,False,False,True,False,False,True,False,True,True,True,No-show
33,20,111,0,3,5,3,1,True,True,False,False,False,True,False,False,False,True,True,False,False,False,True,False,False,False,False,False,True,False,True,True,True,Check-in
45,5,120,103,1,4,3,1,False,True,False,False,False,False,True,True,False,False,False,False,False,False,True,True,False,False,False,False,False,True,False,False,True,Cancel
56,10,191,196,1,5,3,1,True,False,True,False,False,False,True,False,False,False,False,False,False,False,False,True,False,False,False,False,False,False,True,True,True,No-show
52,25,236,45,1,5,3,1,True,False,False,False,True,False,False,False,True,False,False,True,False,False,False,False,True,False,False,False,False,True,False,True,True,No-show
37,40,136,195,1,3,3,1,False,False,False,True,False,False,False,False,False,False,True,False,False,False,True,True,False,False,False,True,False,False,True,True,True,Cancel
23,0,165,169,1,3,3,1,False,True,False,False,False,True,False,False,False,True,False,False,True,False,False,False,False,False,False,False,False,False,False,True,False,Check-in
38,0,171,84,1,3,3,1,False,False,True,False,False,False,True,False,True,False,False,True,False,False,True,False,False,True,False,False,False,False,True,False,False,Check-in
32,20,245,82,1,4,3,1,True,False,False,True,False,False,False,False,False,False,False,False,True,False,True,False,False,True,True,False,False,False,True,True,True,No-show
26,10,176,70,2,3,3,1,False,False,False,True,False,False,True,False,True,False,False,False,False,False,False,False,True,False,False,False,False,True,False,True,True,No-show
38,25,234,2,2,3,3,1,True,True,False,False,False,True,False,False,False,True,False,True,False,False,False,False,False,True,False,False,False,True,False,True,True,Cancel
69,0,209,178,1,3,3,1,False,False,False,False,False,False,False,False,False,False,False,True,False,False,True,False,False,True,False,False,False,False,True,False,False,No-show
18,5,102,60,1,3,3,1,True,False,False,True,False,False,False,False,False,False,False,False,True,False,False,False,False,True,True,False,True,True,False,True,True,No-show
44,0,183,155,4,4,3,1,False,False,False,True,False,False,False,False,False,False,False,True,False,False,True,False,True,False,False,False,False,False,False,False,False,Cancel
21,5,128,158,2,5,3,1,True,False,False,True,False,True,False,False,True,False,False,False,True,False,False,False,False,False,False,False,False,False,True,True,True,No-show
22,20,245,50,3,4,3,1,True,True,False,False,True,False,False,False,True,False,True,False,False,True,False,False,True,False,False,False,False,False,True,False,True,Cancel
19,20,157,92,2,3,3,1,True,False,False,False,False,False,True,False,False,False,False,True,False,True,False,True,False,False,False,False,False,False,True,True,True,Cancel
47,25,235,127,1,4,3,1,True,False,False,True,False,True,False,False,False,True,False,False,True,False,False,False,False,True,True,True,False,False,True,True,True,Check-in
18,5,244,195,2,7,3,1,False,False,False,False,False,False,False,False,True,False,False,False,False,False,True,True,False,True,False,False,False,True,False,True,True,Cancel
38,0,246,38,1,3,3,1,True,False,False,True,True,False,False,False,False,True,False,False,True,False,False,True,False,False,False,False,False,False,True,True,False,Check-in
26,10,239,6,4,6,3,1,False,False,False,True,False,False,False,False,True,False,False,True,False,True,False,False,True,False,False,False,False,False,True,True,True,Check-in
65,10,175,104,4,3,3,1,True,False,False,False,False,False,False,False,True,False,False,False,False,True,False,False,True,True,False,False,False,False,True,True,True,Cancel
45,5,173,141,3,3,3,1,True,False,True,False,True,False,False,True,False,False,False,True,False,True,False,False,True,False,False,False,True,True,False,False,True,Cancel
35,15,148,211,4,3,3,1,False,False,False,False,False,False,False,False,True,False,False,True,False,True,False,True,False,False,False,False,False,False,True,True,True,Cancel
49,5,113,32,1,4,3,1,True,True,False,False,True,False,False,False,False,False,True,False,False,False,False,False,True,False,False,False,False,True,False,True,True,Cancel
65,0,100,70,1,5,3,1,False,True,False,False,True,False,False,False,True,False,False,True,False,False,True,True,False,True,False,False,False,False,True,False,False,Cancel
59,10,115,86,2,3,3,0,False,False,False,True,False,False,False,False,False,False,False,False,True,False,False,False,True,False,False,False,False,False,True,True,True,Cancel
22,10,214,126,1,4,3,1,False,False,False,True,False,False,True,True,False,False,False,True,False,False,False,False,True,True,False,False,False,False,True,True,True,No-show
55,0,173,135,2,3,3,1,False,False,False,False,False,False,True,True,False,False,False,False,False,False,True,True,False,False,False,False,True,False,True,True,False,Cancel
43,5,220,82,1,4,3,1,True,False,True,False,False,True,False,True,False,False,False,False,False,True,False,False,False,False,False,False,True,True,False,False,True,Cancel
25,10,100,196,3,2,3,1,False,False,True,False,False,False,True,True,False,False,False,False,False,False,False,False,False,True,False,False,False,False,True,True,True,Check-in
70,0,225,101,3,3,3,1,False,False,False,True,False,True,False,False,False,False,False,False,False,False,True,False,False,False,False,False,False,True,False,True,False,Cancel
22,10,236,119,1,4,3,1,True,False,True,False,True,False,False,False,False,False,False,False,True,False,False,False,False,False,False,False,False,False,True,False,True,Check-in
49,30,149,73,4,3,3,1,True,False,True,False,False,False,True,True,False,False,False,True,False,False,False,False,True,False,False,True,False,False,True,False,True,Check-in
66,10,193,92,1,8,3,0,True,False,False,True,True,False,False,True,False,False,False,True,False,True,False,False,False,False,False,False,False,False,True,True,True,Check-in
47,25,129,179,3,3,3,1,True,True,False,False,False,False,False,True,False,False,False,True,False,True,False,True,False,False,False,False,False,True,False,True,True,Cancel
46,0,164,49,4,4,3,0,True,False,True,False,True,False,False,True,False,False,False,False,False,False,True,True,False,True,True,True,False,True,False,False,False,Check-in
45,20,141,210,1,2,3,1,True,True,False,False,False,True,False,False,True,False,True,False,False,False,True,True,False,False,False,False,False,False,True,False,True,No-show
23,25,237,146,1,2,3,1,True,False,False,False,False,True,False,False,False,False,False,False,False,True,False,True,False,False,False,False,False,False,True,True,True,No-show
53,30,243,59,1,7,3,0,False,False,True,False,False,False,False,False,True,False,False,True,False,False,False,False,False,True,False,False,True,False,False,True,True,Cancel
43,0,234,108,1,4,3,1,True,False,False,False,False,True,False,False,False,False,False,True,False,False,False,True,False,False,False,False,False,False,False,True,False,Cancel
67,10,237,178,4,4,3,1,False,False,True,False,False,True,False,False,True,False,False,False,True,True,False,True,False,False,False,False,False,False,True,True,True,Cancel
23,20,136,57,4,3,3,1,True,False,True,False,False,True,False,True,False,False,False,False,True,False,False,True,False,False,False,False,False,False,False,True,True,Cancel
42,20,143,101,3,6,3,1,False,False,False,False,False,False,False,False,False,True,False,True,False,False,False,True,False,True,True,False,False,False,True,True,True,Cancel
34,0,214,192,2,2,3,1,False,True,False,False,True,False,False,True,False,False,False,False,True,False,True,False,False,False,False,False,False,False,True,False,False,Check-in
27,5,144,102,2,6,3,1,False,False,False,True,False,False,False,False,True,False,True,False,False,False,False,False,False,False,False,False,False,True,False,True,True,No-show
31,0,111,144,3,3,3,1,True,False,False,False,False,True,False,True,False,False,False,False,False,False,False,True,False,True,False,False,True,True,False,True,False,Cancel
54,25,100,196,2,7,3,1,False,False,True,False,False,True,False,True,False,False,False,True,False,False,False,True,False,False,False,False,False,False,True,False,True,Cancel
68,5,188,183,3,4,3,1,True,False,False,True,False,True,False,False,False,False,False,False,True,False,True,True,False,True,False,False,False,False,True,True,True,No-show
57,25,160,14,1,6,3,1,False,False,False,False,False,False,True,False,False,False,False,False,False,True,False,True,False,False,False,False,True,False,True,True,True,Cancel
61,5,186,155,1,5,3,1,False,True,False,False,False,True,False,False,True,False,False,True,False,True,False,True,False,True,False,False,False,True,False,True,True,No-show
66,15,169,154,2,3,3,1,True,False,False,False,False,False,False,False,True,False,False,False,False,False,True,False,True,True,False,False,False,False,True,False,True,Cancel
39,10,122,61,4,5,3,1,False,False,False,False,False,True,False,False,False,False,False,True,False,False,True,True,False,False,False,False,False,False,True,True,True,Cancel
41,0,124,51,1,4,3,1,True,False,True,False,False,False,True,True,False,False,False,False,False,True,False,False,False,False,False,False,False,True,False,True,False,Cancel
33,10,216,99,1,3,3,1,True,False,True,False,False,False,False,True,False,False,False,False,True,False,False,False,True,False,False,True,False,False,True,True,True,No-show
19,20,172,15,1,7,3,1,True,False,False,False,True,False,False,False,False,False,False,True,False,True,False,False,True,False,False,False,False,True,False,False,True,No-show
24,20,242,185,1,3,3,1,False,True,False,False,False,True,False,True,False,False,True,False,False,False,False,True,False,False,False,False,True,True,False,True,True,Cancel
23,5,247,81,3,2,3,1,True,False,True,False,False,True,False,False,True,False,False,False,False,False,False,True,False,False,False,False,False,False,True,False,True,Cancel
37,40,149,162,3,5,3,1,False,False,True,False,True,False,False,True,False,False,False,True,False,True,False,False,True,False,False,True,False,True,False,True,True,No-show
38,30,247,157,3,5,3,1,False,False,False,False,False,False,False,False,True,False,False,False,True,False,True,True,False,True,False,False,False,True,False,True,True,No-show
21,20,150,204,1,4,3,1,True,False,True,False,False,False,True,False,False,True,False,True,False,True,False,False,False,False,False,False,False,False,True,True,True,Check-in
59,0,184,28,3,7,3,1,False,True,False,False,True,False,False,False,True,False,True,False,False,True,False,True,False,False,False,False,True,False,True,False,False,Cancel
34,20,244,53,2,2,3,1,False,False,True,False,False,True,False,False,True,False,True,False,False,False,True,True,False,False,False,False,False,False,True,False,True,Cancel
50,20,160,55,4,3,3,1,True,True,False,False,True,False,False,False,False,True,False,True,False,False,True,True,False,False,False,False,False,False,False,True,True,Cancel
35,10,145,149,1,5,3,1,True,False,False,True,False,False,True,False,False,False,False,False,True,True,False,False,False,False,False,False,False,True,False,True,True,Check-in
37,25,125,66,3,4,3,1,True,True,False,False,False,False,False,False,False,True,False,True,False,False,False,False,True,False,False,False,False,False,False,True,True,Check-in
23,10,246,177,3,4,3,1,True,False,True,False,False,False,False,False,True,False,False,False,False,False,False,True,False,True,False,False,False,False,True,True,True,Cancel
32,0,145,141,2,3,3,1,True,True,False,False,False,False,False,False,True,False,False,False,True,True,False,False,True,False,False,False,False,False,True,True,False,No-show
68,0,207,145,3,5,3,1,True,False,True,False,False,False,True,False,False,False,False,True,False,False,True,False,False,True,False,False,False,False,False,False,False,No-show
67,20,164,166,1,4,3,1,True,False,True,False,False,False,True,False,False,False,False,True,False,False,True,False,True,True,True,False,False,False,False,True,True,No-show
58,10,215,162,2,6,3,1,True,True,False,False,False,False,True,False,False,False,False,False,False,False,False,True,False,False,False,False,False,False,True,True,True,No-show
60,20,199,62,2,4,3,1,True,False,True,False,False,False,False,False,False,False,False,True,False,False,False,True,False,False,False,False,False,False,True,True,True,No-show
37,40,206,4,1,4,3,1,True,True,False,False,False,False,False,True,False,False,False,True,False,True,False,False,True,False,False,False,False,True,False,True,True,Cancel
41,20,243,205,3,6,3,1,False,True,False,False,False,False,True,True,False,False,True,False,False,True,False,False,False,False,False,False,True,False,True,True,True,Cancel
43,20,142,182,3,5,3,1,True,False,False,False,False,False,False,False,True,False,True,False,False,True,False,True,False,False,False,False,False,False,True,True,True,No-show
44,30,195,189,1,2,3,1,False,False,True,False,False,False,True,False,False,False,True,False,False,False,False,False,True,True,False,False,False,True,False,True,True,Check-in
52,10,158,179,3,7,3,1,False,False,False,True,False,False,False,False,True,False,False,False,True,False,False,True,False,False,False,False,False,True,False,False,True,No-show
50,0,215,172,2,5,3,1,True,False,False,True,False,True,False,False,False,False,False,False,False,True,False,False,False,True,True,False,False,False,True,False,False,No-show
65,0,111,40,3,3,3,1,False,False,False,False,False,False,True,False,False,True,False,True,False,False,True,False,False,False,False,False,False,False,True,True,False,Cancel
63,10,156,153,4,4,3,1,True,True,False,False,True,False,False,False,True,False,False,True,False,True,False,False,True,False,False,True,False,True,False,True,True,Cancel
44,0,139,115,1,5,3,1,False,False,False,False,False,False,False,True,False,False,False,True,False,True,False,False,True,False,False,False,False,False,True,True,False,No-show
33,10,230,43,4,5,3,1,True,False,False,False,False,True,False,True,False,False,False,True,False,False,False,False,False,True,False,True,False,False,True,False,True,No-show
19,0,221,61,1,6,3,1,True,False,False,False,False,False,False,False,False,False,False,True,False,False,True,False,False,False,False,False,False,False,True,True,False,No-show
70,0,123,209,1,4,3,1,False,False,False,False,False,True,False,True,False,False,True,False,False,False,True,False,True,False,False,False,False,False,True,True,False,Cancel
44,0,122,64,1,3,3,1,True,True,False,False,True,False,False,False,False,True,False,True,False,False,False,True,False,False,False,False,False,False,True,False,False,Check-in
45,5,170,192,3,7,3,1,False,False,True,False,False,False,True,False,True,False,False,True,False,False,True,False,True,False,False,False,True,True,False,False,True,Cancel
31,10,230,221,1,4,3,1,False,False,True,False,False,True,False,True,False,False,False,True,False,False,True,True,False,False,False,False,False,False,False,True,True,Cancel
33,10,130,138,3,2,3,1,False,False,True,False,True,False,False,False,False,False,False,True,False,False,False,True,False,True,True,False,False,True,False,True,True,Cancel
21,5,249,57,4,6,3,1,False,False,False,True,False,True,False,False,True,False,False,False,False,False,False,True,False,True,False,False,True,False,False,True,True,Cancel
25,10,114,57,1,7,3,1,True,False,False,True,True,False,False,False,False,False,False,True,False,True,False,False,True,True,False,False,False,True,False,True,True,Check-in
32,25,167,175,1,3,3,1,True,False,False,False,True,False,False,False,True,False,False,False,True,False,True,False,False,False,False,False,False,False,True,True,True,Check-in
33,5,206,135,3,5,3,0,True,False,True,False,False,False,False,False,False,False,False,True,False,False,False,True,False,False,False,False,True,True,False,False,True,Cancel
52,10,160,109,2,3,3,0,True,False,False,True,False,True,False,True,False,False,False,False,True,False,False,False,False,False,False,False,False,False,False,False,True,Check-in
59,5,137,45,1,6,3,0,True,False,False,True,True,False,False,False,False,False,False,True,False,True,False,True,False,False,False,False,False,False,False,False,True,Cancel
68,20,127,97,1,2,3,0,False,False,False,False,False,False,False,False,False,False,False,False,False,False,False,False,False,False,False,True,False,False,False,True,True,Check-in
59,10,136,10,1,3,3,0,True,False,True,False,False,False,True,True,False,False,False,True,False,True,False,True,False,False,False,False,False,False,True,False,True,No-show
46,5,113,33,1,4,3,0,True,False,False,False,False,False,False,True,False,False,False,False,True,True,False,False,True,False,False,False,True,False,False,True,True,Check-in
42,20,135,102,1,3,3,0,True,False,False,True,True,False,False,False,True,False,False,False,False,False,True,False,True,False,False,False,False,True,False,True,True,No-show
63,10,133,177,4,4,3,0,False,True,False,False,False,False,False,True,False,False,True,False,False,False,False,False,True,False,False,False,False,False,True,True,True,Check-in
52,0,227,77,2,5,3,0,False,True,False,False,False,False,False,True,False,False,False,False,False,False,True,True,False,False,False,False,True,True,False,True,False,Cancel
32,15,154,206,1,5,3,0,True,True,False,False,False,False,True,False,True,False,False,True,False,False,False,False,True,False,False,False,False,False,True,False,True,No-show
69,20,237,62,1,4,3,0,True,False,False,True,False,False,True,False,False,False,False,False,False,True,False,True,False,False,False,False,False,True,False,True,True,No-show
66,0,103,111,2,4,3,0,True,False,False,True,False,False,True,True,False,False,False,True,False,False,False,True,False,False,False,False,False,False,True,True,False,No-show
19,20,149,80,3,4,3,0,True,False,True,False,False,False,True,False,False,False,False,True,False,False,True,True,False,True,False,False,False,False,True,False,True,Cancel
61,10,215,27,1,3,3,0,True,False,False,True,False,False,False,False,False,False,False,False,True,True,False,False,False,False,False,False,True,False,False,False,True,Check-in
64,0,212,81,2,5,3,0,False,False,False,False,False,False,False,False,False,False,False,True,False,True,False,True,False,True,False,False,False,True,False,True,False,Cancel
29,20,156,60,1,4,3,0,True,False,False,False,True,False,False,False,False,False,False,True,False,True,False,False,False,False,False,False,False,False,True,True,True,No-show
27,20,241,149,1,2,3,0,True,False,False,False,False,False,True,False,True,False,False,False,False,False,False,True,False,True,False,False,False,False,True,True,True,Check-in
24,20,153,110,1,4,3,0,True,False,False,True,False,False,True,False,False,False,False,False,True,False,False,True,False,True,True,False,True,False,False,True,True,No-show
22,30,130,51,2,8,3,0,False,False,False,False,False,False,False,False,True,False,False,True,False,True,False,False,True,False,False,False,False,False,True,True,True,Cancel
45,10,165,67,3,3,5,0,False,False,True,False,False,False,False,False,False,False,False,False,False,False,True,False,False,True,False,False,True,False,True,True,True,Cancel
30,15,151,64,1,3,3,0,False,True,False,False,False,False,False,True,False,False,True,False,False,False,False,False,True,True,False,False,False,False,False,False,True,Check-in
18,5,167,140,2,4,3,0,False,False,True,False,False,False,False,False,True,False,False,False,False,True,False,False,True,False,False,False,False,False,True,True,True,Cancel
40,0,145,192,1,4,3,0,True,True,False,False,False,False,False,False,True,False,False,True,False,False,False,False,True,False,False,False,False,False,True,False,False,Check-in
66,0,106,150,4,4,3,0,False,True,False,False,False,False,True,True,False,False,False,False,False,False,False,True,False,False,False,False,False,False,True,False,False,Cancel
47,0,248,217,1,4,4,0,True,True,False,False,False,False,True,False,True,False,False,False,False,False,True,False,False,False,False,False,False,True,False,False,False,Check-in
57,20,131,152,3,6,3,0,True,False,True,False,True,False,False,False,False,True,False,True,False,False,True,False,False,False,False,False,False,True,False,True,True,Check-in
43,25,225,31,1,6,3,0,True,False,True,False,True,False,False,False,False,False,False,True,False,True,False,False,False,True,False,False,True,False,True,True,True,Cancel
42,20,219,59,1,5,3,0,False,False,False,True,False,False,False,False,True,False,False,True,False,False,False,False,False,False,False,False,False,False,True,True,True,Check-in
49,10,237,30,1,6,3,0,True,False,False,True,False,True,False,False,True,False,True,False,False,False,True,True,False,False,False,False,True,True,False,True,True,No-show
47,0,214,65,1,3,3,0,True,False,False,False,False,False,False,False,True,False,False,True,False,True,False,False,True,True,False,False,True,False,True,False,False,Cancel
33,0,236,151,1,4,3,0,True,True,False,False,False,False,False,True,False,False,False,True,False,False,False,False,False,True,False,False,False,False,True,True,False,Check-in
49,30,237,3,1,2,3,0,True,False,True,False,False,True,False,False,False,False,False,True,False,False,True,False,True,False,False,False,False,False,True,True,True,Cancel
50,25,125,143,1,4,3,0,True,False,False,False,False,False,False,True,False,False,False,True,False,True,False,False,True,False,False,False,False,False,False,True,True,No-show
50,5,146,21,2,2,3,0,True,False,False,False,True,False,False,False,True,False,False,True,False,False,False,True,False,False,False,False,False,False,True,False,True,Cancel
32,30,139,177,1,7,3,0,False,False,False,True,False,False,True,True,False,False,True,False,False,False,False,True,False,False,False,False,False,True,False,True,True,No-show
56,0,229,1,1,3,3,0,False,True,False,False,False,False,False,True,False,False,False,False,True,False,True,True,False,True,False,False,False,False,True,False,False,Cancel
28,25,131,200,1,2,3,0,True,True,False,False,False,False,True,False,True,False,False,True,False,False,False,False,True,True,False,False,True,False,True,True,True,No-show
18,25,171,5,1,6,3,0,False,True,False,False,False,False,False,False,False,True,True,False,False,False,True,False,False,False,False,False,True,False,False,True,True,Cancel
57,10,217,151,1,5,3,0,True,False,False,True,False,False,False,False,True,False,False,False,True,True,False,False,False,False,False,False,False,False,True,True,True,Check-in
40,20,120,32,3,6,3,0,True,True,False,False,False,False,False,False,False,True,False,True,False,False,True,False,False,False,False,False,True,True,False,True,True,Cancel
46,5,130,211,1,4,3,0,False,False,True,False,False,False,True,False,False,True,False,True,False,False,True,False,True,False,False,False,False,False,True,True,True,Cancel
19,15,223,136,2,5,3,0,True,True,False,False,False,True,False,False,True,False,True,False,False,False,False,True,False,False,False,False,True,False,True,False,True,Cancel
70,10,233,98,2,3,3,0,False,True,False,False,False,False,False,False,False,False,False,False,False,False,True,False,True,False,False,False,True,True,False,False,True,Check-in
55,10,162,190,3,5,3,0,False,False,False,False,False,False,True,False,False,True,False,False,True,True,False,False,False,True,False,False,False,False,True,True,True,Cancel
43,25,168,59,1,4,3,0,True,False,False,True,False,False,False,False,False,False,False,True,False,True,False,False,True,True,False,False,False,False,False,False,True,Cancel
50,10,116,210,1,4,3,0,True,False,False,False,False,False,True,False,False,True,False,False,True,False,True,True,False,True,False,False,True,True,False,True,True,No-show
34,5,210,198,1,5,3,0,True,False,True,False,False,True,False,False,False,False,True,False,False,True,False,True,False,False,False,False,False,False,True,False,True,No-show
69,10,188,124,1,5,3,0,True,True,False,False,True,False,False,False,False,False,False,False,True,False,False,False,False,False,False,False,False,False,False,False,True,Check-in
23,15,151,31,3,4,3,0,False,False,True,False,True,False,False,True,False,False,False,False,False,False,False,False,False,False,False,False,True,False,True,True,True,Cancel
65,5,135,179,2,6,3,0,False,True,False,False,False,False,False,True,False,False,False,True,False,False,False,False,True,True,True,False,False,True,False,True,True,Check-in
61,10,142,54,1,5,3,0,False,False,False,True,False,False,True,False,True,False,False,True,False,False,True,False,True,True,True,False,False,False,False,True,True,No-show
33,20,154,138,1,6,3,0,True,False,True,False,False,False,True,False,True,False,True,False,False,False,True,False,False,False,False,False,False,False,True,True,True,No-show
52,0,143,98,1,5,3,0,True,False,False,True,True,False,False,False,False,False,True,False,False,False,False,False,False,False,False,False,False,False,False,True,False,Check-in
46,10,120,17,1,5,3,0,False,False,False,False,False,False,False,False,False,True,True,False,False,False,False,True,False,True,False,False,False,False,False,True,True,No-show
62,25,218,88,2,6,3,0,True,False,False,True,False,False,False,False,True,False,False,False,False,False,True,False,True,True,False,False,False,True,False,True,True,No-show
57,0,200,176,3,3,3,0,False,False,True,False,False,True,False,False,True,False,True,False,False,False,False,False,False,False,False,False,False,False,True,True,False,Check-in
69,10,149,205,1,2,3,0,False,False,True,False,False,False,False,False,False,False,False,True,False,True,False,True,False,False,False,True,False,False,False,True,True,Cancel
55,10,226,63,2,3,3,0,False,False,False,True,False,False,False,False,False,False,False,True,False,False,True,False,True,False,False,False,False,True,False,True,True,No-show
65,20,219,24,1,4,3,0,True,False,False,True,False,False,False,False,False,False,False,False,False,True,False,False,True,False,False,False,True,False,True,True,True,No-show
21,0,169,20,1,2,3,0,True,False,False,False,False,True,False,False,False,True,True,False,False,False,True,True,False,True,False,False,False,False,True,True,False,Cancel
68,0,247,180,1,6,3,0,False,False,True,False,False,False,False,False,False,False,True,False,False,False,True,False,False,True,False,False,False,False,True,True,False,Cancel
47,0,224,41,3,5,3,0,True,False,False,False,False,False,False,False,True,False,False,True,False,False,False,False,True,False,False,False,False,True,False,True,False,No-show
35,0,127,89,3,2,3,0,False,False,False,True,False,False,False,True,False,False,False,True,False,True,False,False,True,False,False,False,False,False,True,True,False,No-show
26,20,184,101,1,3,3,0,False,False,False,False,False,False,True,False,True,False,False,True,False,True,False,False,False,False,False,False,False,False,False,True,True,Check-in
40,0,199,209,1,3,3,0,True,False,False,False,False,False,True,True,False,False,False,True,False,True,False,False,False,True,False,False,False,False,False,False,False,Check-in
62,10,117,100,1,3,3,0,True,True,False,False,False,False,True,False,False,False,False,True,False,False,True,False,True,True,False,False,False,False,True,True,True,No-show
25,15,110,202,1,3,3,0,True,False,True,False,False,False,False,False,True,False,False,True,False,False,False,True,False,True,False,False,False,False,True,False,True,Check-in
68,10,161,64,1,4,3,0,False,False,True,False,False,False,False,False,False,True,True,False,False,False,False,False,True,False,False,False,False,False,True,True,True,Cancel
32,5,127,202,1,3,3,0,True,True,False,False,False,False,False,False,False,True,False,True,False,True,False,False,False,False,False,False,False,True,False,True,True,Check-in
60,0,187,57,1,4,3,0,True,True,False,False,False,False,False,False,True,False,False,False,True,False,False,False,True,False,False,False,True,False,True,True,False,Cancel
70,10,117,153,4,3,3,0,True,False,False,False,True,False,False,True,False,False,False,False,False,True,False,False,False,False,False,True,False,False,True,True,True,No-show
49,0,236,58,1,6,4,1,False,False,True,False,False,True,False,False,True,False,False,False,True,True,False,False,False,True,True,True,False,True,False,False,False,Check-in
57,0,174,46,2,6,3,0,True,False,True,False,False,True,False,False,False,False,False,False,True,False,False,False,True,False,False,False,False,False,False,False,False,Cancel
53,10,170,189,3,2,3,0,False,False,False,False,False,True,False,False,True,False,False,False,True,False,False,False,False,False,False,False,False,True,False,False,True,Check-in
33,5,187,109,1,7,3,0,True,True,False,False,False,False,False,False,False,False,False,False,True,True,False,False,True,True,True,False,False,True,False,True,True,Cancel
69,15,243,80,3,5,3,0,False,False,False,False,False,False,False,False,False,False,True,False,False,True,False,False,False,True,True,False,True,True,False,True,True,Check-in
67,10,233,141,2,5,3,0,True,True,False,False,False,False,False,False,True,False,False,True,False,True,False,False,False,False,False,False,False,False,True,False,True,Check-in
60,30,158,109,2,5,3,0,False,False,False,True,False,False,True,True,False,False,False,False,True,False,True,False,True,False,False,False,False,False,True,True,True,No-show
49,0,140,110,2,4,3,0,True,False,False,True,False,False,False,False,True,False,False,True,False,False,True,True,False,True,True,False,False,False,True,False,False,Cancel
51,0,150,137,1,4,3,0,True,False,False,True,False,True,False,False,False,True,True,False,False,False,True,False,True,False,False,False,False,False,True,True,False,Cancel
63,0,181,53,3,4,3,0,False,False,False,True,False,False,False,False,False,True,False,False,True,True,False,False,False,False,False,True,False,False,True,True,False,No-show
24,0,204,31,1,3,3,0,False,False,True,False,False,False,False,False,False,True,False,True,False,False,False,True,False,True,True,True,False,True,False,True,False,No-show
38,0,184,95,3,2,3,0,True,False,True,False,True,False,False,False,False,False,False,True,False,False,True,False,True,True,False,False,False,False,False,False,False,Check-in
18,5,122,180,1,3,3,0,True,False,False,False,False,False,True,False,False,True,False,False,False,False,False,False,False,True,False,False,False,False,True,True,True,Check-in
58,5,245,112,1,2,3,0,False,True,False,False,False,False,False,True,False,False,True,False,False,True,False,False,True,False,False,False,True,True,False,True,True,Cancel
54,0,194,173,1,4,3,0,False,False,True,False,False,True,False,False,True,False,True,False,False,False,True,False,True,False,False,False,False,False,True,True,False,Cancel
43,15,198,56,2,3,3,0,True,False,False,True,False,False,False,False,False,False,False,False,True,True,False,False,True,False,False,False,False,False,True,True,True,Cancel
40,0,105,186,1,4,3,0,True,False,True,False,False,False,True,True,False,False,False,False,False,False,True,True,False,False,False,False,False,False,True,True,False,No-show
24,20,220,75,1,4,3,0,False,True,False,False,False,False,True,True,False,False,False,True,False,False,False,False,False,False,False,False,True,False,True,True,True,No-show
44,25,239,208,3,3,3,0,False,False,True,False,False,False,True,False,True,False,False,False,False,False,False,False,True,False,False,False,False,False,True,True,True,Cancel
52,0,226,18,1,4,3,0,True,False,True,False,False,True,False,False,True,False,False,False,True,False,False,False,True,False,False,True,False,True,False,True,False,Cancel
24,25,187,75,1,4,3,0,True,False,False,True,False,True,False,False,False,False,False,False,True,True,False,False,True,False,False,False,True,False,True,True,True,Cancel
51,20,154,143,1,6,4,1,False,False,True,False,False,True,False,False,True,False,False,True,False,False,False,True,False,False,False,False,False,True,False,True,True,No-show
52,5,159,218,1,3,3,0,False,False,False,True,False,False,False,False,False,True,False,False,False,False,True,True,False,True,True,False,True,False,True,False,True,No-show
64,25,186,72,3,6,3,0,True,False,True,False,False,True,False,True,False,False,False,True,False,False,True,False,True,True,True,False,True,True,False,False,True,Check-in
56,0,137,173,1,5,3,0,True,False,False,True,False,False,False,True,False,False,True,False,False,True,False,False,True,False,False,False,True,True,False,False,False,Cancel
22,10,238,212,1,3,3,0,False,False,False,False,False,False,True,False,False,False,False,False,False,False,True,False,True,False,False,False,False,False,True,True,True,Cancel
70,0,233,206,3,3,3,0,True,False,False,False,True,False,False,False,False,True,False,False,True,False,False,True,False,True,True,False,True,False,True,True,False,No-show
25,5,130,99,3,6,3,0,True,False,True,False,False,False,False,False,False,False,False,True,False,False,True,False,True,False,False,False,False,True,False,True,True,Cancel
36,0,135,10,2,4,3,0,True,False,False,False,False,False,False,False,True,False,False,True,False,False,False,False,False,True,True,False,False,True,False,True,False,Check-in
34,40,208,112,1,3,3,0,True,False,True,False,False,True,False,False,True,False,False,True,False,True,False,False,False,True,True,True,False,False,True,True,True,Cancel
33,20,158,29,1,2,3,0,False,False,False,True,False,False,False,False,True,False,False,True,False,False,False,False,True,False,False,False,False,False,True,True,True,Cancel
34,0,211,210,1,4,3,0,False,False,False,True,False,False,True,True,False,False,False,True,False,False,False,False,True,False,False,False,False,False,True,True,False,No-show
56,0,209,147,2,3,3,0,False,True,False,False,True,False,False,False,True,False,False,False,True,False,False,False,False,False,False,True,False,False,False,True,False,Check-in
53,20,228,214,2,6,3,1,False,True,False,False,False,False,True,False,True,False,False,False,True,True,False,True,False,False,False,True,False,False,True,True,True,Cancel
22,10,127,29,1,6,3,1,True,False,False,False,True,False,False,False,True,False,True,False,False,True,False,False,True,False,False,False,True,False,True,True,True,Check-in
68,0,183,182,3,6,3,1,True,False,True,False,False,False,False,True,False,False,False,False,False,False,True,False,True,True,False,True,False,False,True,True,False,Check-in
41,5,209,47,3,6,3,1,True,True,False,False,True,False,False,False,True,False,False,True,False,False,False,False,True,False,False,True,False,True,False,True,True,No-show
54,10,178,114,3,4,3,1,False,False,False,False,False,False,False,False,False,False,False,True,False,False,True,False,False,True,False,False,True,False,True,True,True,Check-in
53,0,226,89,1,3,3,1,False,False,False,True,False,False,False,False,False,True,False,False,False,False,True,True,False,False,False,False,True,False,True,True,False,Cancel
51,10,181,66,1,7,3,1,False,False,False,True,False,False,True,False,False,True,False,True,False,False,False,False,False,False,False,False,True,False,True,True,True,Check-in
24,0,127,191,1,2,3,1,False,False,False,False,False,False,False,False,False,False,False,True,False,False,False,False,True,True,False,False,False,True,False,True,False,No-show
42,20,250,180,1,4,3,1,False,False,False,True,False,False,False,False,False,False,False,True,False,False,True,True,False,False,False,False,False,False,True,True,True,Cancel
37,0,232,34,1,3,3,1,False,False,False,False,False,False,True,True,False,False,False,True,False,False,True,False,True,False,False,False,False,False,True,False,False,No-show
33,20,175,43,2,4,3,1,False,False,True,False,False,False,False,False,True,False,False,True,False,True,False,True,False,False,False,False,False,True,False,True,True,Cancel
36,0,218,20,2,2,3,1,True,True,False,False,False,True,False,False,False,False,False,False,True,True,False,True,False,True,True,False,False,False,True,True,False,Cancel
51,20,144,14,1,4,3,1,False,True,False,False,False,False,False,False,False,False,False,True,False,True,False,False,True,False,False,False,True,True,False,True,True,Check-in
69,0,200,152,1,3,3,1,False,False,False,True,False,False,False,True,False,False,True,False,False,False,False,False,True,True,False,False,False,True,False,False,False,Check-in
38,0,122,186,2,5,3,1,False,False,False,True,False,False,False,False,False,True,False,True,False,True,False,False,True,False,False,False,False,False,False,True,False,No-show
42,20,100,138,1,3,3,1,False,False,False,False,True,False,False,True,False,False,False,False,False,False,True,False,False,False,False,False,True,False,False,False,True,Cancel
69,40,177,158,1,3,3,1,False,False,False,False,False,False,True,False,False,True,False,False,True,True,False,False,True,False,False,False,False,False,True,True,True,Cancel
56,0,214,176,3,4,3,1,False,True,False,False,False,False,False,False,False,True,True,False,False,True,False,False,False,False,False,False,True,True,False,False,False,Cancel
68,0,179,150,2,3,3,1,True,True,False,False,False,False,False,False,False,False,False,True,False,False,False,True,False,True,False,False,False,False,True,True,False,Cancel
46,25,228,8,4,3,3,1,False,False,True,False,False,True,False,False,False,True,False,True,False,False,True,True,False,False,False,False,False,False,True,True,True,Cancel
44,40,125,114,4,3,3,1,True,False,False,True,False,False,False,False,True,False,True,False,False,False,False,False,True,False,False,True,False,True,False,True,True,Cancel
26,20,170,203,4,3,3,1,False,False,False,True,False,False,False,False,True,False,False,False,False,False,False,True,False,False,False,False,True,False,True,True,True,Cancel
70,10,178,25,2,3,3,1,False,False,False,False,True,False,False,True,False,False,False,True,False,False,True,False,True,False,False,False,True,False,True,True,True,Cancel
70,10,204,32,1,3,3,1,True,False,False,False,False,False,True,False,False,True,False,True,False,False,True,False,True,True,False,False,True,False,True,True,True,Cancel
41,20,147,58,2,4,3,1,True,True,False,False,False,False,True,False,True,False,False,False,False,False,True,False,False,False,False,False,False,False,True,True,True,Cancel
36,10,157,21,1,6,3,1,False,True,False,False,False,True,False,True,False,False,False,True,False,False,False,False,False,False,False,False,False,False,True,True,True,Check-in
58,25,216,131,4,3,3,1,False,True,False,False,False,True,False,False,False,False,False,True,False,True,False,False,False,True,False,False,False,True,False,False,True,Cancel
68,0,127,182,1,3,3,1,True,False,False,True,False,True,False,True,False,False,False,True,False,True,False,True,False,False,False,False,False,False,False,True,False,Cancel
33,10,224,159,4,6,3,1,True,False,False,True,False,True,False,True,False,False,True,False,False,False,False,False,True,False,False,False,False,False,True,True,True,No-show
56,10,174,157,1,3,3,1,False,True,False,False,True,False,False,False,True,False,False,False,True,False,False,True,False,False,False,False,False,False,True,True,True,Cancel
45,0,162,15,4,4,3,1,False,True,False,False,True,False,False,False,False,True,False,True,False,True,False,False,False,True,False,False,False,False,True,True,False,No-show
53,10,126,58,1,3,3,1,False,False,True,False,True,False,False,False,False,False,True,False,False,False,True,True,False,False,False,False,False,False,True,True,True,Cancel
70,40,130,79,1,3,3,1,True,False,False,False,False,False,True,True,False,False,True,False,False,False,True,False,False,False,False,False,False,False,True,False,True,No-show
67,15,165,218,2,4,3,1,True,False,True,False,True,False,False,False,False,True,False,False,False,False,False,False,True,False,False,False,False,False,True,True,True,Cancel
52,10,175,163,1,5,3,1,False,False,False,True,True,False,False,False,False,False,True,False,False,False,True,False,False,True,False,False,True,False,True,True,True,No-show
49,20,112,55,3,5,3,1,True,True,False,False,False,True,False,False,False,False,False,True,False,False,True,False,True,False,False,False,False,True,False,True,True,Cancel
44,20,229,183,1,4,3,1,False,True,False,False,False,False,False,False,False,True,True,False,False,False,False,False,False,False,False,False,False,False,True,False,True,Check-in
21,30,169,0,1,7,3,1,False,False,False,True,False,False,True,False,True,False,False,False,False,False,False,True,False,False,False,False,True,False,True,True,True,Cancel
20,10,139,215,2,2,3,1,False,False,False,False,False,True,False,True,False,False,False,False,True,False,False,False,True,False,False,False,False,False,True,False,True,Cancel
22,10,209,70,1,6,3,1,True,False,False,False,False,False,False,True,False,False,False,False,True,False,False,False,True,False,False,False,False,False,True,False,True,Cancel
43,10,111,131,3,3,3,1,True,False,True,False,True,False,False,True,False,False,True,False,False,False,True,True,False,False,False,False,False,False,True,True,True,No-show
23,25,208,3,2,4,3,1,False,True,False,False,False,False,False,False,False,True,False,True,False,False,False,False,True,True,False,False,False,False,True,True,True,Check-in
20,0,120,172,3,4,3,1,False,False,True,False,True,False,False,True,False,False,True,False,False,False,True,False,True,True,False,False,False,True,False,False,False,Check-in
66,30,132,25,3,4,3,1,False,False,False,False,False,False,True,False,True,False,False,False,True,False,False,True,False,False,False,False,False,False,True,True,True,No-show
42,20,119,162,2,3,3,1,False,True,False,False,False,True,False,False,False,False,False,False,True,False,False,False,True,False,False,True,False,False,True,True,True,Cancel
46,10,114,143,1,4,3,1,True,True,False,False,False,False,True,False,True,False,False,False,False,False,True,True,False,False,False,False,False,False,True,True,True,Cancel
26,20,144,78,3,4,3,1,False,False,False,True,False,False,True,False,False,False,False,True,False,True,False,False,False,False,False,False,False,False,True,True,True,Check-in
36,10,238,24,4,3,3,1,True,True,False,False,False,False,False,True,False,False,False,False,True,False,False,False,False,False,False,False,False,False,True,False,True,Check-in
21,5,130,30,1,3,3,1,False,True,False,False,False,False,False,False,True,False,False,True,False,True,False,False,True,False,False,False,True,True,False,True,True,No-show
56,0,240,48,3,4,3,1,True,False,False,True,False,False,True,False,True,False,False,False,True,False,False,True,False,True,False,False,True,True,False,True,False,Cancel
27,25,219,174,1,4,3,1,True,True,False,False,False,True,False,False,False,True,True,False,False,True,False,False,True,False,False,False,False,True,False,True,True,Check-in
22,15,110,40,2,8,3,1,True,False,False,True,False,False,False,False,True,False,False,True,False,True,False,True,False,False,False,False,False,False,True,True,True,Cancel
23,0,246,212,2,3,3,1,False,True,False,False,False,False,False,False,False,True,False,True,False,False,False,True,False,True,True,False,False,False,True,True,False,No-show
56,15,242,190,3,6,3,1,True,True,False,False,False,True,False,True,False,False,True,False,False,True,False,False,True,False,False,False,False,True,False,False,True,No-show
40,10,162,146,1,4,3,1,True,False,False,True,False,False,False,True,False,False,True,False,False,False,True,True,False,False,False,False,False,True,False,True,True,No-show
22,25,227,151,2,4,3,1,True,False,False,True,True,False,False,False,True,False,False,True,False,True,False,True,False,False,False,False,False,True,False,True,True,No-show
26,25,193,53,2,8,3,1,False,False,False,True,False,False,False,False,True,False,False,False,True,False,True,False,True,True,True,False,False,False,True,False,True,Cancel
60,10,143,174,1,3,3,1,False,False,False,False,False,False,False,False,True,False,False,True,False,True,False,False,True,True,False,False,False,False,True,True,True,No-show
41,30,101,154,3,4,3,1,False,True,False,False,False,False,True,False,False,False,False,False,False,True,False,True,False,False,False,False,False,False,True,True,True,Cancel
32,5,240,96,1,5,3,1,False,False,False,True,True,False,False,False,True,False,False,False,False,False,True,False,False,False,False,False,False,False,True,True,True,Check-in
64,10,218,146,1,5,3,1,False,False,True,False,False,True,False,False,True,False,True,False,False,True,False,True,False,False,False,False,True,False,False,True,True,Cancel
34,10,173,146,2,3,3,1,False,True,False,False,False,True,False,False,True,False,False,False,True,False,False,False,False,False,False,False,False,False,False,True,True,Cancel
48,0,171,171,2,3,3,1,True,False,True,False,False,False,False,False,False,True,False,False,True,False,False,True,False,False,False,True,False,False,True,False,False,Check-in
67,0,168,106,2,4,3,1,False,False,False,True,False,True,False,True,False,False,True,False,False,True,False,True,False,False,False,False,False,False,True,True,False,Cancel
47,20,178,161,1,4,3,1,False,True,False,False,False,True,False,True,False,False,False,True,False,False,False,False,True,False,False,False,False,True,False,True,True,Cancel
25,40,191,59,1,2,3,1,False,True,False,False,False,False,False,True,False,False,False,True,False,True,False,False,True,True,True,False,False,False,True,False,True,Cancel
70,10,184,39,2,3,3,1,True,False,False,True,False,True,False,True,False,False,False,False,False,False,True,False,True,True,False,False,True,False,True,True,True,Cancel
31,10,101,121,1,4,3,1,True,True,False,False,False,False,True,True,False,False,True,False,False,False,False,True,False,True,False,False,False,False,True,True,True,No-show
23,20,168,68,1,5,3,1,False,False,True,False,False,False,True,False,True,False,True,False,False,True,False,True,False,False,False,False,False,False,True,True,True,No-show
52,20,204,12,1,8,3,1,True,False,False,True,False,True,False,False,False,False,False,False,False,False,True,False,True,False,False,False,False,False,True,True,True,No-show
68,30,166,149,2,4,3,1,False,False,True,False,True,False,False,False,True,False,False,False,False,True,False,True,False,False,False,False,False,False,True,True,True,Cancel
50,15,190,81,1,4,3,0,True,False,False,False,False,False,False,False,True,False,False,True,False,False,False,True,False,False,False,False,True,False,True,True,True,No-show
70,10,172,80,1,4,3,0,True,False,False,False,False,False,False,True,False,False,False,True,False,False,True,True,False,True,True,True,False,True,False,True,True,Check-in
61,0,109,219,1,4,3,0,False,False,False,False,False,False,False,False,True,False,True,False,False,False,True,False,True,False,False,False,False,True,False,True,False,Cancel
20,25,161,111,3,4,3,0,True,False,False,True,False,False,True,False,True,False,True,False,False,False,True,True,False,False,False,False,False,False,False,False,True,No-show
21,10,119,120,1,8,3,0,False,True,False,False,False,False,True,False,True,False,False,False,False,False,True,False,False,False,False,False,False,False,True,True,True,Cancel
49,5,232,0,2,5,3,0,True,True,False,False,True,False,False,False,False,False,False,False,True,False,True,False,False,True,False,True,False,True,False,True,True,Check-in
19,40,234,40,1,3,3,0,True,True,False,False,False,False,False,False,True,False,False,False,False,False,True,False,False,True,False,False,True,False,True,True,True,Check-in
35,25,140,117,2,4,3,0,True,False,False,False,False,False,False,False,False,False,False,True,False,True,False,False,False,False,False,False,False,False,False,True,True,Check-in
20,10,212,91,3,4,3,0,True,False,False,False,False,False,False,True,False,False,False,True,False,False,True,True,False,True,False,False,False,False,True,True,True,Cancel
61,25,226,133,1,3,3,0,True,False,True,False,False,False,True,True,False,False,False,False,False,False,True,False,True,False,False,False,False,False,True,True,True,No-show
52,20,134,93,4,2,3,0,False,False,False,False,False,True,False,False,False,True,False,True,False,True,False,True,False,False,False,True,False,False,True,False,True,Cancel
27,15,129,127,1,5,3,0,True,False,False,True,True,False,False,False,False,False,False,False,True,False,False,True,False,False,False,False,False,False,False,True,True,No-show
56,5,246,23,3,3,3,0,True,True,False,False,False,False,True,True,False,False,False,False,False,False,False,False,False,False,False,False,True,False,True,True,True,Check-in
62,25,126,36,2,3,3,0,True,False,False,False,False,False,True,True,False,False,False,True,False,False,False,False,True,False,False,False,False,True,False,False,True,Check-in
25,0,229,23,1,4,3,0,True,False,False,False,True,False,False,False,True,False,False,True,False,False,False,False,False,False,False,False,True,True,False,True,False,Check-in
28,20,210,133,2,5,3,0,True,False,True,False,False,False,False,False,False,True,False,False,False,True,False,False,True,False,False,False,True,False,True,False,True,Cancel
19,0,124,188,3,3,3,0,True,False,True,False,False,False,False,False,True,False,True,False,False,False,False,True,False,True,True,False,False,False,True,True,False,Check-in
42,10,194,47,1,3,3,0,True,True,False,False,False,False,False,True,False,False,False,False,False,False,False,False,False,False,False,False,False,True,False,False,True,Check-in
51,20,216,208,3,3,3,0,False,False,False,True,False,False,True,True,False,False,True,False,False,False,False,True,False,False,False,False,False,False,True,False,True,Cancel
36,0,172,143,3,5,3,0,True,True,False,False,False,True,False,False,False,False,True,False,False,False,True,False,True,False,False,False,False,False,True,False,False,Check-in
66,0,107,221,1,6,3,0,True,False,False,True,False,False,True,True,False,False,False,False,False,False,False,False,False,False,False,False,False,True,False,True,False,Cancel
69,15,116,204,2,5,3,0,True,True,False,False,True,False,False,False,True,False,False,True,False,False,True,False,True,False,False,False,True,True,False,True,True,Cancel
28,10,111,219,3,6,3,0,True,False,False,True,False,False,False,False,False,False,False,False,True,False,True,False,True,False,False,False,False,False,True,True,True,No-show
40,0,133,62,2,2,3,0,True,False,False,False,True,False,False,False,True,False,False,False,True,False,True,False,True,False,False,False,False,False,False,True,False,Check-in
63,10,196,201,1,2,3,0,False,True,False,False,False,False,True,True,False,False,True,False,False,False,True,True,False,False,False,False,True,False,True,True,True,Check-in
36,0,234,201,1,3,3,0,False,True,False,False,False,False,False,True,False,False,True,False,False,True,False,True,False,True,False,False,False,False,True,True,False,No-show
65,5,165,167,4,4,3,0,False,False,False,False,False,False,False,False,False,True,False,False,False,True,False,False,False,True,False,False,False,True,False,True,True,Cancel
66,25,232,1,2,5,3,0,True,False,False,True,False,False,True,False,False,False,False,True,False,False,False,True,False,False,False,False,False,False,False,True,True,No-show
45,0,208,103,1,6,3,0,True,False,True,False,False,False,False,False,False,False,True,False,False,False,False,True,False,False,False,False,True,False,False,True,False,Cancel
22,20,211,213,1,6,3,0,False,False,True,False,False,False,True,True,False,False,False,False,True,False,True,True,False,False,False,False,True,False,True,True,True,Check-in
26,25,167,203,1,5,3,0,True,False,True,False,True,False,False,False,True,False,False,True,False,False,True,False,False,True,False,False,False,False,True,False,True,Check-in
52,10,175,58,1,5,3,0,False,False,False,False,False,False,True,False,False,False,False,True,False,False,False,True,False,True,True,False,False,False,True,True,True,No-show
69,0,196,137,1,3,3,0,True,False,False,False,False,False,False,False,False,False,False,False,True,False,True,False,False,False,False,False,False,False,True,False,False,Check-in
68,25,208,16,2,2,3,0,True,True,False,False,True,False,False,False,True,False,False,True,False,False,False,True,False,True,True,False,False,False,False,True,True,Cancel
50,40,188,198,3,5,3,0,True,True,False,False,False,False,True,False,False,False,True,False,False,False,True,False,False,False,False,False,True,True,False,False,True,Cancel
47,5,102,211,1,3,3,0,False,True,False,False,False,False,True,False,True,False,False,True,False,False,True,True,False,True,False,False,False,False,False,True,True,Cancel
21,0,188,166,1,4,3,0,False,False,False,False,False,False,False,False,False,True,False,False,True,False,False,True,False,False,False,False,False,False,True,True,False,No-show
34,0,134,211,1,7,3,0,True,False,True,False,True,False,False,False,True,False,False,False,False,False,False,False,False,True,True,True,False,True,False,True,False,Check-in
66,10,165,89,1,6,3,0,False,False,True,False,True,False,False,False,False,False,False,True,False,False,False,False,True,False,False,False,False,False,True,True,True,Cancel
48,0,205,151,1,3,3,0,False,False,True,False,False,False,False,True,False,False,False,False,False,False,False,False,False,False,False,True,False,False,True,False,False,Check-in
53,0,127,217,2,7,3,0,True,False,False,False,False,False,False,False,True,False,False,False,False,False,False,False,True,False,False,False,False,False,True,True,False,Check-in
70,5,121,165,4,5,3,0,False,True,False,False,False,False,True,False,False,False,False,False,False,True,False,False,True,False,False,False,False,False,True,True,True,Cancel
39,10,111,204,2,5,3,0,True,False,True,False,False,False,False,True,False,False,False,True,False,False,True,False,True,False,False,False,False,False,False,False,True,Cancel
30,0,208,16,1,3,3,0,True,False,True,False,False,False,True,False,True,False,False,False,False,False,True,True,False,True,False,False,False,False,True,True,False,Cancel
21,20,128,210,3,4,3,0,False,False,False,False,False,False,True,False,True,False,False,True,False,True,False,True,False,False,False,True,False,False,True,False,True,No-show
41,0,218,124,1,4,3,0,False,True,False,False,False,False,True,False,True,False,False,False,False,False,False,False,True,False,False,True,False,True,False,False,False,Check-in
65,10,198,120,1,4,3,0,True,False,False,False,False,True,False,False,True,False,False,True,False,False,True,False,True,False,False,True,False,True,False,False,True,Cancel
24,10,171,134,2,2,3,0,False,True,False,False,False,False,False,False,True,False,False,True,False,True,False,True,False,True,True,False,False,False,True,True,True,No-show
48,20,232,5,1,3,3,0,False,False,False,True,False,False,True,False,True,False,False,False,False,True,False,False,False,False,False,False,True,False,True,True,True,Check-in
43,0,249,86,1,3,3,0,True,False,False,True,False,True,False,False,False,False,False,True,False,False,True,False,True,True,True,False,False,False,True,True,False,No-show
21,20,106,34,1,4,3,0,True,False,True,False,False,False,False,False,True,False,True,False,False,False,True,False,False,False,False,False,True,False,True,True,True,Cancel
27,5,195,92,1,4,3,0,True,False,False,True,False,False,True,True,False,False,False,True,False,True,False,False,True,True,False,True,False,False,True,True,True,No-show
39,15,100,140,4,3,3,0,True,True,False,False,False,False,True,False,False,True,False,False,False,False,True,False,False,False,False,False,False,True,False,True,True,Check-in
46,30,226,31,2,3,3,0,False,False,False,False,True,False,False,True,False,False,False,True,False,True,False,True,False,True,False,False,True,False,True,False,True,Cancel
44,0,232,155,1,4,3,0,False,False,True,False,False,False,False,False,True,False,False,False,True,True,False,False,False,False,False,False,True,False,True,True,False,Cancel
31,20,227,8,1,7,3,0,True,False,True,False,False,False,True,False,False,False,False,False,True,True,False,False,True,True,True,False,False,False,True,False,True,Cancel
69,5,140,116,1,3,3,0,False,False,False,False,False,False,False,False,False,False,False,False,False,False,True,False,False,True,True,False,False,True,False,True,True,Check-in
34,0,184,147,1,3,3,0,True,False,False,True,False,True,False,False,False,False,False,True,False,False,True,False,True,True,False,True,False,False,True,True,False,No-show
23,20,159,78,1,3,3,0,False,True,False,False,False,False,True,True,False,False,False,False,False,False,False,False,False,False,False,False,False,False,True,True,True,No-show
59,40,135,143,1,4,3,0,False,False,False,False,False,True,False,False,False,False,False,False,False,True,False,True,False,False,False,False,False,True,False,True,True,Cancel
56,15,136,126,2,4,3,0,True,False,False,False,True,False,False,True,False,False,False,True,False,True,False,False,False,False,False,True,False,False,False,False,True,Cancel
29,25,191,61,1,2,3,0,False,False,False,True,False,False,True,False,False,False,False,True,False,False,False,False,True,True,True,False,False,False,True,True,True,No-show
31,5,126,167,1,4,3,0,False,False,False,False,False,False,True,False,False,False,False,False,True,True,False,False,True,False,False,True,False,False,True,True,True,No-show
38,5,210,215,1,4,3,0,True,False,False,False,False,False,True,True,False,False,False,True,False,False,False,False,False,True,True,False,True,False,True,True,True,Check-in
28,20,206,143,1,2,3,0,False,False,False,True,False,False,False,True,False,False,True,False,False,False,False,False,False,True,False,True,False,True,False,True,True,No-show
35,10,111,15,1,5,3,0,False,False,False,True,False,True,False,True,False,False,False,True,False,True,False,True,False,True,True,False,False,True,False,True,True,No-show
33,10,168,76,1,6,3,0,True,False,True,False,True,False,False,False,False,False,False,False,False,True,False,True,False,True,False,False,False,False,True,True,True,Cancel
62,20,161,146,1,6,3,0,False,False,False,False,False,False,False,False,True,False,False,True,False,True,False,True,False,False,False,False,False,False,True,True,True,Cancel
50,10,175,194,2,4,3,0,False,False,True,False,False,False,False,False,False,False,False,False,False,True,False,False,True,True,False,False,False,False,True,False,True,No-show
68,10,117,193,1,4,3,0,False,True,False,False,False,True,False,False,True,False,True,False,False,False,False,False,True,False,False,False,False,False,False,True,True,Check-in
53,0,153,199,1,6,3,0,True,False,False,True,False,False,False,True,False,False,False,True,False,False,True,True,False,True,False,True,False,False,True,True,False,No-show
63,40,233,47,3,6,3,0,False,False,True,False,False,False,False,True,False,False,False,True,False,False,True,False,True,False,False,False,True,False,False,True,True,Check-in
59,0,242,215,1,5,3,0,False,False,True,False,True,False,False,False,True,False,False,False,False,False,False,True,False,False,False,False,False,True,False,True,False,Cancel
43,0,208,25,1,6,3,0,True,False,False,False,False,False,False,False,False,False,False,False,True,False,True,False,False,False,False,False,False,False,True,True,False,No-show
33,20,213,0,1,5,3,0,False,False,False,False,False,False,True,True,False,False,True,False,False,True,False,False,True,True,False,False,False,False,False,True,True,Check-in
